case_count,ci95_high,ci95_low,comparison,mean_paired_difference,metric
37,0.0,-0.08108108108108109,hpid_split_group_ids_minus_raw_proposals,-0.02702702702702703,query_resolved
37,0.2972972972972973,0.02702702702702703,hpid_split_group_ids_minus_raw_proposals,0.16216216216216217,query_unique
37,-0.1891891891891892,-0.8648648648648649,hpid_split_group_ids_minus_raw_proposals,-0.4864864864864865,query_match_count
37,-0.7567567567567568,-2.5405405405405403,hpid_split_group_ids_minus_raw_proposals,-1.6216216216216217,review_option_count
37,0.05748471003619859,-0.022310628549471592,hpid_split_group_ids_minus_raw_proposals,0.01631010067508315,selected_part_iou
37,0.10810810810810811,-0.10810810810810811,hpid_split_group_ids_minus_raw_proposals,0.0,semantic_target_hit_at_025
37,0.0224589061845869,-0.20070861218083558,hpid_split_group_ids_minus_raw_proposals,-0.08541843547570305,completion_request_recall
37,0.05405405405405406,-0.10810810810810811,hpid_split_group_ids_minus_raw_proposals,-0.02702702702702703,completion_request_precision
37,0.0,0.0,hpid_split_group_ids_minus_raw_proposals,0.0,visible_lock_exact
37,0.0,0.0,hpid_split_group_ids_minus_raw_proposals,0.0,changed_outside_request_fraction
37,6.192867743163496,-0.3924357114611445,hpid_split_group_ids_minus_raw_proposals,2.6317443783218795,hidden_region_mae
37,0.015262537401812179,-1.6322432704575072,hpid_split_group_ids_minus_raw_proposals,-0.7430670626198396,hidden_region_psnr
37,0.10810810810810811,-0.10810810810810811,hpid_split_group_ids_minus_raw_proposals,0.0,repeat_completion_exact
37,0.0,-0.08108108108108109,hpid_split_group_ids_minus_raw_proposals,-0.02702702702702703,process_rerun_identity_exact
37,0.0,-0.08108108108108109,hpid_split_group_ids_minus_raw_proposals,-0.02702702702702703,process_rerun_mask_iou
37,0.08349442094099561,-0.3262613561473601,hpid_split_group_ids_minus_raw_proposals,-0.09712846216280013,runtime_seconds
37,0.24324324324324326,0.02702702702702703,hpid_split_group_ids_minus_greedy_nms,0.13513513513513514,query_resolved
37,0.32432432432432434,0.08108108108108109,hpid_split_group_ids_minus_greedy_nms,0.1891891891891892,query_unique
37,0.1891891891891892,-0.08108108108108109,hpid_split_group_ids_minus_greedy_nms,0.05405405405405406,query_match_count
37,-0.7297297297297297,-2.945945945945946,hpid_split_group_ids_minus_greedy_nms,-1.7297297297297298,review_option_count
37,0.09812522216373966,-0.002910778388428631,hpid_split_group_ids_minus_greedy_nms,0.04489897058040552,selected_part_iou
37,0.21621621621621623,0.02702702702702703,hpid_split_group_ids_minus_greedy_nms,0.10810810810810811,semantic_target_hit_at_025
37,0.14824974542115732,-0.09630758046523025,hpid_split_group_ids_minus_greedy_nms,0.023102728493046804,completion_request_recall
37,0.1891891891891892,-0.08108108108108109,hpid_split_group_ids_minus_greedy_nms,0.05405405405405406,completion_request_precision
37,0.0,0.0,hpid_split_group_ids_minus_greedy_nms,0.0,visible_lock_exact
37,0.0,0.0,hpid_split_group_ids_minus_greedy_nms,0.0,changed_outside_request_fraction
37,4.577719942299095,-1.7949706531859733,hpid_split_group_ids_minus_greedy_nms,1.1712377715755153,hidden_region_mae
37,0.23997892849390554,-1.2720930199215539,hpid_split_group_ids_minus_greedy_nms,-0.4312065861834449,hidden_region_psnr
37,0.0,-0.13513513513513514,hpid_split_group_ids_minus_greedy_nms,-0.05405405405405406,repeat_completion_exact
37,0.24324324324324326,0.02702702702702703,hpid_split_group_ids_minus_greedy_nms,0.13513513513513514,process_rerun_identity_exact
37,0.24324324324324326,0.02702702702702703,hpid_split_group_ids_minus_greedy_nms,0.13513513513513514,process_rerun_mask_iou
37,0.1355806972339082,-0.005262681149533081,hpid_split_group_ids_minus_greedy_nms,0.043322343243965625,runtime_seconds
37,0.08108108108108109,-0.08108108108108109,hpid_split_group_ids_minus_dbscan_fusion,0.0,query_resolved
37,0.13513513513513514,-0.05405405405405406,hpid_split_group_ids_minus_dbscan_fusion,0.02702702702702703,query_unique
37,0.08108108108108109,-0.13513513513513514,hpid_split_group_ids_minus_dbscan_fusion,-0.02702702702702703,query_match_count
37,-0.08108108108108109,-1.5675675675675675,hpid_split_group_ids_minus_dbscan_fusion,-0.7567567567567568,review_option_count
37,0.057352680292884636,-0.02606937818628926,hpid_split_group_ids_minus_dbscan_fusion,0.014179111280915247,selected_part_iou
37,0.08108108108108109,-0.08108108108108109,hpid_split_group_ids_minus_dbscan_fusion,0.0,semantic_target_hit_at_025
37,0.1217896953434751,-0.08910719249363355,hpid_split_group_ids_minus_dbscan_fusion,0.01688790138993034,completion_request_recall
37,0.10810810810810811,-0.05405405405405406,hpid_split_group_ids_minus_dbscan_fusion,0.02702702702702703,completion_request_precision
37,0.0,0.0,hpid_split_group_ids_minus_dbscan_fusion,0.0,visible_lock_exact
37,0.0,0.0,hpid_split_group_ids_minus_dbscan_fusion,0.0,changed_outside_request_fraction
37,2.100266169374053,-2.2875839478260764,hpid_split_group_ids_minus_dbscan_fusion,0.02252030372619629,hidden_region_mae
37,0.32606238671537324,-1.1415241758704706,hpid_split_group_ids_minus_dbscan_fusion,-0.30161953461957597,hidden_region_psnr
37,0.0,-0.13513513513513514,hpid_split_group_ids_minus_dbscan_fusion,-0.05405405405405406,repeat_completion_exact
37,0.08108108108108109,-0.08108108108108109,hpid_split_group_ids_minus_dbscan_fusion,0.0,process_rerun_identity_exact
37,0.08108108108108109,-0.08108108108108109,hpid_split_group_ids_minus_dbscan_fusion,0.0,process_rerun_mask_iou
37,0.13260656560860049,-0.005008577559468953,hpid_split_group_ids_minus_dbscan_fusion,0.04258881081556398,runtime_seconds
37,0.1891891891891892,-0.02702702702702703,hpid_split_group_ids_minus_local_pairwise_crf,0.08108108108108109,query_resolved
37,0.4864864864864865,0.10810810810810811,hpid_split_group_ids_minus_local_pairwise_crf,0.2972972972972973,query_unique
37,0.0,-0.6756756756756757,hpid_split_group_ids_minus_local_pairwise_crf,-0.32432432432432434,query_match_count
37,-1.027027027027027,-3.7027027027027026,hpid_split_group_ids_minus_local_pairwise_crf,-2.27027027027027,review_option_count
37,0.07720394589931581,-0.012531225624386423,hpid_split_group_ids_minus_local_pairwise_crf,0.029976781448318692,selected_part_iou
37,0.13513513513513514,0.0,hpid_split_group_ids_minus_local_pairwise_crf,0.05405405405405406,semantic_target_hit_at_025
37,0.14607255272702643,-0.07786920451803178,hpid_split_group_ids_minus_local_pairwise_crf,0.03493077134571053,completion_request_recall
37,0.24324324324324326,-0.02702702702702703,hpid_split_group_ids_minus_local_pairwise_crf,0.10810810810810811,completion_request_precision
37,0.0,0.0,hpid_split_group_ids_minus_local_pairwise_crf,0.0,visible_lock_exact
37,0.0,0.0,hpid_split_group_ids_minus_local_pairwise_crf,0.0,changed_outside_request_fraction
37,2.108565504969777,-2.321138087962125,hpid_split_group_ids_minus_local_pairwise_crf,-0.050681468602773304,hidden_region_mae
37,0.3274267194259516,-0.961243274011756,hpid_split_group_ids_minus_local_pairwise_crf,-0.2171901148418267,hidden_region_psnr
37,0.0,-0.13513513513513514,hpid_split_group_ids_minus_local_pairwise_crf,-0.05405405405405406,repeat_completion_exact
37,0.1891891891891892,-0.02702702702702703,hpid_split_group_ids_minus_local_pairwise_crf,0.08108108108108109,process_rerun_identity_exact
37,0.1891891891891892,-0.02702702702702703,hpid_split_group_ids_minus_local_pairwise_crf,0.08108108108108109,process_rerun_mask_iou
37,0.13869731263709853,-5.1368096673458376e-05,hpid_split_group_ids_minus_local_pairwise_crf,0.04807412432903122,runtime_seconds
