case_id,domain,delta_psnr,delta_request_recall,raw_request_recall,hpid_request_recall
cellular_telephone__u01,device,0.0,0.0,0.0,0.0
laptop_computer__u01,device,0.4270512386607237,-0.1429083094555874,1.0,0.8570916905444126
television_set__u01,device,0.0,0.0,0.0,0.0
remote_control__u01,device,0.3237452754629828,0.9688715953307393,0.0,0.9688715953307393
calculator__u01,device,2.973794916589208,0.42888283378746594,0.5029972752043597,0.9318801089918256
telephone__u01,device,0.0,0.0,0.0,0.0
clock__u01,device,-7.9989042811226465,-0.6342173350582148,1.0,0.36578266494178524
watch__u01,device,1.1844035954371108,-0.7707736389684814,0.9541547277936963,0.1833810888252149
chair__u01,furniture,0.0,0.0,0.0,0.0
bench__u01,furniture,-0.02462893729743243,0.012201321809862775,0.9339095068632435,0.9461108286731063
stool__u01,furniture,0.0,0.0,0.0,0.0
table__u01,furniture,0.0,0.0,0.0,0.0
bottle__u01,container,0.0,0.0,0.0,0.0
jar__u01,container,0.0,0.0,0.0,0.0
can__u01,container,-6.375026132526308,-0.6898047722342734,0.735357917570499,0.0455531453362256
cup__u01,container,0.0,0.0,0.0,0.0
mug__u01,container,-10.750624320275527,-0.1341614906832298,1.0,0.8658385093167702
glass_drink_container__u01,container,0.0,0.0,0.0,0.0
bowl__u01,container,0.0,0.0,1.0,1.0
handbag__u01,container,0.0,0.0,1.0,1.0
plastic_bag__u01,container,0.0,0.0,0.0,0.0
box__u01,container,-2.8779033897455744,-0.9077441077441077,0.9077441077441077,0.0
car_automobile__u01,vehicle,0.0,0.0,0.5911330049261084,0.5911330049261084
bicycle__u01,vehicle,-2.442457462944663,-0.9892785347330801,0.9892785347330801,0.0
car_automobile__u02,vehicle,0.402965156244786,0.07738095238095238,0.4226190476190476,0.5
bicycle__u02,vehicle,0.0,0.0,0.0,0.0
helmet__u01,daily_object,0.0,0.0,0.0,0.0
shoe__u01,daily_object,-4.959952144896695,-0.2915601023017903,1.0,0.7084398976982097
slipper_footwear__u01,daily_object,0.0,0.0,0.0,0.0
screwdriver__u01,tool_prop,0.254080104740142,0.10416666666666667,0.07291666666666667,0.17708333333333334
wrench__u01,tool_prop,0.0,0.0,1.0,1.0
knife__u01,tool_prop,0.0,0.0,1.0,1.0
scissors__u01,tool_prop,-0.14726602702471503,-0.05980066445182724,0.07807308970099668,0.018272425249169437
pliers__u01,tool_prop,0.0,0.0,0.0,0.0
ladder__u01,tool_prop,0.0,0.0,0.0,0.0
guitar__u01,tool_prop,2.5172410917645465,-0.1317365269461077,0.9101796407185628,0.7784431137724551
pan_for_cooking__u01,tool_prop,0.0,0.0,0.0,0.0
