threshold,cohort,method,stratifier,label,eligible_cases,macro
0.25,common_three,hpid_split_a3,domain,container,34,0.9389978213507626
0.25,common_three,hpid_split_a3,domain,daily_object,7,0.9523809523809523
0.25,common_three,hpid_split_a3,domain,device,29,0.950191570881226
0.25,common_three,hpid_split_a3,domain,furniture,4,0.9722222222222222
0.25,common_three,hpid_split_a3,domain,tool_prop,10,0.9277777777777778
0.25,common_three,hpid_split_a3,domain,vehicle,6,0.8796296296296298
0.25,common_three,hpid_split_a3,category,basket,1,0.8888888888888888
0.25,common_three,hpid_split_a3,category,belt,0,
0.25,common_three,hpid_split_a3,category,bench,1,1.0
0.25,common_three,hpid_split_a3,category,bicycle,2,0.8055555555555556
0.25,common_three,hpid_split_a3,category,blender,2,0.9444444444444444
0.25,common_three,hpid_split_a3,category,book,2,0.8888888888888888
0.25,common_three,hpid_split_a3,category,bottle,4,0.9583333333333333
0.25,common_three,hpid_split_a3,category,bowl,1,1.0
0.25,common_three,hpid_split_a3,category,box,1,0.6666666666666666
0.25,common_three,hpid_split_a3,category,broom,2,0.8333333333333333
0.25,common_three,hpid_split_a3,category,bucket,2,1.0
0.25,common_three,hpid_split_a3,category,calculator,1,1.0
0.25,common_three,hpid_split_a3,category,can,3,0.9629629629629629
0.25,common_three,hpid_split_a3,category,car_(automobile),4,0.9166666666666666
0.25,common_three,hpid_split_a3,category,carton,1,1.0
0.25,common_three,hpid_split_a3,category,cellular_telephone,3,1.0
0.25,common_three,hpid_split_a3,category,chair,2,0.9444444444444444
0.25,common_three,hpid_split_a3,category,clock,2,1.0
0.25,common_three,hpid_split_a3,category,crate,1,1.0
0.25,common_three,hpid_split_a3,category,cup,2,0.8888888888888888
0.25,common_three,hpid_split_a3,category,earphone,3,0.9259259259259259
0.25,common_three,hpid_split_a3,category,fan,3,0.9074074074074074
0.25,common_three,hpid_split_a3,category,glass_(drink_container),2,0.9722222222222222
0.25,common_three,hpid_split_a3,category,guitar,3,0.8888888888888888
0.25,common_three,hpid_split_a3,category,hammer,0,
0.25,common_three,hpid_split_a3,category,handbag,1,1.0
0.25,common_three,hpid_split_a3,category,hat,1,1.0
0.25,common_three,hpid_split_a3,category,helmet,1,1.0
0.25,common_three,hpid_split_a3,category,jar,3,1.0
0.25,common_three,hpid_split_a3,category,kettle,3,1.0
0.25,common_three,hpid_split_a3,category,knife,1,1.0
0.25,common_three,hpid_split_a3,category,ladder,0,
0.25,common_three,hpid_split_a3,category,lamp,2,0.8055555555555556
0.25,common_three,hpid_split_a3,category,laptop_computer,4,0.9166666666666666
0.25,common_three,hpid_split_a3,category,microwave_oven,1,0.8888888888888888
0.25,common_three,hpid_split_a3,category,mouse_(computer_equipment),3,1.0
0.25,common_three,hpid_split_a3,category,mug,4,0.9537037037037037
0.25,common_three,hpid_split_a3,category,pan_(for_cooking),0,
0.25,common_three,hpid_split_a3,category,pen,0,
0.25,common_three,hpid_split_a3,category,plastic_bag,2,0.8333333333333333
0.25,common_three,hpid_split_a3,category,plate,0,
0.25,common_three,hpid_split_a3,category,remote_control,0,
0.25,common_three,hpid_split_a3,category,scarf,1,1.0
0.25,common_three,hpid_split_a3,category,scissors,2,0.9722222222222222
0.25,common_three,hpid_split_a3,category,screwdriver,0,
0.25,common_three,hpid_split_a3,category,shoe,0,
0.25,common_three,hpid_split_a3,category,slipper_(footwear),0,
0.25,common_three,hpid_split_a3,category,soap,1,0.8888888888888888
0.25,common_three,hpid_split_a3,category,spoon,2,1.0
0.25,common_three,hpid_split_a3,category,stool,0,
0.25,common_three,hpid_split_a3,category,sweater,0,
0.25,common_three,hpid_split_a3,category,table,1,1.0
0.25,common_three,hpid_split_a3,category,telephone,1,1.0
0.25,common_three,hpid_split_a3,category,television_set,0,
0.25,common_three,hpid_split_a3,category,towel,0,
0.25,common_three,hpid_split_a3,category,trash_can,3,0.8148148148148149
0.25,common_three,hpid_split_a3,category,tray,0,
0.25,common_three,hpid_split_a3,category,vase,3,1.0
0.25,common_three,hpid_split_a3,category,wallet,1,1.0
0.25,common_three,hpid_split_a3,category,watch,1,1.0
0.25,common_three,dbscan_fusion,domain,container,34,0.9689542483660131
0.25,common_three,dbscan_fusion,domain,daily_object,7,0.9682539682539683
0.25,common_three,dbscan_fusion,domain,device,29,0.9661558109833972
0.25,common_three,dbscan_fusion,domain,furniture,4,0.9444444444444444
0.25,common_three,dbscan_fusion,domain,tool_prop,10,0.9555555555555555
0.25,common_three,dbscan_fusion,domain,vehicle,6,0.888888888888889
0.25,common_three,dbscan_fusion,category,basket,1,1.0
0.25,common_three,dbscan_fusion,category,belt,0,
0.25,common_three,dbscan_fusion,category,bench,1,0.8888888888888888
0.25,common_three,dbscan_fusion,category,bicycle,2,0.8055555555555556
0.25,common_three,dbscan_fusion,category,blender,2,0.9444444444444444
0.25,common_three,dbscan_fusion,category,book,2,0.8888888888888888
0.25,common_three,dbscan_fusion,category,bottle,4,1.0
0.25,common_three,dbscan_fusion,category,bowl,1,1.0
0.25,common_three,dbscan_fusion,category,box,1,0.8888888888888888
0.25,common_three,dbscan_fusion,category,broom,2,0.9444444444444444
0.25,common_three,dbscan_fusion,category,bucket,2,1.0
0.25,common_three,dbscan_fusion,category,calculator,1,1.0
0.25,common_three,dbscan_fusion,category,can,3,0.9629629629629629
0.25,common_three,dbscan_fusion,category,car_(automobile),4,0.9305555555555555
0.25,common_three,dbscan_fusion,category,carton,1,1.0
0.25,common_three,dbscan_fusion,category,cellular_telephone,3,1.0
0.25,common_three,dbscan_fusion,category,chair,2,0.9444444444444444
0.25,common_three,dbscan_fusion,category,clock,2,1.0
0.25,common_three,dbscan_fusion,category,crate,1,1.0
0.25,common_three,dbscan_fusion,category,cup,2,1.0
0.25,common_three,dbscan_fusion,category,earphone,3,0.9259259259259259
0.25,common_three,dbscan_fusion,category,fan,3,0.8888888888888888
0.25,common_three,dbscan_fusion,category,glass_(drink_container),2,1.0
0.25,common_three,dbscan_fusion,category,guitar,3,0.8888888888888888
0.25,common_three,dbscan_fusion,category,hammer,0,
0.25,common_three,dbscan_fusion,category,handbag,1,1.0
0.25,common_three,dbscan_fusion,category,hat,1,1.0
0.25,common_three,dbscan_fusion,category,helmet,1,1.0
0.25,common_three,dbscan_fusion,category,jar,3,0.9629629629629629
0.25,common_three,dbscan_fusion,category,kettle,3,0.9876543209876543
0.25,common_three,dbscan_fusion,category,knife,1,1.0
0.25,common_three,dbscan_fusion,category,ladder,0,
0.25,common_three,dbscan_fusion,category,lamp,2,0.9166666666666667
0.25,common_three,dbscan_fusion,category,laptop_computer,4,1.0
0.25,common_three,dbscan_fusion,category,microwave_oven,1,1.0
0.25,common_three,dbscan_fusion,category,mouse_(computer_equipment),3,1.0
0.25,common_three,dbscan_fusion,category,mug,4,0.9583333333333334
0.25,common_three,dbscan_fusion,category,pan_(for_cooking),0,
0.25,common_three,dbscan_fusion,category,pen,0,
0.25,common_three,dbscan_fusion,category,plastic_bag,2,0.9444444444444444
0.25,common_three,dbscan_fusion,category,plate,0,
0.25,common_three,dbscan_fusion,category,remote_control,0,
0.25,common_three,dbscan_fusion,category,scarf,1,1.0
0.25,common_three,dbscan_fusion,category,scissors,2,1.0
0.25,common_three,dbscan_fusion,category,screwdriver,0,
0.25,common_three,dbscan_fusion,category,shoe,0,
0.25,common_three,dbscan_fusion,category,slipper_(footwear),0,
0.25,common_three,dbscan_fusion,category,soap,1,1.0
0.25,common_three,dbscan_fusion,category,spoon,2,1.0
0.25,common_three,dbscan_fusion,category,stool,0,
0.25,common_three,dbscan_fusion,category,sweater,0,
0.25,common_three,dbscan_fusion,category,table,1,1.0
0.25,common_three,dbscan_fusion,category,telephone,1,0.8888888888888888
0.25,common_three,dbscan_fusion,category,television_set,0,
0.25,common_three,dbscan_fusion,category,towel,0,
0.25,common_three,dbscan_fusion,category,trash_can,3,1.0
0.25,common_three,dbscan_fusion,category,tray,0,
0.25,common_three,dbscan_fusion,category,vase,3,0.8518518518518517
0.25,common_three,dbscan_fusion,category,wallet,1,1.0
0.25,common_three,dbscan_fusion,category,watch,1,1.0
0.25,common_three,greedy_nms,domain,container,34,0.9428104575163397
0.25,common_three,greedy_nms,domain,daily_object,7,0.9523809523809523
0.25,common_three,greedy_nms,domain,device,29,0.9540229885057472
0.25,common_three,greedy_nms,domain,furniture,4,0.8888888888888888
0.25,common_three,greedy_nms,domain,tool_prop,10,0.9333333333333332
0.25,common_three,greedy_nms,domain,vehicle,6,0.8842592592592594
0.25,common_three,greedy_nms,category,basket,1,1.0
0.25,common_three,greedy_nms,category,belt,0,
0.25,common_three,greedy_nms,category,bench,1,0.7777777777777778
0.25,common_three,greedy_nms,category,bicycle,2,0.8055555555555556
0.25,common_three,greedy_nms,category,blender,2,0.9444444444444444
0.25,common_three,greedy_nms,category,book,2,0.8333333333333333
0.25,common_three,greedy_nms,category,bottle,4,0.875
0.25,common_three,greedy_nms,category,bowl,1,1.0
0.25,common_three,greedy_nms,category,box,1,1.0
0.25,common_three,greedy_nms,category,broom,2,0.9444444444444444
0.25,common_three,greedy_nms,category,bucket,2,1.0
0.25,common_three,greedy_nms,category,calculator,1,1.0
0.25,common_three,greedy_nms,category,can,3,0.8888888888888888
0.25,common_three,greedy_nms,category,car_(automobile),4,0.923611111111111
0.25,common_three,greedy_nms,category,carton,1,1.0
0.25,common_three,greedy_nms,category,cellular_telephone,3,1.0
0.25,common_three,greedy_nms,category,chair,2,0.9444444444444444
0.25,common_three,greedy_nms,category,clock,2,1.0
0.25,common_three,greedy_nms,category,crate,1,0.7777777777777778
0.25,common_three,greedy_nms,category,cup,2,1.0
0.25,common_three,greedy_nms,category,earphone,3,0.8518518518518517
0.25,common_three,greedy_nms,category,fan,3,0.8888888888888888
0.25,common_three,greedy_nms,category,glass_(drink_container),2,1.0
0.25,common_three,greedy_nms,category,guitar,3,0.8888888888888888
0.25,common_three,greedy_nms,category,hammer,0,
0.25,common_three,greedy_nms,category,handbag,1,1.0
0.25,common_three,greedy_nms,category,hat,1,1.0
0.25,common_three,greedy_nms,category,helmet,1,1.0
0.25,common_three,greedy_nms,category,jar,3,0.9629629629629629
0.25,common_three,greedy_nms,category,kettle,3,0.9629629629629629
0.25,common_three,greedy_nms,category,knife,1,1.0
0.25,common_three,greedy_nms,category,ladder,0,
0.25,common_three,greedy_nms,category,lamp,2,0.9166666666666667
0.25,common_three,greedy_nms,category,laptop_computer,4,1.0
0.25,common_three,greedy_nms,category,microwave_oven,1,0.9444444444444444
0.25,common_three,greedy_nms,category,mouse_(computer_equipment),3,1.0
0.25,common_three,greedy_nms,category,mug,4,0.9583333333333334
0.25,common_three,greedy_nms,category,pan_(for_cooking),0,
0.25,common_three,greedy_nms,category,pen,0,
0.25,common_three,greedy_nms,category,plastic_bag,2,0.9444444444444444
0.25,common_three,greedy_nms,category,plate,0,
0.25,common_three,greedy_nms,category,remote_control,0,
0.25,common_three,greedy_nms,category,scarf,1,1.0
0.25,common_three,greedy_nms,category,scissors,2,0.8888888888888888
0.25,common_three,greedy_nms,category,screwdriver,0,
0.25,common_three,greedy_nms,category,shoe,0,
0.25,common_three,greedy_nms,category,slipper_(footwear),0,
0.25,common_three,greedy_nms,category,soap,1,1.0
0.25,common_three,greedy_nms,category,spoon,2,1.0
0.25,common_three,greedy_nms,category,stool,0,
0.25,common_three,greedy_nms,category,sweater,0,
0.25,common_three,greedy_nms,category,table,1,0.8888888888888888
0.25,common_three,greedy_nms,category,telephone,1,0.8888888888888888
0.25,common_three,greedy_nms,category,television_set,0,
0.25,common_three,greedy_nms,category,towel,0,
0.25,common_three,greedy_nms,category,trash_can,3,1.0
0.25,common_three,greedy_nms,category,tray,0,
0.25,common_three,greedy_nms,category,vase,3,0.8333333333333334
0.25,common_three,greedy_nms,category,wallet,1,1.0
0.25,common_three,greedy_nms,category,watch,1,1.0
0.25,all_gt,hpid_split_a3,domain,container,72,0.16226851851851853
0.25,all_gt,hpid_split_a3,domain,daily_object,40,0.09259259259259259
0.25,all_gt,hpid_split_a3,domain,device,59,0.20346157295309836
0.25,all_gt,hpid_split_a3,domain,furniture,16,0.09239417989417989
0.25,all_gt,hpid_split_a3,domain,tool_prop,31,0.11394862604540024
0.25,all_gt,hpid_split_a3,domain,vehicle,8,0.160505174291939
0.25,all_gt,hpid_split_a3,category,basket,4,0.05555555555555555
0.25,all_gt,hpid_split_a3,category,belt,4,0.0
0.25,all_gt,hpid_split_a3,category,bench,4,0.05
0.25,all_gt,hpid_split_a3,category,bicycle,4,0.08796296296296297
0.25,all_gt,hpid_split_a3,category,blender,4,0.2533068783068783
0.25,all_gt,hpid_split_a3,category,book,4,0.2222222222222222
0.25,all_gt,hpid_split_a3,category,bottle,4,0.28240740740740744
0.25,all_gt,hpid_split_a3,category,bowl,4,0.0625
0.25,all_gt,hpid_split_a3,category,box,4,0.041666666666666664
0.25,all_gt,hpid_split_a3,category,broom,3,0.16358024691358022
0.25,all_gt,hpid_split_a3,category,bucket,4,0.13333333333333336
0.25,all_gt,hpid_split_a3,category,calculator,3,0.16666666666666666
0.25,all_gt,hpid_split_a3,category,can,4,0.33564814814814814
0.25,all_gt,hpid_split_a3,category,car_(automobile),4,0.23304738562091504
0.25,all_gt,hpid_split_a3,category,carton,4,0.24305555555555555
0.25,all_gt,hpid_split_a3,category,cellular_telephone,4,0.4236111111111111
0.25,all_gt,hpid_split_a3,category,chair,4,0.15476190476190477
0.25,all_gt,hpid_split_a3,category,clock,4,0.3611111111111111
0.25,all_gt,hpid_split_a3,category,crate,4,0.08333333333333333
0.25,all_gt,hpid_split_a3,category,cup,4,0.14814814814814814
0.25,all_gt,hpid_split_a3,category,earphone,4,0.2523148148148148
0.25,all_gt,hpid_split_a3,category,fan,4,0.2277777777777778
0.25,all_gt,hpid_split_a3,category,glass_(drink_container),4,0.18055555555555555
0.25,all_gt,hpid_split_a3,category,guitar,4,0.09375
0.25,all_gt,hpid_split_a3,category,hammer,3,0.0
0.25,all_gt,hpid_split_a3,category,handbag,4,0.125
0.25,all_gt,hpid_split_a3,category,hat,4,0.08333333333333333
0.25,all_gt,hpid_split_a3,category,helmet,4,0.125
0.25,all_gt,hpid_split_a3,category,jar,4,0.3125
0.25,all_gt,hpid_split_a3,category,kettle,4,0.3
0.25,all_gt,hpid_split_a3,category,knife,4,0.125
0.25,all_gt,hpid_split_a3,category,ladder,4,0.0
0.25,all_gt,hpid_split_a3,category,lamp,4,0.19722222222222224
0.25,all_gt,hpid_split_a3,category,laptop_computer,4,0.2718253968253968
0.25,all_gt,hpid_split_a3,category,microwave_oven,4,0.1388888888888889
0.25,all_gt,hpid_split_a3,category,mouse_(computer_equipment),4,0.2
0.25,all_gt,hpid_split_a3,category,mug,4,0.31296296296296294
0.25,all_gt,hpid_split_a3,category,pan_(for_cooking),4,0.0
0.25,all_gt,hpid_split_a3,category,pen,3,0.0
0.25,all_gt,hpid_split_a3,category,plastic_bag,4,0.1388888888888889
0.25,all_gt,hpid_split_a3,category,plate,4,0.0
0.25,all_gt,hpid_split_a3,category,remote_control,4,0.0
0.25,all_gt,hpid_split_a3,category,scarf,4,0.125
0.25,all_gt,hpid_split_a3,category,scissors,4,0.29166666666666663
0.25,all_gt,hpid_split_a3,category,screwdriver,1,0.0
0.25,all_gt,hpid_split_a3,category,shoe,4,0.0
0.25,all_gt,hpid_split_a3,category,slipper_(footwear),1,0.0
0.25,all_gt,hpid_split_a3,category,soap,2,0.07407407407407407
0.25,all_gt,hpid_split_a3,category,spoon,4,0.25
0.25,all_gt,hpid_split_a3,category,stool,4,0.06481481481481483
0.25,all_gt,hpid_split_a3,category,sweater,4,0.0
0.25,all_gt,hpid_split_a3,category,table,4,0.1
0.25,all_gt,hpid_split_a3,category,telephone,4,0.125
0.25,all_gt,hpid_split_a3,category,television_set,4,0.0
0.25,all_gt,hpid_split_a3,category,towel,4,0.20833333333333331
0.25,all_gt,hpid_split_a3,category,trash_can,4,0.21527777777777776
0.25,all_gt,hpid_split_a3,category,tray,4,0.0
0.25,all_gt,hpid_split_a3,category,vase,4,0.25
0.25,all_gt,hpid_split_a3,category,wallet,2,0.25
0.25,all_gt,hpid_split_a3,category,watch,4,0.125
0.25,all_gt,dbscan_fusion,domain,container,72,0.18734567901234567
0.25,all_gt,dbscan_fusion,domain,daily_object,40,0.09454365079365079
0.25,all_gt,dbscan_fusion,domain,device,59,0.23629719307685407
0.25,all_gt,dbscan_fusion,domain,furniture,16,0.07782738095238095
0.25,all_gt,dbscan_fusion,domain,tool_prop,31,0.13605137395459976
0.25,all_gt,dbscan_fusion,domain,vehicle,8,0.13599537037037038
0.25,all_gt,dbscan_fusion,category,basket,4,0.18055555555555555
0.25,all_gt,dbscan_fusion,category,belt,4,0.0
0.25,all_gt,dbscan_fusion,category,bench,4,0.07777777777777778
0.25,all_gt,dbscan_fusion,category,bicycle,4,0.08796296296296297
0.25,all_gt,dbscan_fusion,category,blender,4,0.2103174603174603
0.25,all_gt,dbscan_fusion,category,book,4,0.2222222222222222
0.25,all_gt,dbscan_fusion,category,bottle,4,0.25
0.25,all_gt,dbscan_fusion,category,bowl,4,0.0625
0.25,all_gt,dbscan_fusion,category,box,4,0.1111111111111111
0.25,all_gt,dbscan_fusion,category,broom,3,0.3549382716049383
0.25,all_gt,dbscan_fusion,category,bucket,4,0.21250000000000002
0.25,all_gt,dbscan_fusion,category,calculator,3,0.3333333333333333
0.25,all_gt,dbscan_fusion,category,can,4,0.2675925925925926
0.25,all_gt,dbscan_fusion,category,car_(automobile),4,0.18402777777777776
0.25,all_gt,dbscan_fusion,category,carton,4,0.24305555555555555
0.25,all_gt,dbscan_fusion,category,cellular_telephone,4,0.375
0.25,all_gt,dbscan_fusion,category,chair,4,0.1349206349206349
0.25,all_gt,dbscan_fusion,category,clock,4,0.3333333333333333
0.25,all_gt,dbscan_fusion,category,crate,4,0.08333333333333333
0.25,all_gt,dbscan_fusion,category,cup,4,0.16666666666666666
0.25,all_gt,dbscan_fusion,category,earphone,4,0.2523148148148148
0.25,all_gt,dbscan_fusion,category,fan,4,0.22777777777777777
0.25,all_gt,dbscan_fusion,category,glass_(drink_container),4,0.1875
0.25,all_gt,dbscan_fusion,category,guitar,4,0.12152777777777776
0.25,all_gt,dbscan_fusion,category,hammer,3,0.0
0.25,all_gt,dbscan_fusion,category,handbag,4,0.125
0.25,all_gt,dbscan_fusion,category,hat,4,0.20833333333333331
0.25,all_gt,dbscan_fusion,category,helmet,4,0.125
0.25,all_gt,dbscan_fusion,category,jar,4,0.3611111111111111
0.25,all_gt,dbscan_fusion,category,kettle,4,0.34305555555555556
0.25,all_gt,dbscan_fusion,category,knife,4,0.125
0.25,all_gt,dbscan_fusion,category,ladder,4,0.0
0.25,all_gt,dbscan_fusion,category,lamp,4,0.2791666666666667
0.25,all_gt,dbscan_fusion,category,laptop_computer,4,0.3921957671957672
0.25,all_gt,dbscan_fusion,category,microwave_oven,4,0.22777777777777777
0.25,all_gt,dbscan_fusion,category,mouse_(computer_equipment),4,0.15000000000000002
0.25,all_gt,dbscan_fusion,category,mug,4,0.4138888888888888
0.25,all_gt,dbscan_fusion,category,pan_(for_cooking),4,0.0
0.25,all_gt,dbscan_fusion,category,pen,3,0.0
0.25,all_gt,dbscan_fusion,category,plastic_bag,4,0.24074074074074073
0.25,all_gt,dbscan_fusion,category,plate,4,0.0
0.25,all_gt,dbscan_fusion,category,remote_control,4,0.08333333333333333
0.25,all_gt,dbscan_fusion,category,scarf,4,0.125
0.25,all_gt,dbscan_fusion,category,scissors,4,0.2916666666666667
0.25,all_gt,dbscan_fusion,category,screwdriver,1,0.0
0.25,all_gt,dbscan_fusion,category,shoe,4,0.0
0.25,all_gt,dbscan_fusion,category,slipper_(footwear),1,0.0
0.25,all_gt,dbscan_fusion,category,soap,2,0.08333333333333333
0.25,all_gt,dbscan_fusion,category,spoon,4,0.25
0.25,all_gt,dbscan_fusion,category,stool,4,0.0
0.25,all_gt,dbscan_fusion,category,sweater,4,0.03571428571428571
0.25,all_gt,dbscan_fusion,category,table,4,0.09861111111111112
0.25,all_gt,dbscan_fusion,category,telephone,4,0.18055555555555555
0.25,all_gt,dbscan_fusion,category,television_set,4,0.05555555555555555
0.25,all_gt,dbscan_fusion,category,towel,4,0.0625
0.25,all_gt,dbscan_fusion,category,trash_can,4,0.25
0.25,all_gt,dbscan_fusion,category,tray,4,0.0
0.25,all_gt,dbscan_fusion,category,vase,4,0.21666666666666667
0.25,all_gt,dbscan_fusion,category,wallet,2,0.25
0.25,all_gt,dbscan_fusion,category,watch,4,0.125
0.25,all_gt,greedy_nms,domain,container,72,0.1836162551440329
0.25,all_gt,greedy_nms,domain,daily_object,40,0.09375
0.25,all_gt,greedy_nms,domain,device,59,0.20039009954264192
0.25,all_gt,greedy_nms,domain,furniture,16,0.10074404761904762
0.25,all_gt,greedy_nms,domain,tool_prop,31,0.11185782556750298
0.25,all_gt,greedy_nms,domain,vehicle,8,0.15259055010893247
0.25,all_gt,greedy_nms,category,basket,4,0.125
0.25,all_gt,greedy_nms,category,belt,4,0.0
0.25,all_gt,greedy_nms,category,bench,4,0.07222222222222222
0.25,all_gt,greedy_nms,category,bicycle,4,0.06712962962962962
0.25,all_gt,greedy_nms,category,blender,4,0.2182539682539682
0.25,all_gt,greedy_nms,category,book,4,0.20833333333333331
0.25,all_gt,greedy_nms,category,bottle,4,0.25
0.25,all_gt,greedy_nms,category,bowl,4,0.0625
0.25,all_gt,greedy_nms,category,box,4,0.11805555555555555
0.25,all_gt,greedy_nms,category,broom,3,0.28086419753086417
0.25,all_gt,greedy_nms,category,bucket,4,0.21250000000000002
0.25,all_gt,greedy_nms,category,calculator,3,0.16666666666666666
0.25,all_gt,greedy_nms,category,can,4,0.3689814814814815
0.25,all_gt,greedy_nms,category,car_(automobile),4,0.23805147058823528
0.25,all_gt,greedy_nms,category,carton,4,0.0625
0.25,all_gt,greedy_nms,category,cellular_telephone,4,0.3125
0.25,all_gt,greedy_nms,category,chair,4,0.1349206349206349
0.25,all_gt,greedy_nms,category,clock,4,0.3055555555555555
0.25,all_gt,greedy_nms,category,crate,4,0.06481481481481481
0.25,all_gt,greedy_nms,category,cup,4,0.16666666666666666
0.25,all_gt,greedy_nms,category,earphone,4,0.23379629629629628
0.25,all_gt,greedy_nms,category,fan,4,0.22777777777777777
0.25,all_gt,greedy_nms,category,glass_(drink_container),4,0.1875
0.25,all_gt,greedy_nms,category,guitar,4,0.12152777777777776
0.25,all_gt,greedy_nms,category,hammer,3,0.0
0.25,all_gt,greedy_nms,category,handbag,4,0.0625
0.25,all_gt,greedy_nms,category,hat,4,0.20833333333333331
0.25,all_gt,greedy_nms,category,helmet,4,0.125
0.25,all_gt,greedy_nms,category,jar,4,0.4236111111111111
0.25,all_gt,greedy_nms,category,kettle,4,0.2791666666666667
0.25,all_gt,greedy_nms,category,knife,4,0.125
0.25,all_gt,greedy_nms,category,ladder,4,0.0
0.25,all_gt,greedy_nms,category,lamp,4,0.20972222222222223
0.25,all_gt,greedy_nms,category,laptop_computer,4,0.3564814814814814
0.25,all_gt,greedy_nms,category,microwave_oven,4,0.2111111111111111
0.25,all_gt,greedy_nms,category,mouse_(computer_equipment),4,0.15000000000000002
0.25,all_gt,greedy_nms,category,mug,4,0.40833333333333327
0.25,all_gt,greedy_nms,category,pan_(for_cooking),4,0.0
0.25,all_gt,greedy_nms,category,pen,3,0.0
0.25,all_gt,greedy_nms,category,plastic_bag,4,0.2685185185185185
0.25,all_gt,greedy_nms,category,plate,4,0.0
0.25,all_gt,greedy_nms,category,remote_control,4,0.08333333333333333
0.25,all_gt,greedy_nms,category,scarf,4,0.125
0.25,all_gt,greedy_nms,category,scissors,4,0.2222222222222222
0.25,all_gt,greedy_nms,category,screwdriver,1,0.0
0.25,all_gt,greedy_nms,category,shoe,4,0.0
0.25,all_gt,greedy_nms,category,slipper_(footwear),1,0.0
0.25,all_gt,greedy_nms,category,soap,2,0.16666666666666666
0.25,all_gt,greedy_nms,category,spoon,4,0.1875
0.25,all_gt,greedy_nms,category,stool,4,0.0
0.25,all_gt,greedy_nms,category,sweater,4,0.0
0.25,all_gt,greedy_nms,category,table,4,0.19583333333333333
0.25,all_gt,greedy_nms,category,telephone,4,0.11805555555555555
0.25,all_gt,greedy_nms,category,television_set,4,0.0
0.25,all_gt,greedy_nms,category,towel,4,0.0625
0.25,all_gt,greedy_nms,category,trash_can,4,0.3125
0.25,all_gt,greedy_nms,category,tray,4,0.0
0.25,all_gt,greedy_nms,category,vase,4,0.2111111111111111
0.25,all_gt,greedy_nms,category,wallet,2,0.25
0.25,all_gt,greedy_nms,category,watch,4,0.125
0.5,common_three,hpid_split_a3,domain,container,11,0.9393939393939394
0.5,common_three,hpid_split_a3,domain,daily_object,2,0.8888888888888888
0.5,common_three,hpid_split_a3,domain,device,17,0.9368191721132897
0.5,common_three,hpid_split_a3,domain,furniture,2,0.9722222222222222
0.5,common_three,hpid_split_a3,domain,tool_prop,7,0.9206349206349207
0.5,common_three,hpid_split_a3,domain,vehicle,4,0.8194444444444444
0.5,common_three,hpid_split_a3,category,basket,0,
0.5,common_three,hpid_split_a3,category,belt,0,
0.5,common_three,hpid_split_a3,category,bench,0,
0.5,common_three,hpid_split_a3,category,bicycle,1,0.7777777777777778
0.5,common_three,hpid_split_a3,category,blender,2,0.9166666666666667
0.5,common_three,hpid_split_a3,category,book,0,
0.5,common_three,hpid_split_a3,category,bottle,1,1.0
0.5,common_three,hpid_split_a3,category,bowl,1,1.0
0.5,common_three,hpid_split_a3,category,box,0,
0.5,common_three,hpid_split_a3,category,broom,2,0.8333333333333333
0.5,common_three,hpid_split_a3,category,bucket,1,1.0
0.5,common_three,hpid_split_a3,category,calculator,0,
0.5,common_three,hpid_split_a3,category,can,1,0.8888888888888888
0.5,common_three,hpid_split_a3,category,car_(automobile),3,0.8333333333333334
0.5,common_three,hpid_split_a3,category,carton,0,
0.5,common_three,hpid_split_a3,category,cellular_telephone,1,1.0
0.5,common_three,hpid_split_a3,category,chair,1,0.9444444444444444
0.5,common_three,hpid_split_a3,category,clock,1,0.9444444444444444
0.5,common_three,hpid_split_a3,category,crate,0,
0.5,common_three,hpid_split_a3,category,cup,2,0.8888888888888888
0.5,common_three,hpid_split_a3,category,earphone,1,1.0
0.5,common_three,hpid_split_a3,category,fan,1,1.0
0.5,common_three,hpid_split_a3,category,glass_(drink_container),0,
0.5,common_three,hpid_split_a3,category,guitar,1,0.7777777777777778
0.5,common_three,hpid_split_a3,category,hammer,0,
0.5,common_three,hpid_split_a3,category,handbag,0,
0.5,common_three,hpid_split_a3,category,hat,1,0.8888888888888888
0.5,common_three,hpid_split_a3,category,helmet,0,
0.5,common_three,hpid_split_a3,category,jar,1,1.0
0.5,common_three,hpid_split_a3,category,kettle,3,0.9382716049382717
0.5,common_three,hpid_split_a3,category,knife,0,
0.5,common_three,hpid_split_a3,category,ladder,0,
0.5,common_three,hpid_split_a3,category,lamp,1,0.8888888888888888
0.5,common_three,hpid_split_a3,category,laptop_computer,4,0.8888888888888888
0.5,common_three,hpid_split_a3,category,microwave_oven,1,0.8888888888888888
0.5,common_three,hpid_split_a3,category,mouse_(computer_equipment),2,1.0
0.5,common_three,hpid_split_a3,category,mug,2,0.9444444444444444
0.5,common_three,hpid_split_a3,category,pan_(for_cooking),0,
0.5,common_three,hpid_split_a3,category,pen,0,
0.5,common_three,hpid_split_a3,category,plastic_bag,0,
0.5,common_three,hpid_split_a3,category,plate,0,
0.5,common_three,hpid_split_a3,category,remote_control,0,
0.5,common_three,hpid_split_a3,category,scarf,0,
0.5,common_three,hpid_split_a3,category,scissors,2,1.0
0.5,common_three,hpid_split_a3,category,screwdriver,0,
0.5,common_three,hpid_split_a3,category,shoe,0,
0.5,common_three,hpid_split_a3,category,slipper_(footwear),0,
0.5,common_three,hpid_split_a3,category,soap,1,0.8888888888888888
0.5,common_three,hpid_split_a3,category,spoon,2,1.0
0.5,common_three,hpid_split_a3,category,stool,0,
0.5,common_three,hpid_split_a3,category,sweater,0,
0.5,common_three,hpid_split_a3,category,table,1,1.0
0.5,common_three,hpid_split_a3,category,telephone,0,
0.5,common_three,hpid_split_a3,category,television_set,0,
0.5,common_three,hpid_split_a3,category,towel,0,
0.5,common_three,hpid_split_a3,category,trash_can,1,0.7777777777777778
0.5,common_three,hpid_split_a3,category,tray,0,
0.5,common_three,hpid_split_a3,category,vase,1,1.0
0.5,common_three,hpid_split_a3,category,wallet,0,
0.5,common_three,hpid_split_a3,category,watch,0,
0.5,common_three,dbscan_fusion,domain,container,11,0.9242424242424243
0.5,common_three,dbscan_fusion,domain,daily_object,2,0.9444444444444444
0.5,common_three,dbscan_fusion,domain,device,17,0.9335511982570806
0.5,common_three,dbscan_fusion,domain,furniture,2,0.9166666666666666
0.5,common_three,dbscan_fusion,domain,tool_prop,7,0.9047619047619048
0.5,common_three,dbscan_fusion,domain,vehicle,4,0.8472222222222222
0.5,common_three,dbscan_fusion,category,basket,0,
0.5,common_three,dbscan_fusion,category,belt,0,
0.5,common_three,dbscan_fusion,category,bench,0,
0.5,common_three,dbscan_fusion,category,bicycle,1,0.7777777777777778
0.5,common_three,dbscan_fusion,category,blender,2,0.9166666666666667
0.5,common_three,dbscan_fusion,category,book,0,
0.5,common_three,dbscan_fusion,category,bottle,1,1.0
0.5,common_three,dbscan_fusion,category,bowl,1,1.0
0.5,common_three,dbscan_fusion,category,box,0,
0.5,common_three,dbscan_fusion,category,broom,2,0.8333333333333333
0.5,common_three,dbscan_fusion,category,bucket,1,1.0
0.5,common_three,dbscan_fusion,category,calculator,0,
0.5,common_three,dbscan_fusion,category,can,1,1.0
0.5,common_three,dbscan_fusion,category,car_(automobile),3,0.8703703703703703
0.5,common_three,dbscan_fusion,category,carton,0,
0.5,common_three,dbscan_fusion,category,cellular_telephone,1,1.0
0.5,common_three,dbscan_fusion,category,chair,1,0.9444444444444444
0.5,common_three,dbscan_fusion,category,clock,1,0.8888888888888888
0.5,common_three,dbscan_fusion,category,crate,0,
0.5,common_three,dbscan_fusion,category,cup,2,0.8888888888888888
0.5,common_three,dbscan_fusion,category,earphone,1,1.0
0.5,common_three,dbscan_fusion,category,fan,1,0.8888888888888888
0.5,common_three,dbscan_fusion,category,glass_(drink_container),0,
0.5,common_three,dbscan_fusion,category,guitar,1,0.6666666666666666
0.5,common_three,dbscan_fusion,category,hammer,0,
0.5,common_three,dbscan_fusion,category,handbag,0,
0.5,common_three,dbscan_fusion,category,hat,1,0.8888888888888888
0.5,common_three,dbscan_fusion,category,helmet,0,
0.5,common_three,dbscan_fusion,category,jar,1,0.7777777777777778
0.5,common_three,dbscan_fusion,category,kettle,3,0.9012345679012346
0.5,common_three,dbscan_fusion,category,knife,0,
0.5,common_three,dbscan_fusion,category,ladder,0,
0.5,common_three,dbscan_fusion,category,lamp,1,1.0
0.5,common_three,dbscan_fusion,category,laptop_computer,4,1.0
0.5,common_three,dbscan_fusion,category,microwave_oven,1,0.7777777777777778
0.5,common_three,dbscan_fusion,category,mouse_(computer_equipment),2,0.8888888888888888
0.5,common_three,dbscan_fusion,category,mug,2,0.9166666666666666
0.5,common_three,dbscan_fusion,category,pan_(for_cooking),0,
0.5,common_three,dbscan_fusion,category,pen,0,
0.5,common_three,dbscan_fusion,category,plastic_bag,0,
0.5,common_three,dbscan_fusion,category,plate,0,
0.5,common_three,dbscan_fusion,category,remote_control,0,
0.5,common_three,dbscan_fusion,category,scarf,0,
0.5,common_three,dbscan_fusion,category,scissors,2,1.0
0.5,common_three,dbscan_fusion,category,screwdriver,0,
0.5,common_three,dbscan_fusion,category,shoe,0,
0.5,common_three,dbscan_fusion,category,slipper_(footwear),0,
0.5,common_three,dbscan_fusion,category,soap,1,1.0
0.5,common_three,dbscan_fusion,category,spoon,2,1.0
0.5,common_three,dbscan_fusion,category,stool,0,
0.5,common_three,dbscan_fusion,category,sweater,0,
0.5,common_three,dbscan_fusion,category,table,1,0.8888888888888888
0.5,common_three,dbscan_fusion,category,telephone,0,
0.5,common_three,dbscan_fusion,category,television_set,0,
0.5,common_three,dbscan_fusion,category,towel,0,
0.5,common_three,dbscan_fusion,category,trash_can,1,0.8888888888888888
0.5,common_three,dbscan_fusion,category,tray,0,
0.5,common_three,dbscan_fusion,category,vase,1,0.8888888888888888
0.5,common_three,dbscan_fusion,category,wallet,0,
0.5,common_three,dbscan_fusion,category,watch,0,
0.5,common_three,greedy_nms,domain,container,11,0.9040404040404041
0.5,common_three,greedy_nms,domain,daily_object,2,0.9444444444444444
0.5,common_three,greedy_nms,domain,device,17,0.9302832244008714
0.5,common_three,greedy_nms,domain,furniture,2,0.9166666666666666
0.5,common_three,greedy_nms,domain,tool_prop,7,0.888888888888889
0.5,common_three,greedy_nms,domain,vehicle,4,0.8333333333333334
0.5,common_three,greedy_nms,category,basket,0,
0.5,common_three,greedy_nms,category,belt,0,
0.5,common_three,greedy_nms,category,bench,0,
0.5,common_three,greedy_nms,category,bicycle,1,0.7777777777777778
0.5,common_three,greedy_nms,category,blender,2,0.9166666666666667
0.5,common_three,greedy_nms,category,book,0,
0.5,common_three,greedy_nms,category,bottle,1,1.0
0.5,common_three,greedy_nms,category,bowl,1,1.0
0.5,common_three,greedy_nms,category,box,0,
0.5,common_three,greedy_nms,category,broom,2,0.8888888888888888
0.5,common_three,greedy_nms,category,bucket,1,1.0
0.5,common_three,greedy_nms,category,calculator,0,
0.5,common_three,greedy_nms,category,can,1,0.7777777777777778
0.5,common_three,greedy_nms,category,car_(automobile),3,0.8518518518518517
0.5,common_three,greedy_nms,category,carton,0,
0.5,common_three,greedy_nms,category,cellular_telephone,1,1.0
0.5,common_three,greedy_nms,category,chair,1,0.9444444444444444
0.5,common_three,greedy_nms,category,clock,1,0.8333333333333334
0.5,common_three,greedy_nms,category,crate,0,
0.5,common_three,greedy_nms,category,cup,2,0.8888888888888888
0.5,common_three,greedy_nms,category,earphone,1,1.0
0.5,common_three,greedy_nms,category,fan,1,0.8888888888888888
0.5,common_three,greedy_nms,category,glass_(drink_container),0,
0.5,common_three,greedy_nms,category,guitar,1,0.6666666666666666
0.5,common_three,greedy_nms,category,hammer,0,
0.5,common_three,greedy_nms,category,handbag,0,
0.5,common_three,greedy_nms,category,hat,1,0.8888888888888888
0.5,common_three,greedy_nms,category,helmet,0,
0.5,common_three,greedy_nms,category,jar,1,0.7777777777777778
0.5,common_three,greedy_nms,category,kettle,3,0.9012345679012346
0.5,common_three,greedy_nms,category,knife,0,
0.5,common_three,greedy_nms,category,ladder,0,
0.5,common_three,greedy_nms,category,lamp,1,1.0
0.5,common_three,greedy_nms,category,laptop_computer,4,1.0
0.5,common_three,greedy_nms,category,microwave_oven,1,0.7777777777777778
0.5,common_three,greedy_nms,category,mouse_(computer_equipment),2,0.8888888888888888
0.5,common_three,greedy_nms,category,mug,2,0.9166666666666666
0.5,common_three,greedy_nms,category,pan_(for_cooking),0,
0.5,common_three,greedy_nms,category,pen,0,
0.5,common_three,greedy_nms,category,plastic_bag,0,
0.5,common_three,greedy_nms,category,plate,0,
0.5,common_three,greedy_nms,category,remote_control,0,
0.5,common_three,greedy_nms,category,scarf,0,
0.5,common_three,greedy_nms,category,scissors,2,0.8888888888888888
0.5,common_three,greedy_nms,category,screwdriver,0,
0.5,common_three,greedy_nms,category,shoe,0,
0.5,common_three,greedy_nms,category,slipper_(footwear),0,
0.5,common_three,greedy_nms,category,soap,1,1.0
0.5,common_three,greedy_nms,category,spoon,2,1.0
0.5,common_three,greedy_nms,category,stool,0,
0.5,common_three,greedy_nms,category,sweater,0,
0.5,common_three,greedy_nms,category,table,1,0.8888888888888888
0.5,common_three,greedy_nms,category,telephone,0,
0.5,common_three,greedy_nms,category,television_set,0,
0.5,common_three,greedy_nms,category,towel,0,
0.5,common_three,greedy_nms,category,trash_can,1,0.8888888888888888
0.5,common_three,greedy_nms,category,tray,0,
0.5,common_three,greedy_nms,category,vase,1,0.8888888888888888
0.5,common_three,greedy_nms,category,wallet,0,
0.5,common_three,greedy_nms,category,watch,0,
0.5,all_gt,hpid_split_a3,domain,container,72,0.06502057613168724
0.5,all_gt,hpid_split_a3,domain,daily_object,40,0.02361111111111111
0.5,all_gt,hpid_split_a3,domain,device,59,0.11441574746659491
0.5,all_gt,hpid_split_a3,domain,furniture,16,0.06190476190476191
0.5,all_gt,hpid_split_a3,domain,tool_prop,31,0.0745221027479092
0.5,all_gt,hpid_split_a3,domain,vehicle,8,0.07625272331154684
0.5,all_gt,hpid_split_a3,category,basket,4,0.0
0.5,all_gt,hpid_split_a3,category,belt,4,0.0
0.5,all_gt,hpid_split_a3,category,bench,4,0.044444444444444446
0.5,all_gt,hpid_split_a3,category,bicycle,4,0.046296296296296294
0.5,all_gt,hpid_split_a3,category,blender,4,0.1693121693121693
0.5,all_gt,hpid_split_a3,category,book,4,0.0
0.5,all_gt,hpid_split_a3,category,bottle,4,0.10185185185185185
0.5,all_gt,hpid_split_a3,category,bowl,4,0.0625
0.5,all_gt,hpid_split_a3,category,box,4,0.0
0.5,all_gt,hpid_split_a3,category,broom,3,0.16358024691358022
0.5,all_gt,hpid_split_a3,category,bucket,4,0.05
0.5,all_gt,hpid_split_a3,category,calculator,3,0.0
0.5,all_gt,hpid_split_a3,category,can,4,0.1648148148148148
0.5,all_gt,hpid_split_a3,category,car_(automobile),4,0.10620915032679737
0.5,all_gt,hpid_split_a3,category,carton,4,0.0625
0.5,all_gt,hpid_split_a3,category,cellular_telephone,4,0.24305555555555555
0.5,all_gt,hpid_split_a3,category,chair,4,0.10317460317460317
0.5,all_gt,hpid_split_a3,category,clock,4,0.1574074074074074
0.5,all_gt,hpid_split_a3,category,crate,4,0.0
0.5,all_gt,hpid_split_a3,category,cup,4,0.14814814814814814
0.5,all_gt,hpid_split_a3,category,earphone,4,0.0625
0.5,all_gt,hpid_split_a3,category,fan,4,0.1388888888888889
0.5,all_gt,hpid_split_a3,category,glass_(drink_container),4,0.0
0.5,all_gt,hpid_split_a3,category,guitar,4,0.024305555555555556
0.5,all_gt,hpid_split_a3,category,hammer,3,0.0
0.5,all_gt,hpid_split_a3,category,handbag,4,0.05555555555555555
0.5,all_gt,hpid_split_a3,category,hat,4,0.07407407407407407
0.5,all_gt,hpid_split_a3,category,helmet,4,0.0
0.5,all_gt,hpid_split_a3,category,jar,4,0.1875
0.5,all_gt,hpid_split_a3,category,kettle,4,0.28055555555555556
0.5,all_gt,hpid_split_a3,category,knife,4,0.0
0.5,all_gt,hpid_split_a3,category,ladder,4,0.0
0.5,all_gt,hpid_split_a3,category,lamp,4,0.044444444444444446
0.5,all_gt,hpid_split_a3,category,laptop_computer,4,0.24007936507936506
0.5,all_gt,hpid_split_a3,category,microwave_oven,4,0.08888888888888889
0.5,all_gt,hpid_split_a3,category,mouse_(computer_equipment),4,0.2
0.5,all_gt,hpid_split_a3,category,mug,4,0.18333333333333335
0.5,all_gt,hpid_split_a3,category,pan_(for_cooking),4,0.0
0.5,all_gt,hpid_split_a3,category,pen,3,0.0
0.5,all_gt,hpid_split_a3,category,plastic_bag,4,0.05555555555555555
0.5,all_gt,hpid_split_a3,category,plate,4,0.0
0.5,all_gt,hpid_split_a3,category,remote_control,4,0.0
0.5,all_gt,hpid_split_a3,category,scarf,4,0.0
0.5,all_gt,hpid_split_a3,category,scissors,4,0.18055555555555555
0.5,all_gt,hpid_split_a3,category,screwdriver,1,0.0
0.5,all_gt,hpid_split_a3,category,shoe,4,0.0
0.5,all_gt,hpid_split_a3,category,slipper_(footwear),1,0.0
0.5,all_gt,hpid_split_a3,category,soap,2,0.07407407407407407
0.5,all_gt,hpid_split_a3,category,spoon,4,0.25
0.5,all_gt,hpid_split_a3,category,stool,4,0.0
0.5,all_gt,hpid_split_a3,category,sweater,4,0.0
0.5,all_gt,hpid_split_a3,category,table,4,0.1
0.5,all_gt,hpid_split_a3,category,telephone,4,0.0625
0.5,all_gt,hpid_split_a3,category,television_set,4,0.0
0.5,all_gt,hpid_split_a3,category,towel,4,0.0
0.5,all_gt,hpid_split_a3,category,trash_can,4,0.04861111111111111
0.5,all_gt,hpid_split_a3,category,tray,4,0.0
0.5,all_gt,hpid_split_a3,category,vase,4,0.05
0.5,all_gt,hpid_split_a3,category,wallet,2,0.25
0.5,all_gt,hpid_split_a3,category,watch,4,0.0
0.5,all_gt,dbscan_fusion,domain,container,72,0.0742798353909465
0.5,all_gt,dbscan_fusion,domain,daily_object,40,0.040145502645502644
0.5,all_gt,dbscan_fusion,domain,device,59,0.15344812124473142
0.5,all_gt,dbscan_fusion,domain,furniture,16,0.04186507936507937
0.5,all_gt,dbscan_fusion,domain,tool_prop,31,0.09557945041816009
0.5,all_gt,dbscan_fusion,domain,vehicle,8,0.0639297385620915
0.5,all_gt,dbscan_fusion,category,basket,4,0.0
0.5,all_gt,dbscan_fusion,category,belt,4,0.0
0.5,all_gt,dbscan_fusion,category,bench,4,0.055555555555555566
0.5,all_gt,dbscan_fusion,category,bicycle,4,0.03472222222222222
0.5,all_gt,dbscan_fusion,category,blender,4,0.19708994708994707
0.5,all_gt,dbscan_fusion,category,book,4,0.0
0.5,all_gt,dbscan_fusion,category,bottle,4,0.16666666666666666
0.5,all_gt,dbscan_fusion,category,bowl,4,0.0625
0.5,all_gt,dbscan_fusion,category,box,4,0.0
0.5,all_gt,dbscan_fusion,category,broom,3,0.32098765432098764
0.5,all_gt,dbscan_fusion,category,bucket,4,0.1
0.5,all_gt,dbscan_fusion,category,calculator,3,0.0
0.5,all_gt,dbscan_fusion,category,can,4,0.05
0.5,all_gt,dbscan_fusion,category,car_(automobile),4,0.09313725490196079
0.5,all_gt,dbscan_fusion,category,carton,4,0.0
0.5,all_gt,dbscan_fusion,category,cellular_telephone,4,0.25
0.5,all_gt,dbscan_fusion,category,chair,4,0.06746031746031746
0.5,all_gt,dbscan_fusion,category,clock,4,0.2777777777777778
0.5,all_gt,dbscan_fusion,category,crate,4,0.0
0.5,all_gt,dbscan_fusion,category,cup,4,0.14814814814814814
0.5,all_gt,dbscan_fusion,category,earphone,4,0.0625
0.5,all_gt,dbscan_fusion,category,fan,4,0.07777777777777779
0.5,all_gt,dbscan_fusion,category,glass_(drink_container),4,0.16666666666666669
0.5,all_gt,dbscan_fusion,category,guitar,4,0.020833333333333332
0.5,all_gt,dbscan_fusion,category,hammer,3,0.0
0.5,all_gt,dbscan_fusion,category,handbag,4,0.0625
0.5,all_gt,dbscan_fusion,category,hat,4,0.07407407407407407
0.5,all_gt,dbscan_fusion,category,helmet,4,0.125
0.5,all_gt,dbscan_fusion,category,jar,4,0.1111111111111111
0.5,all_gt,dbscan_fusion,category,kettle,4,0.30972222222222223
0.5,all_gt,dbscan_fusion,category,knife,4,0.0
0.5,all_gt,dbscan_fusion,category,ladder,4,0.0
0.5,all_gt,dbscan_fusion,category,lamp,4,0.2652777777777778
0.5,all_gt,dbscan_fusion,category,laptop_computer,4,0.3551587301587301
0.5,all_gt,dbscan_fusion,category,microwave_oven,4,0.12222222222222223
0.5,all_gt,dbscan_fusion,category,mouse_(computer_equipment),4,0.08888888888888889
0.5,all_gt,dbscan_fusion,category,mug,4,0.18888888888888888
0.5,all_gt,dbscan_fusion,category,pan_(for_cooking),4,0.0
0.5,all_gt,dbscan_fusion,category,pen,3,0.0
0.5,all_gt,dbscan_fusion,category,plastic_bag,4,0.05555555555555555
0.5,all_gt,dbscan_fusion,category,plate,4,0.0
0.5,all_gt,dbscan_fusion,category,remote_control,4,0.08333333333333333
0.5,all_gt,dbscan_fusion,category,scarf,4,0.0
0.5,all_gt,dbscan_fusion,category,scissors,4,0.22916666666666669
0.5,all_gt,dbscan_fusion,category,screwdriver,1,0.0
0.5,all_gt,dbscan_fusion,category,shoe,4,0.0
0.5,all_gt,dbscan_fusion,category,slipper_(footwear),1,0.0
0.5,all_gt,dbscan_fusion,category,soap,2,0.08333333333333333
0.5,all_gt,dbscan_fusion,category,spoon,4,0.25
0.5,all_gt,dbscan_fusion,category,stool,4,0.0
0.5,all_gt,dbscan_fusion,category,sweater,4,0.03571428571428571
0.5,all_gt,dbscan_fusion,category,table,4,0.044444444444444446
0.5,all_gt,dbscan_fusion,category,telephone,4,0.1736111111111111
0.5,all_gt,dbscan_fusion,category,television_set,4,0.0
0.5,all_gt,dbscan_fusion,category,towel,4,0.0
0.5,all_gt,dbscan_fusion,category,trash_can,4,0.18055555555555555
0.5,all_gt,dbscan_fusion,category,tray,4,0.0
0.5,all_gt,dbscan_fusion,category,vase,4,0.044444444444444446
0.5,all_gt,dbscan_fusion,category,wallet,2,0.25
0.5,all_gt,dbscan_fusion,category,watch,4,0.0
0.5,all_gt,greedy_nms,domain,container,72,0.08593106995884774
0.5,all_gt,greedy_nms,domain,daily_object,40,0.024074074074074074
0.5,all_gt,greedy_nms,domain,device,59,0.13055779750695004
0.5,all_gt,greedy_nms,domain,furniture,16,0.05853174603174603
0.5,all_gt,greedy_nms,domain,tool_prop,31,0.07347670250896057
0.5,all_gt,greedy_nms,domain,vehicle,8,0.0848141339869281
0.5,all_gt,greedy_nms,category,basket,4,0.0
0.5,all_gt,greedy_nms,category,belt,4,0.0
0.5,all_gt,greedy_nms,category,bench,4,0.022222222222222223
0.5,all_gt,greedy_nms,category,bicycle,4,0.03472222222222222
0.5,all_gt,greedy_nms,category,blender,4,0.1726190476190476
0.5,all_gt,greedy_nms,category,book,4,0.0
0.5,all_gt,greedy_nms,category,bottle,4,0.16666666666666666
0.5,all_gt,greedy_nms,category,bowl,4,0.0625
0.5,all_gt,greedy_nms,category,box,4,0.0
0.5,all_gt,greedy_nms,category,broom,3,0.2685185185185185
0.5,all_gt,greedy_nms,category,bucket,4,0.1
0.5,all_gt,greedy_nms,category,calculator,3,0.0
0.5,all_gt,greedy_nms,category,can,4,0.1388888888888889
0.5,all_gt,greedy_nms,category,car_(automobile),4,0.13490604575163398
0.5,all_gt,greedy_nms,category,carton,4,0.0
0.5,all_gt,greedy_nms,category,cellular_telephone,4,0.1875
0.5,all_gt,greedy_nms,category,chair,4,0.06746031746031746
0.5,all_gt,greedy_nms,category,clock,4,0.2777777777777778
0.5,all_gt,greedy_nms,category,crate,4,0.0
0.5,all_gt,greedy_nms,category,cup,4,0.14814814814814814
0.5,all_gt,greedy_nms,category,earphone,4,0.0625
0.5,all_gt,greedy_nms,category,fan,4,0.07777777777777779
0.5,all_gt,greedy_nms,category,glass_(drink_container),4,0.16666666666666669
0.5,all_gt,greedy_nms,category,guitar,4,0.020833333333333332
0.5,all_gt,greedy_nms,category,hammer,3,0.0
0.5,all_gt,greedy_nms,category,handbag,4,0.0
0.5,all_gt,greedy_nms,category,hat,4,0.07407407407407407
0.5,all_gt,greedy_nms,category,helmet,4,0.125
0.5,all_gt,greedy_nms,category,jar,4,0.1111111111111111
0.5,all_gt,greedy_nms,category,kettle,4,0.25972222222222224
0.5,all_gt,greedy_nms,category,knife,4,0.0
0.5,all_gt,greedy_nms,category,ladder,4,0.0
0.5,all_gt,greedy_nms,category,lamp,4,0.19583333333333333
0.5,all_gt,greedy_nms,category,laptop_computer,4,0.28505291005291
0.5,all_gt,greedy_nms,category,microwave_oven,4,0.11666666666666667
0.5,all_gt,greedy_nms,category,mouse_(computer_equipment),4,0.08888888888888889
0.5,all_gt,greedy_nms,category,mug,4,0.23333333333333334
0.5,all_gt,greedy_nms,category,pan_(for_cooking),4,0.0
0.5,all_gt,greedy_nms,category,pen,3,0.0
0.5,all_gt,greedy_nms,category,plastic_bag,4,0.05555555555555555
0.5,all_gt,greedy_nms,category,plate,4,0.0
0.5,all_gt,greedy_nms,category,remote_control,4,0.08333333333333333
0.5,all_gt,greedy_nms,category,scarf,4,0.0
0.5,all_gt,greedy_nms,category,scissors,4,0.1597222222222222
0.5,all_gt,greedy_nms,category,screwdriver,1,0.0
0.5,all_gt,greedy_nms,category,shoe,4,0.0
0.5,all_gt,greedy_nms,category,slipper_(footwear),1,0.0
0.5,all_gt,greedy_nms,category,soap,2,0.08333333333333333
0.5,all_gt,greedy_nms,category,spoon,4,0.1875
0.5,all_gt,greedy_nms,category,stool,4,0.0
0.5,all_gt,greedy_nms,category,sweater,4,0.0
0.5,all_gt,greedy_nms,category,table,4,0.14444444444444443
0.5,all_gt,greedy_nms,category,telephone,4,0.11805555555555555
0.5,all_gt,greedy_nms,category,television_set,4,0.0
0.5,all_gt,greedy_nms,category,towel,4,0.0
0.5,all_gt,greedy_nms,category,trash_can,4,0.2361111111111111
0.5,all_gt,greedy_nms,category,tray,4,0.0
0.5,all_gt,greedy_nms,category,vase,4,0.12777777777777777
0.5,all_gt,greedy_nms,category,wallet,2,0.0
0.5,all_gt,greedy_nms,category,watch,4,0.0
