split,variant,n,pre_gate_pool_total,complete_exported_pool_total,cases_with_profile_nominations,cases_without_profile_nominations,retained_total,changed_group_maps,changed_semantic_partitions,group_part_f1_at_025_mean,group_part_f1_at_025_low,group_part_f1_at_025_high,delta_group_part_f1_at_025_mean,delta_group_part_f1_at_025_low,delta_group_part_f1_at_025_high,group_part_f1_at_050_mean,group_part_f1_at_050_low,group_part_f1_at_050_high,delta_group_part_f1_at_050_mean,delta_group_part_f1_at_050_low,delta_group_part_f1_at_050_high,group_semantic_f1_at_025_mean,group_semantic_f1_at_025_low,group_semantic_f1_at_025_high,delta_group_semantic_f1_at_025_mean,delta_group_semantic_f1_at_025_low,delta_group_semantic_f1_at_025_high,group_predicted_part_count_mean,group_predicted_part_count_low,group_predicted_part_count_high,delta_group_predicted_part_count_mean,delta_group_predicted_part_count_low,delta_group_predicted_part_count_high,group_mean_matched_boundary_f1_at_025_mean,group_mean_matched_boundary_f1_at_025_low,group_mean_matched_boundary_f1_at_025_high,delta_group_mean_matched_boundary_f1_at_025_mean,delta_group_mean_matched_boundary_f1_at_025_low,delta_group_mean_matched_boundary_f1_at_025_high,candidate_precision_mean,candidate_precision_low,candidate_precision_high,delta_candidate_precision_mean,delta_candidate_precision_low,delta_candidate_precision_high,candidate_recall_mean,candidate_recall_low,candidate_recall_high,delta_candidate_recall_mean,delta_candidate_recall_low,delta_candidate_recall_high,candidate_f1_mean,candidate_f1_low,candidate_f1_high,delta_candidate_f1_mean,delta_candidate_f1_low,delta_candidate_f1_high
holdout42,STA,42,258,449,37,5,192,0,0,0.39510991513431193,0.31620809760854485,0.47620755151197003,0.0,0.0,0.0,0.2417259904939493,0.16092931281342773,0.3304737115602187,0.0,0.0,0.0,0.25579795589689874,0.1812146239238608,0.3373668521497878,0.0,0.0,0.0,5.0476190476190474,4.238095238095238,5.9523809523809526,0.0,0.0,0.0,0.5160576714617556,0.4331329538703685,0.5926802872373776,0.0,0.0,0.0,0.3313350670493528,0.24557629870129868,0.4224543809365238,0.0,0.0,0.0,0.35320767195767194,0.260797193877551,0.44959112811791374,0.0,0.0,0.0,0.3192492303836842,0.2404693720922713,0.40123653365775225,0.0,0.0,0.0
holdout42,none,42,258,449,37,5,258,11,11,0.3896375332826828,0.3114969099572621,0.4712301639293711,-0.005472381851629202,-0.017488619937012336,0.006978377209469637,0.2168123271805783,0.13674187339165625,0.3069350144005921,-0.024913663313371023,-0.0549431103139543,-0.004076848130556579,0.24315568943658333,0.17041539111217327,0.32524964180849913,-0.01264226646031542,-0.02787541819876493,-0.002732406093750633,5.523809523809524,4.619047619047619,6.523809523809524,0.47619047619047616,0.19047619047619047,0.8571428571428571,0.5094107952624184,0.42788884476620775,0.5850538286578115,-0.006646876199337212,-0.015189997687614325,-0.00028623427920232674,0.294984766695293,0.2176399105628429,0.3769541633004979,-0.03635030035405975,-0.07364287906816101,-0.003400716347144925,0.38977229780801215,0.29426268424036284,0.48697609599395314,0.036564625850340135,0.00935374149659864,0.06972789115646258,0.3138203191962591,0.23725966027845727,0.39399038875354664,-0.005428911187425119,-0.03208610035025338,0.023343480673257307
holdout42,S,42,258,449,37,5,241,10,10,0.39016663381178335,0.31211272737026297,0.4714223534250568,-0.004943281322528672,-0.016924122626990726,0.007430473844887431,0.22210333247158356,0.14244891795101877,0.31222368139174855,-0.01962265802236573,-0.04783385159070216,-0.002288188002473716,0.24368478996568385,0.17072795198235696,0.32580627872580736,-0.01211316593121489,-0.027533975821334246,-0.0022675736961451248,5.5,4.595238095238095,6.5,0.4523809523809524,0.16666666666666666,0.8333333333333334,0.511699878014318,0.4303182081728741,0.5869055122749166,-0.004357793447437591,-0.011554865181740983,0.00040954486279359825,0.29894364894364894,0.22006836087193227,0.3824545576777719,-0.03239141810570382,-0.06203098984348985,-0.005237674032316917,0.37786753590325023,0.28342769746787605,0.4731286611866969,0.024659863945578227,0.003401360544217687,0.054443027210884044,0.3112109932101087,0.23515523653128692,0.390225455188414,-0.00803823717357552,-0.030073360832289404,0.016982997100201874
holdout42,ST,42,258,449,37,5,199,3,3,0.39086178231475055,0.31231000784152047,0.47175602644120523,-0.004248132819561389,-0.010310106560106556,0.0,0.22909972786768665,0.14997465872957197,0.3188789750015352,-0.012626262626262626,-0.03715728715728715,0.0,0.2545531689378261,0.18015726577369298,0.33661191314257854,-0.001244786959072675,-0.0032110746396460717,0.0,5.119047619047619,4.285714285714286,6.023809523809524,0.07142857142857142,0.0,0.16666666666666666,0.5129957504602511,0.43129460972836603,0.5884141755288806,-0.0030619210015045127,-0.009178687181702408,0.0001349376738117805,0.3189407153692868,0.23629744594030305,0.4056085944478801,-0.012394351680065968,-0.03151412079983509,-0.0011337868480725624,0.35320767195767194,0.260797193877551,0.44959112811791374,0.0,0.0,0.0,0.31492022605467984,0.23648561318466782,0.39652627542858637,-0.004329004329004328,-0.009235209235209233,-0.0007215007215007208
holdout42,T,42,258,449,37,5,204,4,4,0.38793887402099836,0.31008622430087535,0.46904764441300045,-0.007171041113313673,-0.015667306752436452,-0.0007849293563579276,0.2276382737208105,0.14817562454168343,0.3175182347741823,-0.014087716773138767,-0.039358694729538714,0.0,0.2523609877175118,0.17802926581047934,0.333964551579199,-0.003436968179386888,-0.008768724881256854,0.0,5.261904761904762,4.357142857142857,6.309523809523809,0.21428571428571427,0.023809523809523808,0.5476190476190477,0.5131541031121364,0.4314012870151066,0.5884672429663298,-0.002903568349619235,-0.009071464211460652,0.0004005132959388123,0.31524388310102597,0.23239349275063562,0.40223302491159624,-0.016091183948326808,-0.03517599464028036,-0.004005531505531512,0.35320767195767194,0.260797193877551,0.44959112811791374,0.0,0.0,0.0,0.3118163038331106,0.23349355126666052,0.393579395433387,-0.007432926550573609,-0.013060632178279241,-0.002741702741702742
holdout42,A,42,258,449,37,5,247,8,8,0.39388566610224407,0.3149299763667611,0.4757692144143419,-0.0012242490320678121,-0.012235429085995396,0.010059781488352917,0.2294385898068409,0.14750108492544878,0.3195492295137274,-0.012287400687108395,-0.026838501979623643,-0.001566687280972994,0.24440047639565593,0.17150434350996835,0.32629322713898623,-0.011397479501242746,-0.026624967070710586,-0.0016628873771730901,5.4523809523809526,4.5476190476190474,6.4523809523809526,0.40476190476190477,0.11904761904761904,0.7857142857142857,0.512472716263923,0.43033305465535826,0.5887073964020345,-0.0035849551978326994,-0.009466456133630154,0.0005036420888853144,0.3044634824240087,0.22579044193588368,0.38786632379560004,-0.026871584625344024,-0.05602874995027251,0.0008424504171684532,0.38977229780801215,0.29426268424036284,0.48697609599395314,0.036564625850340135,0.00935374149659864,0.06972789115646258,0.31884738824915354,0.24261137213736098,0.3992105158985675,-0.0004018421345306348,-0.0247694364798366,0.02676791088279968
holdout42,SA,42,258,449,37,5,231,7,7,0.3944147666313447,0.31587533443198196,0.4763506235906703,-0.0006951485029672829,-0.011705736312970508,0.010571097125718973,0.23472959509784616,0.15329167390106196,0.324585330757744,-0.006996395396103104,-0.016482798653058055,-0.00043290043290043306,0.24492957692475648,0.1717724005939662,0.32683154162097583,-0.010868378972142215,-0.026457047465450825,-0.0012855142056823283,5.428571428571429,4.523809523809524,6.428571428571429,0.38095238095238093,0.09523809523809523,0.7619047619047619,0.5147617990158226,0.43190152480617644,0.5909143357346531,-0.0012958724459330782,-0.004201548461266157,0.0009565427335363237,0.3127409627409627,0.22982808527451384,0.40142251762787473,-0.01859410430839002,-0.038968833745619456,0.0028141749123891933,0.37786753590325023,0.28342769746787605,0.4731286611866969,0.024659863945578227,0.003401360544217687,0.054443027210884044,0.3165305094761088,0.24000354753810083,0.3956242862642132,-0.002718720907575399,-0.022810243152182563,0.02089585671200552
holdout42,TA,42,258,449,37,5,196,0,0,0.39510991513431193,0.31620809760854485,0.47620755151197003,0.0,0.0,0.0,0.2417259904939493,0.16092931281342773,0.3304737115602187,0.0,0.0,0.0,0.25579795589689874,0.1812146239238608,0.3373668521497878,0.0,0.0,0.0,5.0476190476190474,4.238095238095238,5.9523809523809526,0.0,0.0,0.0,0.5160576714617556,0.4331329538703685,0.5926802872373776,0.0,0.0,0.0,0.3284318855747427,0.2420996860282575,0.4200987339380196,-0.002903181474610045,-0.0067769532055246325,0.0,0.35320767195767194,0.260797193877551,0.44959112811791374,0.0,0.0,0.0,0.31667051824614856,0.2380821822707327,0.39884082372265145,-0.002578712137535667,-0.006011553805671446,0.0
test226,STA,226,1022,1951,189,37,546,0,0,0.366197820260558,0.3367533175146404,0.39444904081872495,0.0,0.0,0.0,0.20633992508666515,0.17794805875218603,0.23540082490502176,0.0,0.0,0.0,0.15026782123678495,0.1264492327105123,0.17517229230472828,0.0,0.0,0.0,3.938053097345133,3.504424778761062,4.4734513274336285,0.0,0.0,0.0,0.4786746197842418,0.4416538557576909,0.5161288011966727,0.0,0.0,0.0,0.31810144747091645,0.27147109128580366,0.36730063354786807,0.0,0.0,0.0,0.19766521652908953,0.16966273068962098,0.22730367755509284,0.0,0.0,0.0,0.21584244881470105,0.18688055966171752,0.24626520555289194,0.0,0.0,0.0
test226,none,226,1022,1951,189,37,1022,111,114,0.3667228143958595,0.33886887180741687,0.3936920994883425,0.0005249941353015044,-0.012433635486212642,0.013365597786021524,0.19277802630311647,0.16548168408158306,0.2201724654934545,-0.013561898783548692,-0.028603359481965743,0.0008935157397649527,0.1433044812123337,0.12075402837705991,0.16687908068895363,-0.006963340024451287,-0.01668878460849816,0.003010509111099193,4.924778761061947,4.442367256637168,5.491150442477876,0.9867256637168141,0.7876106194690266,1.2212389380530972,0.4842607063499068,0.44743570084493905,0.5208241587928941,0.005586086565665043,-0.008223159156093266,0.01977007680846849,0.2890747823193658,0.2495300452988506,0.33080311859587874,-0.029026665151550723,-0.06648357596147114,0.00974567530911937,0.26510095188517885,0.23299838408814852,0.29800461998958877,0.06743573535608934,0.04971535240202275,0.08682337758112095,0.24163268423336132,0.2131364254943187,0.2710940470004331,0.025790235418660257,0.007109222145967595,0.0456973596766479
test226,S,226,1022,1951,189,37,904,96,97,0.3664594748665127,0.33897414914619645,0.39314071788066174,0.00026165460595468617,-0.012052828248435161,0.012732871509295323,0.19460406715967868,0.16777107359477705,0.2216130758142627,-0.011735857926986452,-0.026430752770142202,0.0020161435237122153,0.14414879937959219,0.12161988702736849,0.16781865023479683,-0.006119021857192765,-0.015296908342524318,0.003207128586471171,4.8097345132743365,4.327433628318584,5.376106194690266,0.8716814159292036,0.6769911504424779,1.0973451327433628,0.4848590764848636,0.447899920393146,0.5213440212739445,0.006184456700621746,-0.007376515788575745,0.02023611551967006,0.289151344070096,0.2491629422289134,0.3312697614578146,-0.028950103400820524,-0.06479723967374638,0.008827368614330762,0.2524534592598101,0.2211850071887162,0.28450598878932104,0.05478824273072061,0.03792667509481669,0.07371523388116309,0.23483871742642531,0.20664856357361205,0.26358613789041246,0.018996268611724265,0.0020032089854175074,0.03761974933812936
test226,ST,226,1022,1951,189,37,578,11,11,0.36347367616473253,0.334531973329015,0.39148472538415663,-0.0027241440958255115,-0.006780191293465629,0.00047255104777228643,0.2017194472360988,0.1736383877013834,0.22977211622030136,-0.004620477850566345,-0.011713300833876053,-0.0005612381718576503,0.15138199712972192,0.1276724449067181,0.17621705240535232,0.001114175892936955,-0.001674264771609904,0.005068734117406679,4.017699115044247,3.584070796460177,4.553097345132743,0.07964601769911504,0.030973451327433628,0.13716814159292035,0.4775826813575331,0.4405097541960957,0.5146419956856081,-0.0010919384267086558,-0.005151088234347529,0.0018521843870016677,0.3043954877472576,0.25827243276634865,0.3512684505452757,-0.013705959723658841,-0.029678150021070375,0.001576854193004633,0.20135253216330778,0.17297440104360326,0.23117587023747552,0.0036873156342182886,0.0,0.009587020648967551,0.21591722654434606,0.18669389202298675,0.24654111097836298,7.477772964498632e-05,-0.005603180619773541,0.008029549727558575
test226,T,226,1022,1951,189,37,615,20,20,0.3602738148310866,0.3314696862690754,0.3878429799732798,-0.005924005429471334,-0.013249625540749954,0.00033472694521627274,0.19952080430346317,0.17199435185851558,0.22722897344778617,-0.006819120783201991,-0.014952984143509908,-0.0012885740914762266,0.15099655198894102,0.12725891491845376,0.17584896219190052,0.0007287307521560512,-0.002234290739626501,0.00481505957169674,4.185840707964601,3.730088495575221,4.73904867256637,0.24778761061946902,0.11061946902654868,0.43805309734513276,0.4774516869371151,0.44027040649215327,0.5145340881480497,-0.001222932847126665,-0.005407862159909062,0.0018832247226227355,0.3014043724220716,0.2559350018835639,0.34805270626620183,-0.01669707504884496,-0.03372299161015976,-0.0004814540793523122,0.20472642596861754,0.1761072753216331,0.23464276805855083,0.007061209439528023,0.0018436578171091445,0.013938053097345133,0.2166511078997855,0.1876831157431714,0.24705337798546767,0.0008086590850844652,-0.006201320856311407,0.009333053913594638
test226,A,226,1022,1951,189,37,917,97,98,0.36857509191185384,0.3403824775707437,0.3955549973336788,0.0023772716512958357,-0.009833575791968486,0.015102518630724435,0.19411216414167906,0.16663190953739784,0.22179810292335556,-0.012227760944986073,-0.026255303876588018,0.0010077420475205362,0.1446413940536713,0.12209283709803298,0.16802364752026694,-0.005626427183113666,-0.014355434072907496,0.0032172553394196448,4.774336283185841,4.292035398230088,5.336393805309733,0.8362831858407079,0.6415929203539823,1.0619469026548674,0.4862859672683262,0.44963529478605374,0.5227100651324931,0.007611347484084421,-0.0044385270900659845,0.02062908007147929,0.3016503402003413,0.26074251169398566,0.34499293154417876,-0.01645110727057518,-0.04911931588613163,0.018262948504858812,0.2536281326689968,0.2224231318633648,0.2859513506730125,0.05596291613990729,0.03912729140328698,0.07490788295406658,0.23882299647066113,0.21049696599941511,0.26799642015843894,0.022980547655960082,0.006030938965270115,0.04127947390807981
test226,SA,226,1022,1951,189,37,832,85,86,0.3683548508769329,0.34019077699174527,0.3950551637926844,0.002157030616374945,-0.009698279807491706,0.014186182124339747,0.19398951455397564,0.16720644974685503,0.22103765150278612,-0.0123504105326895,-0.02614069445855933,0.0005586839034125198,0.14660308059493538,0.1237652213603785,0.17034150990142158,-0.003664740641849603,-0.012220482140420015,0.004966198723793109,4.68141592920354,4.199115044247788,5.247787610619469,0.7433628318584071,0.5575221238938053,0.9646017699115044,0.4870024564057985,0.4503669796044793,0.5236733411017997,0.008327836621556712,-0.0038113153107096277,0.02137593492084111,0.30834296857145493,0.26635407034180686,0.3525257248610831,-0.009758478899461505,-0.042426880899760065,0.024673206078836222,0.24629037455690242,0.21573071595894996,0.2778753315485486,0.04862515802781289,0.03237463126843658,0.06693557732827644,0.23770103961461944,0.20948794749736643,0.26681210814813355,0.021858590799918396,0.005337398272739405,0.039686590412003286
test226,TA,226,1022,1951,189,37,570,9,9,0.36397326189336554,0.33456918576307754,0.3920408953050525,-0.0022245583671924125,-0.007029972890201939,0.0015096304008329002,0.20574231140992602,0.17728328635041998,0.2347771130289347,-0.0005976136767391322,-0.0012549267494608464,-8.676036786395981e-05,0.15023993397568583,0.12648394093032528,0.17512755843036856,-2.7887261099130065e-05,-0.0006302521008403366,0.0007432471513679216,4.066371681415929,3.6150442477876106,4.615044247787611,0.12831858407079647,0.022123893805309734,0.29646017699115046,0.47834596476597674,0.4413148363205128,0.5158308831402609,-0.00032865501826510353,-0.0012325412158456907,0.00047225642097389127,0.31585306286633724,0.2692132609278627,0.3647829671557547,-0.0022483846045792946,-0.0058190888818654305,0.000865729034976821,0.20015415458218683,0.17193640232641727,0.2301652281487816,0.002488938053097345,0.0002765486725663717,0.0055309734513274336,0.2166638041514198,0.18770182675192668,0.24687661998726254,0.0008213553367187711,-0.0017534454793009828,0.003965882071810485
