case_id,domain,category,target,normalized_target,raw_state,raw_correct_candidate_indexes,raw_best_iou,fine_state,fine_best_iou,dbscan_state,dbscan_best_iou,hpid_state,hpid_best_iou,root_target_recall,profile_verified_semantics,profile_rejected_semantics
cellular_telephone__u01,device,cellular_telephone,button,button,ambiguous,[],0.16154120585087406,ambiguous,0.14027827327863004,ambiguous,0.16154120585087406,ambiguous,0.14027827327863004,0.9977167320727791,"['device_bezel', 'device_button', 'device_port', 'device_screen', 'device_speaker']","['device_camera', 'device_flash', 'device_lens']"
laptop_computer__u01,device,laptop_computer,keyboard,keyboard,ambiguous,"[3, 11]",0.8677653188356552,unique_correct,0.6750722615369281,unique_correct,0.4462025316455696,unique_correct,0.6707413639513016,1.0,"['device_bezel', 'device_hinge', 'device_key', 'device_keyboard', 'device_logo', 'device_screen', 'device_touchpad']",['device_port']
television_set__u01,device,television_set,top,top_panel,unresolved,[],0.0,unresolved,0.0,unresolved,0.0,unresolved,0.0,0.7128614916286149,"['device_bezel', 'device_screen', 'device_speaker']",[]
remote_control__u01,device,remote_control,button,button,ambiguous,[],0.02405857740585774,ambiguous,0.017265193370165747,ambiguous,0.02405857740585774,ambiguous,0.14596670934699105,1.0,"['device_button', 'device_logo', 'device_screen']",[]
calculator__u01,device,cellular_telephone,bezel,bezel,ambiguous,[4],0.6421376393694733,unique_correct,0.5313650306748466,unique_wrong,0.08240396530359356,unique_correct,0.5566710092727412,0.9908751962323391,"['device_bezel', 'device_button', 'device_screen']",[]
telephone__u01,device,telephone,bezel,bezel,unique_wrong,[],0.1219901132195822,unique_wrong,0.022452830188679246,unique_wrong,0.019124308002013084,unique_wrong,0.04061291282356441,1.0,"['device_bezel', 'device_button', 'device_keyboard', 'device_logo', 'device_screen']",['device_key']
clock__u01,device,clock,case,body,unique_correct,[1],0.37645695668135093,unique_correct,0.42336777694394734,unique_correct,0.34528089639808546,unique_correct,0.4225673296192593,0.9551183165002765,"['device_base', 'device_clock_hand', 'device_dial', 'device_finial', 'device_screen']",[]
watch__u01,device,watch,case,body,unique_correct,[1],0.27064777327935224,unique_correct,0.26863446630888493,unique_correct,0.610041265474553,unique_correct,0.2656641604010025,0.9198486412108703,"['device_band', 'device_dial', 'device_logo', 'device_lug', 'device_screen']",['device_clock_hand']
chair__u01,furniture,chair,rail,rail,unresolved,[],0.0,unresolved,0.0,unresolved,0.0,unresolved,0.0,0.9770009199632015,"['furniture_backrest', 'furniture_cushion', 'furniture_seat', 'furniture_stile']",['furniture_leg']
bench__u01,furniture,bench,seat,seat,ambiguous,"[2, 23]",0.7491801825755562,unique_correct,0.7459009128777807,unique_correct,0.5475364963503649,unique_correct,0.8895662160968283,0.9779485771799798,"['furniture_armrest', 'furniture_backrest', 'furniture_cushion', 'furniture_foot', 'furniture_leg', 'furniture_seat', 'furniture_stretcher']",[]
stool__u01,furniture,stool,footrest,stretcher,unresolved,[],0.0,unresolved,0.0,unresolved,0.0,unresolved,0.0,0.0,"['character_accessory', 'character_head', 'character_leg', 'character_shoe', 'character_torso']",[]
table__u01,furniture,table,shelf,shelf,unresolved,[],0.0,unresolved,0.0,unresolved,0.0,unresolved,0.0,0.0,['furniture_armrest'],"['furniture_backrest', 'furniture_leg', 'furniture_seat', 'furniture_stretcher']"
bottle__u01,container,bottle,base,base,unique_wrong,[],0.0,unique_wrong,0.0,unique_wrong,0.0,unique_wrong,0.0,0.004782781984854523,"['container_base', 'container_label', 'container_pull_tab', 'container_spout']","['container_handle', 'container_inner']"
jar__u01,container,jar,base,base,unresolved,[],0.0,unresolved,0.0,unresolved,0.0,unresolved,0.0,0.8638573743922204,"['container_bottom', 'container_handle', 'container_label', 'container_lid', 'container_pull_tab', 'container_rim']",[]
can__u01,container,can,body,body,unique_wrong,[],0.21076181734740707,unique_correct,0.3280323450134771,unique_correct,0.30959537572254336,unique_correct,0.32855597620335314,0.717578125,"['container_base', 'container_handle', 'container_label', 'container_lid', 'container_pull_tab', 'container_spout']",[]
cup__u01,container,cup,handle,handle,unresolved,[],0.0,unresolved,0.0,unresolved,0.0,unresolved,0.0,0.03431372549019608,"['container_base', 'container_bottom', 'container_inner', 'container_rim']",[]
mug__u01,container,mug,inner_body,inner,unique_correct,[4],0.7862883702914689,unique_correct,0.756539035305818,unique_correct,0.7862883702914689,unique_correct,0.7556372305552796,1.0,"['container_bottom', 'container_handle', 'container_inner', 'container_label']",['container_rim']
glass_drink_container__u01,container,glass_(drink_container),base,base,unique_wrong,[],0.0,unique_wrong,0.0,unique_wrong,0.0,unresolved,0.0,0.0,"['container_label', 'container_rim']",['container_base']
bowl__u01,container,bowl,body,body,unique_correct,[1],0.2986003110419907,unique_correct,0.48267797105686305,unique_correct,0.4649394536750211,unique_correct,0.4835969537199766,0.9282088469905729,"['container_base', 'container_bottom', 'container_inner', 'container_rim']",[]
handbag__u01,container,handbag,rim,opening,unique_correct,[4],0.3705229793977813,unique_correct,0.3746794871794872,unique_correct,0.3705229793977813,unique_correct,0.3045513654096229,0.9975389663658737,"['container_handle', 'container_opening', 'container_strap']",['container_pocket']
plastic_bag__u01,container,plastic_bag,handle,handle,ambiguous,[],0.24989447024060785,ambiguous,0.24989447024060785,ambiguous,0.24989447024060785,ambiguous,0.24989447024060785,0.8825823223570191,['container_handle'],[]
box__u01,container,box,side,side,ambiguous,[2],0.5414703903095559,unique_wrong,0.006989024642783185,ambiguous,0.0001209848164055411,unique_wrong,0.00694855495792264,0.9909112942317014,"['container_bottom', 'container_label', 'container_outer_side', 'container_side']",['container_shoulder']
car_automobile__u01,vehicle,car_(automobile),bumper,bumper,unique_correct,[16],0.33196814562002275,unique_correct,0.36464927829830335,unique_correct,0.36296859169199597,unique_correct,0.36352169525731587,0.9835992907801419,"['vehicle_bumper', 'vehicle_door', 'vehicle_fender', 'vehicle_grille', 'vehicle_handle', 'vehicle_headlight', 'vehicle_hood', 'vehicle_rim', 'vehicle_roof', 'vehicle_taillight', 'vehicle_turn_signal', 'vehicle_wheel', 'vehicle_window', 'vehicle_wiper']",[]
bicycle__u01,vehicle,bicycle,wheel,tire,ambiguous,"[2, 8]",0.45691533615942315,ambiguous,0.4463153724247227,ambiguous,0.45691533615942315,ambiguous,0.4463748019017433,0.949560742214985,"['vehicle_chain', 'vehicle_gear', 'vehicle_handlebar', 'vehicle_wheel']",['vehicle_pedal']
car_automobile__u02,vehicle,car_(automobile),windshield,windshield,ambiguous,[2],0.704812834224599,unique_wrong,0.22032085561497325,unresolved,0.0,unique_wrong,0.21711229946524063,0.8609625668449198,"['vehicle_fender', 'vehicle_handle', 'vehicle_hood', 'vehicle_mirror', 'vehicle_rim', 'vehicle_roof', 'vehicle_window', 'vehicle_windshield', 'vehicle_wiper']",[]
bicycle__u02,vehicle,bicycle,wheel,tire,unique_correct,[2],0.37705669270719677,unique_correct,0.37705669270719677,unique_correct,0.3785246368555967,unique_correct,0.37669729952855807,0.9463435546830931,"['vehicle_chain', 'vehicle_frame', 'vehicle_handlebar', 'vehicle_pedal', 'vehicle_seat_tube', 'vehicle_wheel']",['vehicle_fork']
helmet__u01,daily_object,helmet,rim,rim,unresolved,[],0.0,unresolved,0.0,unresolved,0.0,unresolved,0.0,0.7865429234338747,"['daily_object_inner_lining', 'daily_object_logo', 'daily_object_visor']",[]
shoe__u01,daily_object,shoe,vamp,upper,unique_correct,[3],0.4349748743718593,unique_wrong,0.09341742215214821,unique_correct,0.316624895572264,unique_wrong,0.20691711389385808,0.9967860422405876,"['daily_object_eyelet', 'daily_object_upper']",[]
slipper_footwear__u01,daily_object,book,page,page,unresolved,[],0.0,unresolved,0.0,unresolved,0.0,unresolved,0.0,0.0,[],[]
screwdriver__u01,tool_prop,knife,blade,blade,unique_wrong,[],0.0053810239772097805,unresolved,0.0,unique_wrong,0.0053810239772097805,unique_wrong,0.012989057702904826,0.964126611957796,"['tool_prop_blade', 'tool_prop_handle']",[]
wrench__u01,tool_prop,knife,handle,handle,ambiguous,"[4, 6]",0.9527180783817952,unique_correct,0.8859091978358034,unique_correct,0.952212389380531,unique_correct,0.7211796246648794,0.994732683697656,"['tool_prop_blade', 'tool_prop_handle', 'tool_prop_wrap']",[]
knife__u01,tool_prop,knife,handle,handle,ambiguous,"[4, 5]",0.6921168161862951,unique_correct,0.7687244666364049,unique_correct,0.7727580754461261,unique_correct,0.7725331535176444,0.983841059602649,"['tool_prop_blade', 'tool_prop_handle', 'tool_prop_wrap']",[]
scissors__u01,tool_prop,scissors,handle,handle,ambiguous,[7],0.25458986019875357,ambiguous,0.14190620272314675,ambiguous,0.16470787181871988,ambiguous,0.14190620272314675,0.9575485799701047,"['tool_prop_blade', 'tool_prop_finger_hole', 'tool_prop_handle', 'tool_prop_pivot']",[]
pliers__u01,tool_prop,pliers,blade,jaw,ambiguous,[],0.0,ambiguous,0.0,ambiguous,0.0,ambiguous,0.0,0.0,['tool_prop_jaw'],[]
ladder__u01,tool_prop,ladder,rail,rail,unresolved,[],0.0,unresolved,0.0,unresolved,0.0,unresolved,0.0,0.9888268156424581,[],[]
guitar__u01,tool_prop,guitar,fingerboard,fingerboard,unique_correct,[2],0.8087141339001063,unique_correct,0.7068965517241379,unique_correct,0.8087141339001063,unique_correct,0.7068965517241379,0.8415094339622642,[],[]
pan_for_cooking__u01,tool_prop,pan_(for_cooking),side,side,unresolved,[],0.0,unresolved,0.0,unresolved,0.0,unresolved,0.0,0.9711453354576031,['tool_prop_lid'],[]
