case_id,domain,category,target,normalized_target,stage_order,stage,state,query_match_count,selected_identity,selected_semantic,selected_part_iou,best_review_match_iou,has_correct_option_025,unique_and_correct_025,unique_and_correct_050,wrong_unique_025,wrong_unique_050,query_ambiguous,query_unresolved,correct_in_review_set_025,correct_in_review_set_050
cellular_telephone__u01,device,cellular_telephone,button,button,0,fine_semantic_before_label_cleanup,unique_wrong,1,5,device_button,0.13893534002229654,0.13893534002229654,False,0,0,1,1,0,0,0,0
cellular_telephone__u01,device,cellular_telephone,button,button,1,fine_semantic_after_label_cleanup,unique_wrong,1,5,device_button,0.13893534002229654,0.13893534002229654,False,0,0,1,1,0,0,0,0
cellular_telephone__u01,device,cellular_telephone,button,button,2,fine_final_instances,ambiguous,3,device/device_button/center/01,device_button,0.14027827327863004,0.14027827327863004,False,0,0,0,0,1,0,0,0
cellular_telephone__u01,device,cellular_telephone,button,button,3,group_before_regularize_character_surface_boundaries,ambiguous,3,object_001/device_button/004,device_button,0.14027827327863004,0.14027827327863004,False,0,0,0,0,1,0,0,0
cellular_telephone__u01,device,cellular_telephone,button,button,4,group_after_regularize_character_surface_boundaries,ambiguous,3,object_001/device_button/004,device_button,0.14027827327863004,0.14027827327863004,False,0,0,0,0,1,0,0,0
cellular_telephone__u01,device,cellular_telephone,button,button,5,group_before_regularize_stem_base_boundaries,ambiguous,3,object_001/device_button/004,device_button,0.14027827327863004,0.14027827327863004,False,0,0,0,0,1,0,0,0
cellular_telephone__u01,device,cellular_telephone,button,button,6,group_after_regularize_stem_base_boundaries,ambiguous,3,object_001/device_button/004,device_button,0.14027827327863004,0.14027827327863004,False,0,0,0,0,1,0,0,0
cellular_telephone__u01,device,cellular_telephone,button,button,7,group_before_clean_group_satellites,ambiguous,3,object_001/device_button/004,device_button,0.14027827327863004,0.14027827327863004,False,0,0,0,0,1,0,0,0
cellular_telephone__u01,device,cellular_telephone,button,button,8,group_after_clean_group_satellites,ambiguous,3,object_001/device_button/004,device_button,0.14027827327863004,0.14027827327863004,False,0,0,0,0,1,0,0,0
cellular_telephone__u01,device,cellular_telephone,button,button,9,group_before_split_repeated_group_components,ambiguous,3,object_001/device_button/004,device_button,0.14027827327863004,0.14027827327863004,False,0,0,0,0,1,0,0,0
cellular_telephone__u01,device,cellular_telephone,button,button,10,group_after_split_repeated_group_components,ambiguous,3,object_001/device_button/004,device_button,0.14027827327863004,0.14027827327863004,False,0,0,0,0,1,0,0,0
cellular_telephone__u01,device,cellular_telephone,button,button,11,group_final_instances,ambiguous,3,object_001/device_button/004,device_button,0.14027827327863004,0.14027827327863004,False,0,0,0,0,1,0,0,0
laptop_computer__u01,device,laptop_computer,keyboard,keyboard,0,fine_semantic_before_label_cleanup,unique_correct,1,7,device_keyboard,0.6748194271481943,0.6748194271481943,True,1,1,0,0,0,0,0,0
laptop_computer__u01,device,laptop_computer,keyboard,keyboard,1,fine_semantic_after_label_cleanup,unique_correct,1,7,device_keyboard,0.6750722615369281,0.6750722615369281,True,1,1,0,0,0,0,0,0
laptop_computer__u01,device,laptop_computer,keyboard,keyboard,2,fine_final_instances,unique_correct,1,device/device_keyboard/center/01,device_keyboard,0.6750722615369281,0.6750722615369281,True,1,1,0,0,0,0,0,0
laptop_computer__u01,device,laptop_computer,keyboard,keyboard,3,group_before_regularize_character_surface_boundaries,unique_correct,1,object_001/device_keyboard/004,device_keyboard,0.6750722615369281,0.6750722615369281,True,1,1,0,0,0,0,0,0
laptop_computer__u01,device,laptop_computer,keyboard,keyboard,4,group_after_regularize_character_surface_boundaries,unique_correct,1,object_001/device_keyboard/004,device_keyboard,0.6750722615369281,0.6750722615369281,True,1,1,0,0,0,0,0,0
laptop_computer__u01,device,laptop_computer,keyboard,keyboard,5,group_before_regularize_stem_base_boundaries,unique_correct,1,object_001/device_keyboard/004,device_keyboard,0.6750722615369281,0.6750722615369281,True,1,1,0,0,0,0,0,0
laptop_computer__u01,device,laptop_computer,keyboard,keyboard,6,group_after_regularize_stem_base_boundaries,unique_correct,1,object_001/device_keyboard/004,device_keyboard,0.6750722615369281,0.6750722615369281,True,1,1,0,0,0,0,0,0
laptop_computer__u01,device,laptop_computer,keyboard,keyboard,7,group_before_clean_group_satellites,unique_correct,1,object_001/device_keyboard/004,device_keyboard,0.6750722615369281,0.6750722615369281,True,1,1,0,0,0,0,0,0
laptop_computer__u01,device,laptop_computer,keyboard,keyboard,8,group_after_clean_group_satellites,unique_correct,1,object_001/device_keyboard/004,device_keyboard,0.6707413639513016,0.6707413639513016,True,1,1,0,0,0,0,0,0
laptop_computer__u01,device,laptop_computer,keyboard,keyboard,9,group_before_split_repeated_group_components,unique_correct,1,object_001/device_keyboard/004,device_keyboard,0.6707413639513016,0.6707413639513016,True,1,1,0,0,0,0,0,0
laptop_computer__u01,device,laptop_computer,keyboard,keyboard,10,group_after_split_repeated_group_components,unique_correct,1,object_001/device_keyboard/004,device_keyboard,0.6707413639513016,0.6707413639513016,True,1,1,0,0,0,0,0,0
laptop_computer__u01,device,laptop_computer,keyboard,keyboard,11,group_final_instances,unique_correct,1,object_001/device_keyboard/004,device_keyboard,0.6707413639513016,0.6707413639513016,True,1,1,0,0,0,0,0,0
television_set__u01,device,television_set,top,top_panel,0,fine_semantic_before_label_cleanup,unresolved,0,,,0.0,0.0,False,0,0,0,0,0,1,0,0
television_set__u01,device,television_set,top,top_panel,1,fine_semantic_after_label_cleanup,unresolved,0,,,0.0,0.0,False,0,0,0,0,0,1,0,0
television_set__u01,device,television_set,top,top_panel,2,fine_final_instances,unresolved,0,,,0.0,0.0,False,0,0,0,0,0,1,0,0
television_set__u01,device,television_set,top,top_panel,3,group_before_regularize_character_surface_boundaries,unresolved,0,,,0.0,0.0,False,0,0,0,0,0,1,0,0
television_set__u01,device,television_set,top,top_panel,4,group_after_regularize_character_surface_boundaries,unresolved,0,,,0.0,0.0,False,0,0,0,0,0,1,0,0
television_set__u01,device,television_set,top,top_panel,5,group_before_regularize_stem_base_boundaries,unresolved,0,,,0.0,0.0,False,0,0,0,0,0,1,0,0
television_set__u01,device,television_set,top,top_panel,6,group_after_regularize_stem_base_boundaries,unresolved,0,,,0.0,0.0,False,0,0,0,0,0,1,0,0
television_set__u01,device,television_set,top,top_panel,7,group_before_clean_group_satellites,unresolved,0,,,0.0,0.0,False,0,0,0,0,0,1,0,0
television_set__u01,device,television_set,top,top_panel,8,group_after_clean_group_satellites,unresolved,0,,,0.0,0.0,False,0,0,0,0,0,1,0,0
television_set__u01,device,television_set,top,top_panel,9,group_before_split_repeated_group_components,unresolved,0,,,0.0,0.0,False,0,0,0,0,0,1,0,0
television_set__u01,device,television_set,top,top_panel,10,group_after_split_repeated_group_components,unresolved,0,,,0.0,0.0,False,0,0,0,0,0,1,0,0
television_set__u01,device,television_set,top,top_panel,11,group_final_instances,unresolved,0,,,0.0,0.0,False,0,0,0,0,0,1,0,0
remote_control__u01,device,remote_control,button,button,0,fine_semantic_before_label_cleanup,unique_wrong,1,4,device_button,0.034055727554179564,0.034055727554179564,False,0,0,1,1,0,0,0,0
remote_control__u01,device,remote_control,button,button,1,fine_semantic_after_label_cleanup,unique_wrong,1,4,device_button,0.034055727554179564,0.034055727554179564,False,0,0,1,1,0,0,0,0
remote_control__u01,device,remote_control,button,button,2,fine_final_instances,ambiguous,4,device_body/device_button/center/01,device_button,0.016621983914209115,0.017265193370165747,False,0,0,0,0,1,0,0,0
remote_control__u01,device,remote_control,button,button,3,group_before_regularize_character_surface_boundaries,ambiguous,4,object_001/device_button/003,device_button,0.09492114021125742,0.14596670934699105,False,0,0,0,0,1,0,0,0
remote_control__u01,device,remote_control,button,button,4,group_after_regularize_character_surface_boundaries,ambiguous,4,object_001/device_button/003,device_button,0.09492114021125742,0.14596670934699105,False,0,0,0,0,1,0,0,0
remote_control__u01,device,remote_control,button,button,5,group_before_regularize_stem_base_boundaries,ambiguous,4,object_001/device_button/003,device_button,0.09492114021125742,0.14596670934699105,False,0,0,0,0,1,0,0,0
remote_control__u01,device,remote_control,button,button,6,group_after_regularize_stem_base_boundaries,ambiguous,4,object_001/device_button/003,device_button,0.09492114021125742,0.14596670934699105,False,0,0,0,0,1,0,0,0
remote_control__u01,device,remote_control,button,button,7,group_before_clean_group_satellites,ambiguous,4,object_001/device_button/003,device_button,0.09492114021125742,0.14596670934699105,False,0,0,0,0,1,0,0,0
remote_control__u01,device,remote_control,button,button,8,group_after_clean_group_satellites,ambiguous,4,object_001/device_button/003,device_button,0.09486623282718727,0.14596670934699105,False,0,0,0,0,1,0,0,0
remote_control__u01,device,remote_control,button,button,9,group_before_split_repeated_group_components,ambiguous,4,object_001/device_button/003,device_button,0.09486623282718727,0.14596670934699105,False,0,0,0,0,1,0,0,0
remote_control__u01,device,remote_control,button,button,10,group_after_split_repeated_group_components,ambiguous,4,object_001/device_button/003,device_button,0.09486623282718727,0.14596670934699105,False,0,0,0,0,1,0,0,0
remote_control__u01,device,remote_control,button,button,11,group_final_instances,ambiguous,4,object_001/device_button/003,device_button,0.09486623282718727,0.14596670934699105,False,0,0,0,0,1,0,0,0
calculator__u01,device,cellular_telephone,bezel,bezel,0,fine_semantic_before_label_cleanup,unique_correct,1,3,device_bezel,0.5316717791411043,0.5316717791411043,True,1,1,0,0,0,0,0,0
calculator__u01,device,cellular_telephone,bezel,bezel,1,fine_semantic_after_label_cleanup,unique_correct,1,3,device_bezel,0.5312332336935695,0.5312332336935695,True,1,1,0,0,0,0,0,0
calculator__u01,device,cellular_telephone,bezel,bezel,2,fine_final_instances,unique_correct,1,device_screen/device_bezel/center/01,device_bezel,0.5313650306748466,0.5313650306748466,True,1,1,0,0,0,0,0,0
calculator__u01,device,cellular_telephone,bezel,bezel,3,group_before_regularize_character_surface_boundaries,unique_correct,1,object_001/device_bezel/006,device_bezel,0.5563650306748467,0.5563650306748467,True,1,1,0,0,0,0,0,0
calculator__u01,device,cellular_telephone,bezel,bezel,4,group_after_regularize_character_surface_boundaries,unique_correct,1,object_001/device_bezel/006,device_bezel,0.5563650306748467,0.5563650306748467,True,1,1,0,0,0,0,0,0
calculator__u01,device,cellular_telephone,bezel,bezel,5,group_before_regularize_stem_base_boundaries,unique_correct,1,object_001/device_bezel/006,device_bezel,0.5563650306748467,0.5563650306748467,True,1,1,0,0,0,0,0,0
calculator__u01,device,cellular_telephone,bezel,bezel,6,group_after_regularize_stem_base_boundaries,unique_correct,1,object_001/device_bezel/006,device_bezel,0.5563650306748467,0.5563650306748467,True,1,1,0,0,0,0,0,0
calculator__u01,device,cellular_telephone,bezel,bezel,7,group_before_clean_group_satellites,unique_correct,1,object_001/device_bezel/006,device_bezel,0.5563650306748467,0.5563650306748467,True,1,1,0,0,0,0,0,0
calculator__u01,device,cellular_telephone,bezel,bezel,8,group_after_clean_group_satellites,unique_correct,1,object_001/device_bezel/006,device_bezel,0.5566710092727412,0.5566710092727412,True,1,1,0,0,0,0,0,0
calculator__u01,device,cellular_telephone,bezel,bezel,9,group_before_split_repeated_group_components,unique_correct,1,object_001/device_bezel/006,device_bezel,0.5566710092727412,0.5566710092727412,True,1,1,0,0,0,0,0,0
calculator__u01,device,cellular_telephone,bezel,bezel,10,group_after_split_repeated_group_components,unique_correct,1,object_001/device_bezel/006,device_bezel,0.5566710092727412,0.5566710092727412,True,1,1,0,0,0,0,0,0
calculator__u01,device,cellular_telephone,bezel,bezel,11,group_final_instances,unique_correct,1,object_001/device_bezel/006,device_bezel,0.5566710092727412,0.5566710092727412,True,1,1,0,0,0,0,0,0
telephone__u01,device,telephone,bezel,bezel,0,fine_semantic_before_label_cleanup,unique_wrong,1,3,device_bezel,0.024995301635031008,0.024995301635031008,False,0,0,1,1,0,0,0,0
telephone__u01,device,telephone,bezel,bezel,1,fine_semantic_after_label_cleanup,unique_wrong,1,3,device_bezel,0.022452830188679246,0.022452830188679246,False,0,0,1,1,0,0,0,0
telephone__u01,device,telephone,bezel,bezel,2,fine_final_instances,unique_wrong,1,device_screen/device_bezel/center/01,device_bezel,0.022452830188679246,0.022452830188679246,False,0,0,1,1,0,0,0,0
telephone__u01,device,telephone,bezel,bezel,3,group_before_regularize_character_surface_boundaries,unique_wrong,1,object_001/device_bezel/010,device_bezel,0.04064314426083073,0.04064314426083073,False,0,0,1,1,0,0,0,0
telephone__u01,device,telephone,bezel,bezel,4,group_after_regularize_character_surface_boundaries,unique_wrong,1,object_001/device_bezel/010,device_bezel,0.04064314426083073,0.04064314426083073,False,0,0,1,1,0,0,0,0
telephone__u01,device,telephone,bezel,bezel,5,group_before_regularize_stem_base_boundaries,unique_wrong,1,object_001/device_bezel/010,device_bezel,0.04064314426083073,0.04064314426083073,False,0,0,1,1,0,0,0,0
telephone__u01,device,telephone,bezel,bezel,6,group_after_regularize_stem_base_boundaries,unique_wrong,1,object_001/device_bezel/010,device_bezel,0.04064314426083073,0.04064314426083073,False,0,0,1,1,0,0,0,0
telephone__u01,device,telephone,bezel,bezel,7,group_before_clean_group_satellites,unique_wrong,1,object_001/device_bezel/010,device_bezel,0.04064314426083073,0.04064314426083073,False,0,0,1,1,0,0,0,0
telephone__u01,device,telephone,bezel,bezel,8,group_after_clean_group_satellites,unique_wrong,1,object_001/device_bezel/010,device_bezel,0.04061291282356441,0.04061291282356441,False,0,0,1,1,0,0,0,0
telephone__u01,device,telephone,bezel,bezel,9,group_before_split_repeated_group_components,unique_wrong,1,object_001/device_bezel/010,device_bezel,0.04061291282356441,0.04061291282356441,False,0,0,1,1,0,0,0,0
telephone__u01,device,telephone,bezel,bezel,10,group_after_split_repeated_group_components,unique_wrong,1,object_001/device_bezel/010,device_bezel,0.04061291282356441,0.04061291282356441,False,0,0,1,1,0,0,0,0
telephone__u01,device,telephone,bezel,bezel,11,group_final_instances,unique_wrong,1,object_001/device_bezel/010,device_bezel,0.04061291282356441,0.04061291282356441,False,0,0,1,1,0,0,0,0
clock__u01,device,clock,case,body,0,fine_semantic_before_label_cleanup,ambiguous,2,1,device,0.42333112066726314,0.42333112066726314,True,0,0,0,0,1,0,1,0
clock__u01,device,clock,case,body,1,fine_semantic_after_label_cleanup,ambiguous,2,1,device,0.4234044395693214,0.4234044395693214,True,0,0,0,0,1,0,1,0
clock__u01,device,clock,case,body,2,fine_final_instances,unique_correct,1,device/device/center/01,device,0.42336777694394734,0.42336777694394734,True,1,0,0,1,0,0,0,0
clock__u01,device,clock,case,body,3,group_before_regularize_character_surface_boundaries,unique_correct,1,object_001/device_body,device_body,0.42336777694394734,0.42336777694394734,True,1,0,0,1,0,0,0,0
clock__u01,device,clock,case,body,4,group_after_regularize_character_surface_boundaries,unique_correct,1,object_001/device_body,device_body,0.42336777694394734,0.42336777694394734,True,1,0,0,1,0,0,0,0
clock__u01,device,clock,case,body,5,group_before_regularize_stem_base_boundaries,unique_correct,1,object_001/device_body,device_body,0.42336777694394734,0.42336777694394734,True,1,0,0,1,0,0,0,0
clock__u01,device,clock,case,body,6,group_after_regularize_stem_base_boundaries,unique_correct,1,object_001/device_body,device_body,0.42336777694394734,0.42336777694394734,True,1,0,0,1,0,0,0,0
clock__u01,device,clock,case,body,7,group_before_clean_group_satellites,unique_correct,1,object_001/device_body,device_body,0.42336777694394734,0.42336777694394734,True,1,0,0,1,0,0,0,0
clock__u01,device,clock,case,body,8,group_after_clean_group_satellites,unique_correct,1,object_001/device_body,device_body,0.4225673296192593,0.4225673296192593,True,1,0,0,1,0,0,0,0
clock__u01,device,clock,case,body,9,group_before_split_repeated_group_components,unique_correct,1,object_001/device_body,device_body,0.4225673296192593,0.4225673296192593,True,1,0,0,1,0,0,0,0
clock__u01,device,clock,case,body,10,group_after_split_repeated_group_components,unique_correct,1,object_001/device_body,device_body,0.4225673296192593,0.4225673296192593,True,1,0,0,1,0,0,0,0
clock__u01,device,clock,case,body,11,group_final_instances,unique_correct,1,object_001/device_body,device_body,0.4225673296192593,0.4225673296192593,True,1,0,0,1,0,0,0,0
watch__u01,device,watch,case,body,0,fine_semantic_before_label_cleanup,ambiguous,2,1,device,0.26863446630888493,0.26863446630888493,True,0,0,0,0,1,0,1,0
watch__u01,device,watch,case,body,1,fine_semantic_after_label_cleanup,ambiguous,2,1,device,0.26863446630888493,0.26863446630888493,True,0,0,0,0,1,0,1,0
watch__u01,device,watch,case,body,2,fine_final_instances,unique_correct,1,device/device/center/01,device,0.26863446630888493,0.26863446630888493,True,1,0,0,1,0,0,0,0
watch__u01,device,watch,case,body,3,group_before_regularize_character_surface_boundaries,unique_correct,1,object_001/device_body,device_body,0.2656641604010025,0.2656641604010025,True,1,0,0,1,0,0,0,0
watch__u01,device,watch,case,body,4,group_after_regularize_character_surface_boundaries,unique_correct,1,object_001/device_body,device_body,0.2656641604010025,0.2656641604010025,True,1,0,0,1,0,0,0,0
watch__u01,device,watch,case,body,5,group_before_regularize_stem_base_boundaries,unique_correct,1,object_001/device_body,device_body,0.2656641604010025,0.2656641604010025,True,1,0,0,1,0,0,0,0
watch__u01,device,watch,case,body,6,group_after_regularize_stem_base_boundaries,unique_correct,1,object_001/device_body,device_body,0.2656641604010025,0.2656641604010025,True,1,0,0,1,0,0,0,0
watch__u01,device,watch,case,body,7,group_before_clean_group_satellites,unique_correct,1,object_001/device_body,device_body,0.2656641604010025,0.2656641604010025,True,1,0,0,1,0,0,0,0
watch__u01,device,watch,case,body,8,group_after_clean_group_satellites,unique_correct,1,object_001/device_body,device_body,0.2656641604010025,0.2656641604010025,True,1,0,0,1,0,0,0,0
watch__u01,device,watch,case,body,9,group_before_split_repeated_group_components,unique_correct,1,object_001/device_body,device_body,0.2656641604010025,0.2656641604010025,True,1,0,0,1,0,0,0,0
watch__u01,device,watch,case,body,10,group_after_split_repeated_group_components,unique_correct,1,object_001/device_body,device_body,0.2656641604010025,0.2656641604010025,True,1,0,0,1,0,0,0,0
watch__u01,device,watch,case,body,11,group_final_instances,unique_correct,1,object_001/device_body,device_body,0.2656641604010025,0.2656641604010025,True,1,0,0,1,0,0,0,0
chair__u01,furniture,chair,rail,rail,0,fine_semantic_before_label_cleanup,unresolved,0,,,0.0,0.0,False,0,0,0,0,0,1,0,0
chair__u01,furniture,chair,rail,rail,1,fine_semantic_after_label_cleanup,unresolved,0,,,0.0,0.0,False,0,0,0,0,0,1,0,0
chair__u01,furniture,chair,rail,rail,2,fine_final_instances,unresolved,0,,,0.0,0.0,False,0,0,0,0,0,1,0,0
chair__u01,furniture,chair,rail,rail,3,group_before_regularize_character_surface_boundaries,unresolved,0,,,0.0,0.0,False,0,0,0,0,0,1,0,0
chair__u01,furniture,chair,rail,rail,4,group_after_regularize_character_surface_boundaries,unresolved,0,,,0.0,0.0,False,0,0,0,0,0,1,0,0
chair__u01,furniture,chair,rail,rail,5,group_before_regularize_stem_base_boundaries,unresolved,0,,,0.0,0.0,False,0,0,0,0,0,1,0,0
chair__u01,furniture,chair,rail,rail,6,group_after_regularize_stem_base_boundaries,unresolved,0,,,0.0,0.0,False,0,0,0,0,0,1,0,0
chair__u01,furniture,chair,rail,rail,7,group_before_clean_group_satellites,unresolved,0,,,0.0,0.0,False,0,0,0,0,0,1,0,0
chair__u01,furniture,chair,rail,rail,8,group_after_clean_group_satellites,unresolved,0,,,0.0,0.0,False,0,0,0,0,0,1,0,0
chair__u01,furniture,chair,rail,rail,9,group_before_split_repeated_group_components,unresolved,0,,,0.0,0.0,False,0,0,0,0,0,1,0,0
chair__u01,furniture,chair,rail,rail,10,group_after_split_repeated_group_components,unresolved,0,,,0.0,0.0,False,0,0,0,0,0,1,0,0
chair__u01,furniture,chair,rail,rail,11,group_final_instances,unresolved,0,,,0.0,0.0,False,0,0,0,0,0,1,0,0
bench__u01,furniture,bench,seat,seat,0,fine_semantic_before_label_cleanup,unique_correct,1,8,furniture_seat,0.7436851901090136,0.7436851901090136,True,1,1,0,0,0,0,0,0
bench__u01,furniture,bench,seat,seat,1,fine_semantic_after_label_cleanup,unique_correct,1,8,furniture_seat,0.7466985730745369,0.7466985730745369,True,1,1,0,0,0,0,0,0
bench__u01,furniture,bench,seat,seat,2,fine_final_instances,unique_correct,1,furniture/furniture_seat/center/01,furniture_seat,0.7459009128777807,0.7459009128777807,True,1,1,0,0,0,0,0,0
bench__u01,furniture,bench,seat,seat,3,group_before_regularize_character_surface_boundaries,unique_correct,1,object_001/furniture_seat/010,furniture_seat,0.8898027770407712,0.8898027770407712,True,1,1,0,0,0,0,0,0
bench__u01,furniture,bench,seat,seat,4,group_after_regularize_character_surface_boundaries,unique_correct,1,object_001/furniture_seat/010,furniture_seat,0.8898027770407712,0.8898027770407712,True,1,1,0,0,0,0,0,0
bench__u01,furniture,bench,seat,seat,5,group_before_regularize_stem_base_boundaries,unique_correct,1,object_001/furniture_seat/010,furniture_seat,0.8898027770407712,0.8898027770407712,True,1,1,0,0,0,0,0,0
bench__u01,furniture,bench,seat,seat,6,group_after_regularize_stem_base_boundaries,unique_correct,1,object_001/furniture_seat/010,furniture_seat,0.8898027770407712,0.8898027770407712,True,1,1,0,0,0,0,0,0
bench__u01,furniture,bench,seat,seat,7,group_before_clean_group_satellites,unique_correct,1,object_001/furniture_seat/010,furniture_seat,0.8898027770407712,0.8898027770407712,True,1,1,0,0,0,0,0,0
bench__u01,furniture,bench,seat,seat,8,group_after_clean_group_satellites,unique_correct,1,object_001/furniture_seat/010,furniture_seat,0.8895662160968283,0.8895662160968283,True,1,1,0,0,0,0,0,0
bench__u01,furniture,bench,seat,seat,9,group_before_split_repeated_group_components,unique_correct,1,object_001/furniture_seat/010,furniture_seat,0.8895662160968283,0.8895662160968283,True,1,1,0,0,0,0,0,0
bench__u01,furniture,bench,seat,seat,10,group_after_split_repeated_group_components,unique_correct,1,object_001/furniture_seat/010,furniture_seat,0.8895662160968283,0.8895662160968283,True,1,1,0,0,0,0,0,0
bench__u01,furniture,bench,seat,seat,11,group_final_instances,unique_correct,1,object_001/furniture_seat/010,furniture_seat,0.8895662160968283,0.8895662160968283,True,1,1,0,0,0,0,0,0
stool__u01,furniture,stool,footrest,stretcher,0,fine_semantic_before_label_cleanup,unresolved,0,,,0.0,0.0,False,0,0,0,0,0,1,0,0
stool__u01,furniture,stool,footrest,stretcher,1,fine_semantic_after_label_cleanup,unresolved,0,,,0.0,0.0,False,0,0,0,0,0,1,0,0
stool__u01,furniture,stool,footrest,stretcher,2,fine_final_instances,unresolved,0,,,0.0,0.0,False,0,0,0,0,0,1,0,0
stool__u01,furniture,stool,footrest,stretcher,3,group_before_regularize_character_surface_boundaries,unresolved,0,,,0.0,0.0,False,0,0,0,0,0,1,0,0
stool__u01,furniture,stool,footrest,stretcher,4,group_after_regularize_character_surface_boundaries,unresolved,0,,,0.0,0.0,False,0,0,0,0,0,1,0,0
stool__u01,furniture,stool,footrest,stretcher,5,group_before_regularize_stem_base_boundaries,unresolved,0,,,0.0,0.0,False,0,0,0,0,0,1,0,0
stool__u01,furniture,stool,footrest,stretcher,6,group_after_regularize_stem_base_boundaries,unresolved,0,,,0.0,0.0,False,0,0,0,0,0,1,0,0
stool__u01,furniture,stool,footrest,stretcher,7,group_before_clean_group_satellites,unresolved,0,,,0.0,0.0,False,0,0,0,0,0,1,0,0
stool__u01,furniture,stool,footrest,stretcher,8,group_after_clean_group_satellites,unresolved,0,,,0.0,0.0,False,0,0,0,0,0,1,0,0
stool__u01,furniture,stool,footrest,stretcher,9,group_before_split_repeated_group_components,unresolved,0,,,0.0,0.0,False,0,0,0,0,0,1,0,0
stool__u01,furniture,stool,footrest,stretcher,10,group_after_split_repeated_group_components,unresolved,0,,,0.0,0.0,False,0,0,0,0,0,1,0,0
stool__u01,furniture,stool,footrest,stretcher,11,group_final_instances,unresolved,0,,,0.0,0.0,False,0,0,0,0,0,1,0,0
table__u01,furniture,table,shelf,shelf,0,fine_semantic_before_label_cleanup,unresolved,0,,,0.0,0.0,False,0,0,0,0,0,1,0,0
table__u01,furniture,table,shelf,shelf,1,fine_semantic_after_label_cleanup,unresolved,0,,,0.0,0.0,False,0,0,0,0,0,1,0,0
table__u01,furniture,table,shelf,shelf,2,fine_final_instances,unresolved,0,,,0.0,0.0,False,0,0,0,0,0,1,0,0
table__u01,furniture,table,shelf,shelf,3,group_before_regularize_character_surface_boundaries,unresolved,0,,,0.0,0.0,False,0,0,0,0,0,1,0,0
table__u01,furniture,table,shelf,shelf,4,group_after_regularize_character_surface_boundaries,unresolved,0,,,0.0,0.0,False,0,0,0,0,0,1,0,0
table__u01,furniture,table,shelf,shelf,5,group_before_regularize_stem_base_boundaries,unresolved,0,,,0.0,0.0,False,0,0,0,0,0,1,0,0
table__u01,furniture,table,shelf,shelf,6,group_after_regularize_stem_base_boundaries,unresolved,0,,,0.0,0.0,False,0,0,0,0,0,1,0,0
table__u01,furniture,table,shelf,shelf,7,group_before_clean_group_satellites,unresolved,0,,,0.0,0.0,False,0,0,0,0,0,1,0,0
table__u01,furniture,table,shelf,shelf,8,group_after_clean_group_satellites,unresolved,0,,,0.0,0.0,False,0,0,0,0,0,1,0,0
table__u01,furniture,table,shelf,shelf,9,group_before_split_repeated_group_components,unresolved,0,,,0.0,0.0,False,0,0,0,0,0,1,0,0
table__u01,furniture,table,shelf,shelf,10,group_after_split_repeated_group_components,unresolved,0,,,0.0,0.0,False,0,0,0,0,0,1,0,0
table__u01,furniture,table,shelf,shelf,11,group_final_instances,unresolved,0,,,0.0,0.0,False,0,0,0,0,0,1,0,0
bottle__u01,container,bottle,base,base,0,fine_semantic_before_label_cleanup,unique_wrong,1,2,container_base,0.0,0.0,False,0,0,1,1,0,0,0,0
bottle__u01,container,bottle,base,base,1,fine_semantic_after_label_cleanup,unique_wrong,1,2,container_base,0.0,0.0,False,0,0,1,1,0,0,0,0
bottle__u01,container,bottle,base,base,2,fine_final_instances,unique_wrong,1,container_body/container_base/left/01,container_base,0.0,0.0,False,0,0,1,1,0,0,0,0
bottle__u01,container,bottle,base,base,3,group_before_regularize_character_surface_boundaries,unique_wrong,1,object_001/container_base/002,container_base,0.0,0.0,False,0,0,1,1,0,0,0,0
bottle__u01,container,bottle,base,base,4,group_after_regularize_character_surface_boundaries,unique_wrong,1,object_001/container_base/002,container_base,0.0,0.0,False,0,0,1,1,0,0,0,0
bottle__u01,container,bottle,base,base,5,group_before_regularize_stem_base_boundaries,unique_wrong,1,object_001/container_base/002,container_base,0.0,0.0,False,0,0,1,1,0,0,0,0
bottle__u01,container,bottle,base,base,6,group_after_regularize_stem_base_boundaries,unique_wrong,1,object_001/container_base/002,container_base,0.0,0.0,False,0,0,1,1,0,0,0,0
bottle__u01,container,bottle,base,base,7,group_before_clean_group_satellites,unique_wrong,1,object_001/container_base/002,container_base,0.0,0.0,False,0,0,1,1,0,0,0,0
bottle__u01,container,bottle,base,base,8,group_after_clean_group_satellites,unique_wrong,1,object_001/container_base/002,container_base,0.0,0.0,False,0,0,1,1,0,0,0,0
bottle__u01,container,bottle,base,base,9,group_before_split_repeated_group_components,unique_wrong,1,object_001/container_base/002,container_base,0.0,0.0,False,0,0,1,1,0,0,0,0
bottle__u01,container,bottle,base,base,10,group_after_split_repeated_group_components,unique_wrong,1,object_001/container_base/002,container_base,0.0,0.0,False,0,0,1,1,0,0,0,0
bottle__u01,container,bottle,base,base,11,group_final_instances,unique_wrong,1,object_001/container_base/002,container_base,0.0,0.0,False,0,0,1,1,0,0,0,0
jar__u01,container,jar,base,base,0,fine_semantic_before_label_cleanup,unresolved,0,,,0.0,0.0,False,0,0,0,0,0,1,0,0
jar__u01,container,jar,base,base,1,fine_semantic_after_label_cleanup,unresolved,0,,,0.0,0.0,False,0,0,0,0,0,1,0,0
jar__u01,container,jar,base,base,2,fine_final_instances,unresolved,0,,,0.0,0.0,False,0,0,0,0,0,1,0,0
jar__u01,container,jar,base,base,3,group_before_regularize_character_surface_boundaries,unresolved,0,,,0.0,0.0,False,0,0,0,0,0,1,0,0
jar__u01,container,jar,base,base,4,group_after_regularize_character_surface_boundaries,unresolved,0,,,0.0,0.0,False,0,0,0,0,0,1,0,0
jar__u01,container,jar,base,base,5,group_before_regularize_stem_base_boundaries,unresolved,0,,,0.0,0.0,False,0,0,0,0,0,1,0,0
jar__u01,container,jar,base,base,6,group_after_regularize_stem_base_boundaries,unresolved,0,,,0.0,0.0,False,0,0,0,0,0,1,0,0
jar__u01,container,jar,base,base,7,group_before_clean_group_satellites,unresolved,0,,,0.0,0.0,False,0,0,0,0,0,1,0,0
jar__u01,container,jar,base,base,8,group_after_clean_group_satellites,unresolved,0,,,0.0,0.0,False,0,0,0,0,0,1,0,0
jar__u01,container,jar,base,base,9,group_before_split_repeated_group_components,unresolved,0,,,0.0,0.0,False,0,0,0,0,0,1,0,0
jar__u01,container,jar,base,base,10,group_after_split_repeated_group_components,unresolved,0,,,0.0,0.0,False,0,0,0,0,0,1,0,0
jar__u01,container,jar,base,base,11,group_final_instances,unresolved,0,,,0.0,0.0,False,0,0,0,0,0,1,0,0
can__u01,container,can,body,body,0,fine_semantic_before_label_cleanup,ambiguous,2,1,container,0.3288409703504043,0.3288409703504043,True,0,0,0,0,1,0,1,0
can__u01,container,can,body,body,1,fine_semantic_after_label_cleanup,ambiguous,2,1,container,0.32855597620335314,0.32855597620335314,True,0,0,0,0,1,0,1,0
can__u01,container,can,body,body,2,fine_final_instances,unique_correct,1,container/container/center/01,container,0.3280323450134771,0.3280323450134771,True,1,0,0,1,0,0,0,0
can__u01,container,can,body,body,3,group_before_regularize_character_surface_boundaries,unique_correct,1,object_001/container_body,container_body,0.3280323450134771,0.3280323450134771,True,1,0,0,1,0,0,0,0
can__u01,container,can,body,body,4,group_after_regularize_character_surface_boundaries,unique_correct,1,object_001/container_body,container_body,0.3280323450134771,0.3280323450134771,True,1,0,0,1,0,0,0,0
can__u01,container,can,body,body,5,group_before_regularize_stem_base_boundaries,unique_correct,1,object_001/container_body,container_body,0.3280323450134771,0.3280323450134771,True,1,0,0,1,0,0,0,0
can__u01,container,can,body,body,6,group_after_regularize_stem_base_boundaries,unique_correct,1,object_001/container_body,container_body,0.3280323450134771,0.3280323450134771,True,1,0,0,1,0,0,0,0
can__u01,container,can,body,body,7,group_before_clean_group_satellites,unique_correct,1,object_001/container_body,container_body,0.3280323450134771,0.3280323450134771,True,1,0,0,1,0,0,0,0
can__u01,container,can,body,body,8,group_after_clean_group_satellites,unique_correct,1,object_001/container_body,container_body,0.32855597620335314,0.32855597620335314,True,1,0,0,1,0,0,0,0
can__u01,container,can,body,body,9,group_before_split_repeated_group_components,unique_correct,1,object_001/container_body,container_body,0.32855597620335314,0.32855597620335314,True,1,0,0,1,0,0,0,0
can__u01,container,can,body,body,10,group_after_split_repeated_group_components,unique_correct,1,object_001/container_body,container_body,0.32855597620335314,0.32855597620335314,True,1,0,0,1,0,0,0,0
can__u01,container,can,body,body,11,group_final_instances,unique_correct,1,object_001/container_body,container_body,0.32855597620335314,0.32855597620335314,True,1,0,0,1,0,0,0,0
cup__u01,container,cup,handle,handle,0,fine_semantic_before_label_cleanup,unresolved,0,,,0.0,0.0,False,0,0,0,0,0,1,0,0
cup__u01,container,cup,handle,handle,1,fine_semantic_after_label_cleanup,unresolved,0,,,0.0,0.0,False,0,0,0,0,0,1,0,0
cup__u01,container,cup,handle,handle,2,fine_final_instances,unresolved,0,,,0.0,0.0,False,0,0,0,0,0,1,0,0
cup__u01,container,cup,handle,handle,3,group_before_regularize_character_surface_boundaries,unresolved,0,,,0.0,0.0,False,0,0,0,0,0,1,0,0
cup__u01,container,cup,handle,handle,4,group_after_regularize_character_surface_boundaries,unresolved,0,,,0.0,0.0,False,0,0,0,0,0,1,0,0
cup__u01,container,cup,handle,handle,5,group_before_regularize_stem_base_boundaries,unresolved,0,,,0.0,0.0,False,0,0,0,0,0,1,0,0
cup__u01,container,cup,handle,handle,6,group_after_regularize_stem_base_boundaries,unresolved,0,,,0.0,0.0,False,0,0,0,0,0,1,0,0
cup__u01,container,cup,handle,handle,7,group_before_clean_group_satellites,unresolved,0,,,0.0,0.0,False,0,0,0,0,0,1,0,0
cup__u01,container,cup,handle,handle,8,group_after_clean_group_satellites,unresolved,0,,,0.0,0.0,False,0,0,0,0,0,1,0,0
cup__u01,container,cup,handle,handle,9,group_before_split_repeated_group_components,unresolved,0,,,0.0,0.0,False,0,0,0,0,0,1,0,0
cup__u01,container,cup,handle,handle,10,group_after_split_repeated_group_components,unresolved,0,,,0.0,0.0,False,0,0,0,0,0,1,0,0
cup__u01,container,cup,handle,handle,11,group_final_instances,unresolved,0,,,0.0,0.0,False,0,0,0,0,0,1,0,0
mug__u01,container,mug,inner_body,inner,0,fine_semantic_before_label_cleanup,unique_correct,1,6,container_inner,0.756539035305818,0.756539035305818,True,1,1,0,0,0,0,0,0
mug__u01,container,mug,inner_body,inner,1,fine_semantic_after_label_cleanup,unique_correct,1,6,container_inner,0.756539035305818,0.756539035305818,True,1,1,0,0,0,0,0,0
mug__u01,container,mug,inner_body,inner,2,fine_final_instances,unique_correct,1,container_body/container_inner/center/01,container_inner,0.756539035305818,0.756539035305818,True,1,1,0,0,0,0,0,0
mug__u01,container,mug,inner_body,inner,3,group_before_regularize_character_surface_boundaries,unique_correct,1,object_001/container_inner/004,container_inner,0.756539035305818,0.756539035305818,True,1,1,0,0,0,0,0,0
mug__u01,container,mug,inner_body,inner,4,group_after_regularize_character_surface_boundaries,unique_correct,1,object_001/container_inner/004,container_inner,0.756539035305818,0.756539035305818,True,1,1,0,0,0,0,0,0
mug__u01,container,mug,inner_body,inner,5,group_before_regularize_stem_base_boundaries,unique_correct,1,object_001/container_inner/004,container_inner,0.756539035305818,0.756539035305818,True,1,1,0,0,0,0,0,0
mug__u01,container,mug,inner_body,inner,6,group_after_regularize_stem_base_boundaries,unique_correct,1,object_001/container_inner/004,container_inner,0.756539035305818,0.756539035305818,True,1,1,0,0,0,0,0,0
mug__u01,container,mug,inner_body,inner,7,group_before_clean_group_satellites,unique_correct,1,object_001/container_inner/004,container_inner,0.756539035305818,0.756539035305818,True,1,1,0,0,0,0,0,0
mug__u01,container,mug,inner_body,inner,8,group_after_clean_group_satellites,unique_correct,1,object_001/container_inner/004,container_inner,0.7556372305552796,0.7556372305552796,True,1,1,0,0,0,0,0,0
mug__u01,container,mug,inner_body,inner,9,group_before_split_repeated_group_components,unique_correct,1,object_001/container_inner/004,container_inner,0.7556372305552796,0.7556372305552796,True,1,1,0,0,0,0,0,0
mug__u01,container,mug,inner_body,inner,10,group_after_split_repeated_group_components,unique_correct,1,object_001/container_inner/004,container_inner,0.7556372305552796,0.7556372305552796,True,1,1,0,0,0,0,0,0
mug__u01,container,mug,inner_body,inner,11,group_final_instances,unique_correct,1,object_001/container_inner/004,container_inner,0.7556372305552796,0.7556372305552796,True,1,1,0,0,0,0,0,0
glass_drink_container__u01,container,glass_(drink_container),base,base,0,fine_semantic_before_label_cleanup,unique_wrong,1,2,container_base,0.0,0.0,False,0,0,1,1,0,0,0,0
glass_drink_container__u01,container,glass_(drink_container),base,base,1,fine_semantic_after_label_cleanup,unique_wrong,1,2,container_base,0.0,0.0,False,0,0,1,1,0,0,0,0
glass_drink_container__u01,container,glass_(drink_container),base,base,2,fine_final_instances,unique_wrong,1,container/container_base/right/01,container_base,0.0,0.0,False,0,0,1,1,0,0,0,0
glass_drink_container__u01,container,glass_(drink_container),base,base,3,group_before_regularize_character_surface_boundaries,unresolved,0,,,0.0,0.0,False,0,0,0,0,0,1,0,0
glass_drink_container__u01,container,glass_(drink_container),base,base,4,group_after_regularize_character_surface_boundaries,unresolved,0,,,0.0,0.0,False,0,0,0,0,0,1,0,0
glass_drink_container__u01,container,glass_(drink_container),base,base,5,group_before_regularize_stem_base_boundaries,unresolved,0,,,0.0,0.0,False,0,0,0,0,0,1,0,0
glass_drink_container__u01,container,glass_(drink_container),base,base,6,group_after_regularize_stem_base_boundaries,unresolved,0,,,0.0,0.0,False,0,0,0,0,0,1,0,0
glass_drink_container__u01,container,glass_(drink_container),base,base,7,group_before_clean_group_satellites,unresolved,0,,,0.0,0.0,False,0,0,0,0,0,1,0,0
glass_drink_container__u01,container,glass_(drink_container),base,base,8,group_after_clean_group_satellites,unresolved,0,,,0.0,0.0,False,0,0,0,0,0,1,0,0
glass_drink_container__u01,container,glass_(drink_container),base,base,9,group_before_split_repeated_group_components,unresolved,0,,,0.0,0.0,False,0,0,0,0,0,1,0,0
glass_drink_container__u01,container,glass_(drink_container),base,base,10,group_after_split_repeated_group_components,unresolved,0,,,0.0,0.0,False,0,0,0,0,0,1,0,0
glass_drink_container__u01,container,glass_(drink_container),base,base,11,group_final_instances,unresolved,0,,,0.0,0.0,False,0,0,0,0,0,1,0,0
bowl__u01,container,bowl,body,body,0,fine_semantic_before_label_cleanup,ambiguous,2,1,container,0.4826074247296112,0.4826074247296112,True,0,0,0,0,1,0,1,0
bowl__u01,container,bowl,body,body,1,fine_semantic_after_label_cleanup,ambiguous,2,1,container,0.4835969537199766,0.4835969537199766,True,0,0,0,0,1,0,1,0
bowl__u01,container,bowl,body,body,2,fine_final_instances,unique_correct,1,container/container/center/01,container,0.48267797105686305,0.48267797105686305,True,1,0,0,1,0,0,0,0
bowl__u01,container,bowl,body,body,3,group_before_regularize_character_surface_boundaries,unique_correct,1,object_001/container_body,container_body,0.48267797105686305,0.48267797105686305,True,1,0,0,1,0,0,0,0
bowl__u01,container,bowl,body,body,4,group_after_regularize_character_surface_boundaries,unique_correct,1,object_001/container_body,container_body,0.48267797105686305,0.48267797105686305,True,1,0,0,1,0,0,0,0
bowl__u01,container,bowl,body,body,5,group_before_regularize_stem_base_boundaries,unique_correct,1,object_001/container_body,container_body,0.48267797105686305,0.48267797105686305,True,1,0,0,1,0,0,0,0
bowl__u01,container,bowl,body,body,6,group_after_regularize_stem_base_boundaries,unique_correct,1,object_001/container_body,container_body,0.48267797105686305,0.48267797105686305,True,1,0,0,1,0,0,0,0
bowl__u01,container,bowl,body,body,7,group_before_clean_group_satellites,unique_correct,1,object_001/container_body,container_body,0.48267797105686305,0.48267797105686305,True,1,0,0,1,0,0,0,0
bowl__u01,container,bowl,body,body,8,group_after_clean_group_satellites,unique_correct,1,object_001/container_body,container_body,0.4835969537199766,0.4835969537199766,True,1,0,0,1,0,0,0,0
bowl__u01,container,bowl,body,body,9,group_before_split_repeated_group_components,unique_correct,1,object_001/container_body,container_body,0.4835969537199766,0.4835969537199766,True,1,0,0,1,0,0,0,0
bowl__u01,container,bowl,body,body,10,group_after_split_repeated_group_components,unique_correct,1,object_001/container_body,container_body,0.4835969537199766,0.4835969537199766,True,1,0,0,1,0,0,0,0
bowl__u01,container,bowl,body,body,11,group_final_instances,unique_correct,1,object_001/container_body,container_body,0.4835969537199766,0.4835969537199766,True,1,0,0,1,0,0,0,0
handbag__u01,container,handbag,rim,opening,0,fine_semantic_before_label_cleanup,unique_correct,1,4,container_opening,0.3746794871794872,0.3746794871794872,True,1,0,0,1,0,0,0,0
handbag__u01,container,handbag,rim,opening,1,fine_semantic_after_label_cleanup,unique_correct,1,4,container_opening,0.37182741116751267,0.37182741116751267,True,1,0,0,1,0,0,0,0
handbag__u01,container,handbag,rim,opening,2,fine_final_instances,unique_correct,1,container_body/container_opening/center/01,container_opening,0.3746794871794872,0.3746794871794872,True,1,0,0,1,0,0,0,0
handbag__u01,container,handbag,rim,opening,3,group_before_regularize_character_surface_boundaries,unique_correct,1,object_001/container_opening/003,container_opening,0.3067050811943426,0.3067050811943426,True,1,0,0,1,0,0,0,0
handbag__u01,container,handbag,rim,opening,4,group_after_regularize_character_surface_boundaries,unique_correct,1,object_001/container_opening/003,container_opening,0.3067050811943426,0.3067050811943426,True,1,0,0,1,0,0,0,0
handbag__u01,container,handbag,rim,opening,5,group_before_regularize_stem_base_boundaries,unique_correct,1,object_001/container_opening/003,container_opening,0.3067050811943426,0.3067050811943426,True,1,0,0,1,0,0,0,0
handbag__u01,container,handbag,rim,opening,6,group_after_regularize_stem_base_boundaries,unique_correct,1,object_001/container_opening/003,container_opening,0.3067050811943426,0.3067050811943426,True,1,0,0,1,0,0,0,0
handbag__u01,container,handbag,rim,opening,7,group_before_clean_group_satellites,unique_correct,1,object_001/container_opening/003,container_opening,0.3067050811943426,0.3067050811943426,True,1,0,0,1,0,0,0,0
handbag__u01,container,handbag,rim,opening,8,group_after_clean_group_satellites,unique_correct,1,object_001/container_opening/003,container_opening,0.3045513654096229,0.3045513654096229,True,1,0,0,1,0,0,0,0
handbag__u01,container,handbag,rim,opening,9,group_before_split_repeated_group_components,unique_correct,1,object_001/container_opening/003,container_opening,0.3045513654096229,0.3045513654096229,True,1,0,0,1,0,0,0,0
handbag__u01,container,handbag,rim,opening,10,group_after_split_repeated_group_components,unique_correct,1,object_001/container_opening/003,container_opening,0.3045513654096229,0.3045513654096229,True,1,0,0,1,0,0,0,0
handbag__u01,container,handbag,rim,opening,11,group_final_instances,unique_correct,1,object_001/container_opening/003,container_opening,0.3045513654096229,0.3045513654096229,True,1,0,0,1,0,0,0,0
plastic_bag__u01,container,plastic_bag,handle,handle,0,fine_semantic_before_label_cleanup,unique_wrong,1,3,container_handle,0.2389987888574889,0.2389987888574889,False,0,0,1,1,0,0,0,0
plastic_bag__u01,container,plastic_bag,handle,handle,1,fine_semantic_after_label_cleanup,unique_wrong,1,3,container_handle,0.2389987888574889,0.2389987888574889,False,0,0,1,1,0,0,0,0
plastic_bag__u01,container,plastic_bag,handle,handle,2,fine_final_instances,ambiguous,2,container_body/container_handle/right/01,container_handle,0.24989447024060785,0.24989447024060785,False,0,0,0,0,1,0,0,0
plastic_bag__u01,container,plastic_bag,handle,handle,3,group_before_regularize_character_surface_boundaries,ambiguous,2,object_001/container_handle/003,container_handle,0.24989447024060785,0.24989447024060785,False,0,0,0,0,1,0,0,0
plastic_bag__u01,container,plastic_bag,handle,handle,4,group_after_regularize_character_surface_boundaries,ambiguous,2,object_001/container_handle/003,container_handle,0.24989447024060785,0.24989447024060785,False,0,0,0,0,1,0,0,0
plastic_bag__u01,container,plastic_bag,handle,handle,5,group_before_regularize_stem_base_boundaries,ambiguous,2,object_001/container_handle/003,container_handle,0.24989447024060785,0.24989447024060785,False,0,0,0,0,1,0,0,0
plastic_bag__u01,container,plastic_bag,handle,handle,6,group_after_regularize_stem_base_boundaries,ambiguous,2,object_001/container_handle/003,container_handle,0.24989447024060785,0.24989447024060785,False,0,0,0,0,1,0,0,0
plastic_bag__u01,container,plastic_bag,handle,handle,7,group_before_clean_group_satellites,ambiguous,2,object_001/container_handle/003,container_handle,0.24989447024060785,0.24989447024060785,False,0,0,0,0,1,0,0,0
plastic_bag__u01,container,plastic_bag,handle,handle,8,group_after_clean_group_satellites,ambiguous,2,object_001/container_handle/003,container_handle,0.24989447024060785,0.24989447024060785,False,0,0,0,0,1,0,0,0
plastic_bag__u01,container,plastic_bag,handle,handle,9,group_before_split_repeated_group_components,ambiguous,2,object_001/container_handle/003,container_handle,0.24989447024060785,0.24989447024060785,False,0,0,0,0,1,0,0,0
plastic_bag__u01,container,plastic_bag,handle,handle,10,group_after_split_repeated_group_components,ambiguous,2,object_001/container_handle/003,container_handle,0.24989447024060785,0.24989447024060785,False,0,0,0,0,1,0,0,0
plastic_bag__u01,container,plastic_bag,handle,handle,11,group_final_instances,ambiguous,2,object_001/container_handle/003,container_handle,0.24989447024060785,0.24989447024060785,False,0,0,0,0,1,0,0,0
box__u01,container,box,side,side,0,fine_semantic_before_label_cleanup,unique_wrong,1,8,container_side,0.007227230338824993,0.007227230338824993,False,0,0,1,1,0,0,0,0
box__u01,container,box,side,side,1,fine_semantic_after_label_cleanup,unique_wrong,1,8,container_side,0.006988301066362977,0.006988301066362977,False,0,0,1,1,0,0,0,0
box__u01,container,box,side,side,2,fine_final_instances,unique_wrong,1,container_body/container_side/center/01,container_side,0.006989024642783185,0.006989024642783185,False,0,0,1,1,0,0,0,0
box__u01,container,box,side,side,3,group_before_regularize_character_surface_boundaries,unique_wrong,1,object_001/container_side/005,container_side,0.006971700061970667,0.006971700061970667,False,0,0,1,1,0,0,0,0
box__u01,container,box,side,side,4,group_after_regularize_character_surface_boundaries,unique_wrong,1,object_001/container_side/005,container_side,0.006971700061970667,0.006971700061970667,False,0,0,1,1,0,0,0,0
box__u01,container,box,side,side,5,group_before_regularize_stem_base_boundaries,unique_wrong,1,object_001/container_side/005,container_side,0.006971700061970667,0.006971700061970667,False,0,0,1,1,0,0,0,0
box__u01,container,box,side,side,6,group_after_regularize_stem_base_boundaries,unique_wrong,1,object_001/container_side/005,container_side,0.006971700061970667,0.006971700061970667,False,0,0,1,1,0,0,0,0
box__u01,container,box,side,side,7,group_before_clean_group_satellites,unique_wrong,1,object_001/container_side/005,container_side,0.006971700061970667,0.006971700061970667,False,0,0,1,1,0,0,0,0
box__u01,container,box,side,side,8,group_after_clean_group_satellites,unique_wrong,1,object_001/container_side/005,container_side,0.00694855495792264,0.00694855495792264,False,0,0,1,1,0,0,0,0
box__u01,container,box,side,side,9,group_before_split_repeated_group_components,unique_wrong,1,object_001/container_side/005,container_side,0.00694855495792264,0.00694855495792264,False,0,0,1,1,0,0,0,0
box__u01,container,box,side,side,10,group_after_split_repeated_group_components,unique_wrong,1,object_001/container_side/005,container_side,0.00694855495792264,0.00694855495792264,False,0,0,1,1,0,0,0,0
box__u01,container,box,side,side,11,group_final_instances,unique_wrong,1,object_001/container_side/005,container_side,0.00694855495792264,0.00694855495792264,False,0,0,1,1,0,0,0,0
car_automobile__u01,vehicle,car_(automobile),bumper,bumper,0,fine_semantic_before_label_cleanup,unique_correct,1,3,vehicle_bumper,0.36464927829830335,0.36464927829830335,True,1,0,0,1,0,0,0,0
car_automobile__u01,vehicle,car_(automobile),bumper,bumper,1,fine_semantic_after_label_cleanup,unique_correct,1,3,vehicle_bumper,0.36469398077895804,0.36469398077895804,True,1,0,0,1,0,0,0,0
car_automobile__u01,vehicle,car_(automobile),bumper,bumper,2,fine_final_instances,unique_correct,1,vehicle_body/vehicle_bumper/center/01,vehicle_bumper,0.36464927829830335,0.36464927829830335,True,1,0,0,1,0,0,0,0
car_automobile__u01,vehicle,car_(automobile),bumper,bumper,3,group_before_regularize_character_surface_boundaries,unique_correct,1,object_001/vehicle_bumper/002,vehicle_bumper,0.36464927829830335,0.36464927829830335,True,1,0,0,1,0,0,0,0
car_automobile__u01,vehicle,car_(automobile),bumper,bumper,4,group_after_regularize_character_surface_boundaries,unique_correct,1,object_001/vehicle_bumper/002,vehicle_bumper,0.36464927829830335,0.36464927829830335,True,1,0,0,1,0,0,0,0
car_automobile__u01,vehicle,car_(automobile),bumper,bumper,5,group_before_regularize_stem_base_boundaries,unique_correct,1,object_001/vehicle_bumper/002,vehicle_bumper,0.36464927829830335,0.36464927829830335,True,1,0,0,1,0,0,0,0
car_automobile__u01,vehicle,car_(automobile),bumper,bumper,6,group_after_regularize_stem_base_boundaries,unique_correct,1,object_001/vehicle_bumper/002,vehicle_bumper,0.36464927829830335,0.36464927829830335,True,1,0,0,1,0,0,0,0
car_automobile__u01,vehicle,car_(automobile),bumper,bumper,7,group_before_clean_group_satellites,unique_correct,1,object_001/vehicle_bumper/002,vehicle_bumper,0.36464927829830335,0.36464927829830335,True,1,0,0,1,0,0,0,0
car_automobile__u01,vehicle,car_(automobile),bumper,bumper,8,group_after_clean_group_satellites,unique_correct,1,object_001/vehicle_bumper/002,vehicle_bumper,0.36352169525731587,0.36352169525731587,True,1,0,0,1,0,0,0,0
car_automobile__u01,vehicle,car_(automobile),bumper,bumper,9,group_before_split_repeated_group_components,unique_correct,1,object_001/vehicle_bumper/002,vehicle_bumper,0.36352169525731587,0.36352169525731587,True,1,0,0,1,0,0,0,0
car_automobile__u01,vehicle,car_(automobile),bumper,bumper,10,group_after_split_repeated_group_components,unique_correct,1,object_001/vehicle_bumper/002,vehicle_bumper,0.36352169525731587,0.36352169525731587,True,1,0,0,1,0,0,0,0
car_automobile__u01,vehicle,car_(automobile),bumper,bumper,11,group_final_instances,unique_correct,1,object_001/vehicle_bumper/002,vehicle_bumper,0.36352169525731587,0.36352169525731587,True,1,0,0,1,0,0,0,0
bicycle__u01,vehicle,bicycle,wheel,tire,0,fine_semantic_before_label_cleanup,unique_correct,1,9,vehicle_wheel,0.8567834853576572,0.8567834853576572,True,1,1,0,0,0,0,0,0
bicycle__u01,vehicle,bicycle,wheel,tire,1,fine_semantic_after_label_cleanup,unique_correct,1,9,vehicle_wheel,0.8568987037926068,0.8568987037926068,True,1,1,0,0,0,0,0,0
bicycle__u01,vehicle,bicycle,wheel,tire,2,fine_final_instances,ambiguous,2,vehicle_body/vehicle_wheel/left/01,vehicle_wheel,0.43034399470178036,0.4463153724247227,True,0,0,0,0,1,0,1,0
bicycle__u01,vehicle,bicycle,wheel,tire,3,group_before_regularize_character_surface_boundaries,ambiguous,2,object_001/vehicle_wheel/006,vehicle_wheel,0.43034399470178036,0.4463153724247227,True,0,0,0,0,1,0,1,0
bicycle__u01,vehicle,bicycle,wheel,tire,4,group_after_regularize_character_surface_boundaries,ambiguous,2,object_001/vehicle_wheel/006,vehicle_wheel,0.43034399470178036,0.4463153724247227,True,0,0,0,0,1,0,1,0
bicycle__u01,vehicle,bicycle,wheel,tire,5,group_before_regularize_stem_base_boundaries,ambiguous,2,object_001/vehicle_wheel/006,vehicle_wheel,0.43034399470178036,0.4463153724247227,True,0,0,0,0,1,0,1,0
bicycle__u01,vehicle,bicycle,wheel,tire,6,group_after_regularize_stem_base_boundaries,ambiguous,2,object_001/vehicle_wheel/006,vehicle_wheel,0.43034399470178036,0.4463153724247227,True,0,0,0,0,1,0,1,0
bicycle__u01,vehicle,bicycle,wheel,tire,7,group_before_clean_group_satellites,ambiguous,2,object_001/vehicle_wheel/006,vehicle_wheel,0.43034399470178036,0.4463153724247227,True,0,0,0,0,1,0,1,0
bicycle__u01,vehicle,bicycle,wheel,tire,8,group_after_clean_group_satellites,ambiguous,2,object_001/vehicle_wheel/006,vehicle_wheel,0.4309589201192076,0.4463748019017433,True,0,0,0,0,1,0,1,0
bicycle__u01,vehicle,bicycle,wheel,tire,9,group_before_split_repeated_group_components,ambiguous,2,object_001/vehicle_wheel/006,vehicle_wheel,0.4309589201192076,0.4463748019017433,True,0,0,0,0,1,0,1,0
bicycle__u01,vehicle,bicycle,wheel,tire,10,group_after_split_repeated_group_components,ambiguous,2,object_001/vehicle_wheel/006,vehicle_wheel,0.4309589201192076,0.4463748019017433,True,0,0,0,0,1,0,1,0
bicycle__u01,vehicle,bicycle,wheel,tire,11,group_final_instances,ambiguous,2,object_001/vehicle_wheel/006,vehicle_wheel,0.4309589201192076,0.4463748019017433,True,0,0,0,0,1,0,1,0
car_automobile__u02,vehicle,car_(automobile),windshield,windshield,0,fine_semantic_before_label_cleanup,unique_wrong,1,12,vehicle_windshield,0.24812834224598931,0.24812834224598931,False,0,0,1,1,0,0,0,0
car_automobile__u02,vehicle,car_(automobile),windshield,windshield,1,fine_semantic_after_label_cleanup,unique_wrong,1,12,vehicle_windshield,0.21711229946524063,0.21711229946524063,False,0,0,1,1,0,0,0,0
car_automobile__u02,vehicle,car_(automobile),windshield,windshield,2,fine_final_instances,unique_wrong,1,vehicle_body/vehicle_windshield/center/01,vehicle_windshield,0.22032085561497325,0.22032085561497325,False,0,0,1,1,0,0,0,0
car_automobile__u02,vehicle,car_(automobile),windshield,windshield,3,group_before_regularize_character_surface_boundaries,unique_wrong,1,object_001/vehicle_windshield/011,vehicle_windshield,0.22032085561497325,0.22032085561497325,False,0,0,1,1,0,0,0,0
car_automobile__u02,vehicle,car_(automobile),windshield,windshield,4,group_after_regularize_character_surface_boundaries,unique_wrong,1,object_001/vehicle_windshield/011,vehicle_windshield,0.22032085561497325,0.22032085561497325,False,0,0,1,1,0,0,0,0
car_automobile__u02,vehicle,car_(automobile),windshield,windshield,5,group_before_regularize_stem_base_boundaries,unique_wrong,1,object_001/vehicle_windshield/011,vehicle_windshield,0.22032085561497325,0.22032085561497325,False,0,0,1,1,0,0,0,0
car_automobile__u02,vehicle,car_(automobile),windshield,windshield,6,group_after_regularize_stem_base_boundaries,unique_wrong,1,object_001/vehicle_windshield/011,vehicle_windshield,0.22032085561497325,0.22032085561497325,False,0,0,1,1,0,0,0,0
car_automobile__u02,vehicle,car_(automobile),windshield,windshield,7,group_before_clean_group_satellites,unique_wrong,1,object_001/vehicle_windshield/011,vehicle_windshield,0.22032085561497325,0.22032085561497325,False,0,0,1,1,0,0,0,0
car_automobile__u02,vehicle,car_(automobile),windshield,windshield,8,group_after_clean_group_satellites,unique_wrong,1,object_001/vehicle_windshield/011,vehicle_windshield,0.21711229946524063,0.21711229946524063,False,0,0,1,1,0,0,0,0
car_automobile__u02,vehicle,car_(automobile),windshield,windshield,9,group_before_split_repeated_group_components,unique_wrong,1,object_001/vehicle_windshield/011,vehicle_windshield,0.21711229946524063,0.21711229946524063,False,0,0,1,1,0,0,0,0
car_automobile__u02,vehicle,car_(automobile),windshield,windshield,10,group_after_split_repeated_group_components,unique_wrong,1,object_001/vehicle_windshield/011,vehicle_windshield,0.21711229946524063,0.21711229946524063,False,0,0,1,1,0,0,0,0
car_automobile__u02,vehicle,car_(automobile),windshield,windshield,11,group_final_instances,unique_wrong,1,object_001/vehicle_windshield/011,vehicle_windshield,0.21711229946524063,0.21711229946524063,False,0,0,1,1,0,0,0,0
bicycle__u02,vehicle,bicycle,wheel,tire,0,fine_semantic_before_label_cleanup,unique_correct,1,12,vehicle_wheel,0.37705669270719677,0.37705669270719677,True,1,0,0,1,0,0,0,0
bicycle__u02,vehicle,bicycle,wheel,tire,1,fine_semantic_after_label_cleanup,unique_correct,1,12,vehicle_wheel,0.37739760403255723,0.37739760403255723,True,1,0,0,1,0,0,0,0
bicycle__u02,vehicle,bicycle,wheel,tire,2,fine_final_instances,unique_correct,1,vehicle_body/vehicle_wheel/right/01,vehicle_wheel,0.37705669270719677,0.37705669270719677,True,1,0,0,1,0,0,0,0
bicycle__u02,vehicle,bicycle,wheel,tire,3,group_before_regularize_character_surface_boundaries,unique_correct,1,object_001/vehicle_wheel/004,vehicle_wheel,0.37705669270719677,0.37705669270719677,True,1,0,0,1,0,0,0,0
bicycle__u02,vehicle,bicycle,wheel,tire,4,group_after_regularize_character_surface_boundaries,unique_correct,1,object_001/vehicle_wheel/004,vehicle_wheel,0.37705669270719677,0.37705669270719677,True,1,0,0,1,0,0,0,0
bicycle__u02,vehicle,bicycle,wheel,tire,5,group_before_regularize_stem_base_boundaries,unique_correct,1,object_001/vehicle_wheel/004,vehicle_wheel,0.37705669270719677,0.37705669270719677,True,1,0,0,1,0,0,0,0
bicycle__u02,vehicle,bicycle,wheel,tire,6,group_after_regularize_stem_base_boundaries,unique_correct,1,object_001/vehicle_wheel/004,vehicle_wheel,0.37705669270719677,0.37705669270719677,True,1,0,0,1,0,0,0,0
bicycle__u02,vehicle,bicycle,wheel,tire,7,group_before_clean_group_satellites,unique_correct,1,object_001/vehicle_wheel/004,vehicle_wheel,0.37705669270719677,0.37705669270719677,True,1,0,0,1,0,0,0,0
bicycle__u02,vehicle,bicycle,wheel,tire,8,group_after_clean_group_satellites,unique_correct,1,object_001/vehicle_wheel/004,vehicle_wheel,0.37669729952855807,0.37669729952855807,True,1,0,0,1,0,0,0,0
bicycle__u02,vehicle,bicycle,wheel,tire,9,group_before_split_repeated_group_components,unique_correct,1,object_001/vehicle_wheel/004,vehicle_wheel,0.37669729952855807,0.37669729952855807,True,1,0,0,1,0,0,0,0
bicycle__u02,vehicle,bicycle,wheel,tire,10,group_after_split_repeated_group_components,unique_correct,1,object_001/vehicle_wheel/004,vehicle_wheel,0.37669729952855807,0.37669729952855807,True,1,0,0,1,0,0,0,0
bicycle__u02,vehicle,bicycle,wheel,tire,11,group_final_instances,unique_correct,1,object_001/vehicle_wheel/004,vehicle_wheel,0.37669729952855807,0.37669729952855807,True,1,0,0,1,0,0,0,0
helmet__u01,daily_object,helmet,rim,rim,0,fine_semantic_before_label_cleanup,unresolved,0,,,0.0,0.0,False,0,0,0,0,0,1,0,0
helmet__u01,daily_object,helmet,rim,rim,1,fine_semantic_after_label_cleanup,unresolved,0,,,0.0,0.0,False,0,0,0,0,0,1,0,0
helmet__u01,daily_object,helmet,rim,rim,2,fine_final_instances,unresolved,0,,,0.0,0.0,False,0,0,0,0,0,1,0,0
helmet__u01,daily_object,helmet,rim,rim,3,group_before_regularize_character_surface_boundaries,unresolved,0,,,0.0,0.0,False,0,0,0,0,0,1,0,0
helmet__u01,daily_object,helmet,rim,rim,4,group_after_regularize_character_surface_boundaries,unresolved,0,,,0.0,0.0,False,0,0,0,0,0,1,0,0
helmet__u01,daily_object,helmet,rim,rim,5,group_before_regularize_stem_base_boundaries,unresolved,0,,,0.0,0.0,False,0,0,0,0,0,1,0,0
helmet__u01,daily_object,helmet,rim,rim,6,group_after_regularize_stem_base_boundaries,unresolved,0,,,0.0,0.0,False,0,0,0,0,0,1,0,0
helmet__u01,daily_object,helmet,rim,rim,7,group_before_clean_group_satellites,unresolved,0,,,0.0,0.0,False,0,0,0,0,0,1,0,0
helmet__u01,daily_object,helmet,rim,rim,8,group_after_clean_group_satellites,unresolved,0,,,0.0,0.0,False,0,0,0,0,0,1,0,0
helmet__u01,daily_object,helmet,rim,rim,9,group_before_split_repeated_group_components,unresolved,0,,,0.0,0.0,False,0,0,0,0,0,1,0,0
helmet__u01,daily_object,helmet,rim,rim,10,group_after_split_repeated_group_components,unresolved,0,,,0.0,0.0,False,0,0,0,0,0,1,0,0
helmet__u01,daily_object,helmet,rim,rim,11,group_final_instances,unresolved,0,,,0.0,0.0,False,0,0,0,0,0,1,0,0
shoe__u01,daily_object,shoe,vamp,upper,0,fine_semantic_before_label_cleanup,unique_wrong,1,5,daily_object_upper,0.09375,0.09375,False,0,0,1,1,0,0,0,0
shoe__u01,daily_object,shoe,vamp,upper,1,fine_semantic_after_label_cleanup,unique_wrong,1,5,daily_object_upper,0.09341742215214821,0.09341742215214821,False,0,0,1,1,0,0,0,0
shoe__u01,daily_object,shoe,vamp,upper,2,fine_final_instances,unique_wrong,1,daily_object_body/daily_object_upper/center/01,daily_object_upper,0.09341742215214821,0.09341742215214821,False,0,0,1,1,0,0,0,0
shoe__u01,daily_object,shoe,vamp,upper,3,group_before_regularize_character_surface_boundaries,unique_wrong,1,object_001/daily_object_upper/002,daily_object_upper,0.20691711389385808,0.20691711389385808,False,0,0,1,1,0,0,0,0
shoe__u01,daily_object,shoe,vamp,upper,4,group_after_regularize_character_surface_boundaries,unique_wrong,1,object_001/daily_object_upper/002,daily_object_upper,0.20691711389385808,0.20691711389385808,False,0,0,1,1,0,0,0,0
shoe__u01,daily_object,shoe,vamp,upper,5,group_before_regularize_stem_base_boundaries,unique_wrong,1,object_001/daily_object_upper/002,daily_object_upper,0.20691711389385808,0.20691711389385808,False,0,0,1,1,0,0,0,0
shoe__u01,daily_object,shoe,vamp,upper,6,group_after_regularize_stem_base_boundaries,unique_wrong,1,object_001/daily_object_upper/002,daily_object_upper,0.20691711389385808,0.20691711389385808,False,0,0,1,1,0,0,0,0
shoe__u01,daily_object,shoe,vamp,upper,7,group_before_clean_group_satellites,unique_wrong,1,object_001/daily_object_upper/002,daily_object_upper,0.20691711389385808,0.20691711389385808,False,0,0,1,1,0,0,0,0
shoe__u01,daily_object,shoe,vamp,upper,8,group_after_clean_group_satellites,unique_wrong,1,object_001/daily_object_upper/002,daily_object_upper,0.20691711389385808,0.20691711389385808,False,0,0,1,1,0,0,0,0
shoe__u01,daily_object,shoe,vamp,upper,9,group_before_split_repeated_group_components,unique_wrong,1,object_001/daily_object_upper/002,daily_object_upper,0.20691711389385808,0.20691711389385808,False,0,0,1,1,0,0,0,0
shoe__u01,daily_object,shoe,vamp,upper,10,group_after_split_repeated_group_components,unique_wrong,1,object_001/daily_object_upper/002,daily_object_upper,0.20691711389385808,0.20691711389385808,False,0,0,1,1,0,0,0,0
shoe__u01,daily_object,shoe,vamp,upper,11,group_final_instances,unique_wrong,1,object_001/daily_object_upper/002,daily_object_upper,0.20691711389385808,0.20691711389385808,False,0,0,1,1,0,0,0,0
slipper_footwear__u01,daily_object,book,page,page,0,fine_semantic_before_label_cleanup,unresolved,0,,,0.0,0.0,False,0,0,0,0,0,1,0,0
slipper_footwear__u01,daily_object,book,page,page,1,fine_semantic_after_label_cleanup,unresolved,0,,,0.0,0.0,False,0,0,0,0,0,1,0,0
slipper_footwear__u01,daily_object,book,page,page,2,fine_final_instances,unresolved,0,,,0.0,0.0,False,0,0,0,0,0,1,0,0
slipper_footwear__u01,daily_object,book,page,page,3,group_before_regularize_character_surface_boundaries,unresolved,0,,,0.0,0.0,False,0,0,0,0,0,1,0,0
slipper_footwear__u01,daily_object,book,page,page,4,group_after_regularize_character_surface_boundaries,unresolved,0,,,0.0,0.0,False,0,0,0,0,0,1,0,0
slipper_footwear__u01,daily_object,book,page,page,5,group_before_regularize_stem_base_boundaries,unresolved,0,,,0.0,0.0,False,0,0,0,0,0,1,0,0
slipper_footwear__u01,daily_object,book,page,page,6,group_after_regularize_stem_base_boundaries,unresolved,0,,,0.0,0.0,False,0,0,0,0,0,1,0,0
slipper_footwear__u01,daily_object,book,page,page,7,group_before_clean_group_satellites,unresolved,0,,,0.0,0.0,False,0,0,0,0,0,1,0,0
slipper_footwear__u01,daily_object,book,page,page,8,group_after_clean_group_satellites,unresolved,0,,,0.0,0.0,False,0,0,0,0,0,1,0,0
slipper_footwear__u01,daily_object,book,page,page,9,group_before_split_repeated_group_components,unresolved,0,,,0.0,0.0,False,0,0,0,0,0,1,0,0
slipper_footwear__u01,daily_object,book,page,page,10,group_after_split_repeated_group_components,unresolved,0,,,0.0,0.0,False,0,0,0,0,0,1,0,0
slipper_footwear__u01,daily_object,book,page,page,11,group_final_instances,unresolved,0,,,0.0,0.0,False,0,0,0,0,0,1,0,0
screwdriver__u01,tool_prop,knife,blade,blade,0,fine_semantic_before_label_cleanup,unique_wrong,1,2,tool_prop_blade,0.0,0.0,False,0,0,1,1,0,0,0,0
screwdriver__u01,tool_prop,knife,blade,blade,1,fine_semantic_after_label_cleanup,unique_wrong,1,2,tool_prop_blade,0.0,0.0,False,0,0,1,1,0,0,0,0
screwdriver__u01,tool_prop,knife,blade,blade,2,fine_final_instances,unresolved,0,,,0.0,0.0,False,0,0,0,0,0,1,0,0
screwdriver__u01,tool_prop,knife,blade,blade,3,group_before_clean_group_satellites,unique_wrong,1,object_001/tool_prop_blade,tool_prop_blade,0.012989057702904826,0.012989057702904826,False,0,0,1,1,0,0,0,0
screwdriver__u01,tool_prop,knife,blade,blade,4,group_after_clean_group_satellites,unique_wrong,1,object_001/tool_prop_blade,tool_prop_blade,0.012989057702904826,0.012989057702904826,False,0,0,1,1,0,0,0,0
screwdriver__u01,tool_prop,knife,blade,blade,5,group_final_instances,unique_wrong,1,object_001/tool_prop_blade,tool_prop_blade,0.012989057702904826,0.012989057702904826,False,0,0,1,1,0,0,0,0
wrench__u01,tool_prop,knife,handle,handle,0,fine_semantic_before_label_cleanup,unique_correct,1,4,tool_prop_handle,0.8859091978358034,0.8859091978358034,True,1,1,0,0,0,0,0,0
wrench__u01,tool_prop,knife,handle,handle,1,fine_semantic_after_label_cleanup,unique_correct,1,4,tool_prop_handle,0.8852844381758345,0.8852844381758345,True,1,1,0,0,0,0,0,0
wrench__u01,tool_prop,knife,handle,handle,2,fine_final_instances,unique_correct,1,tool_prop_body/tool_prop_handle/right/01,tool_prop_handle,0.8859091978358034,0.8859091978358034,True,1,1,0,0,0,0,0,0
wrench__u01,tool_prop,knife,handle,handle,3,group_before_regularize_character_surface_boundaries,unique_correct,1,object_001/tool_prop_handle,tool_prop_handle,0.7211796246648794,0.7211796246648794,True,1,1,0,0,0,0,0,0
wrench__u01,tool_prop,knife,handle,handle,4,group_after_regularize_character_surface_boundaries,unique_correct,1,object_001/tool_prop_handle,tool_prop_handle,0.7211796246648794,0.7211796246648794,True,1,1,0,0,0,0,0,0
wrench__u01,tool_prop,knife,handle,handle,5,group_before_regularize_stem_base_boundaries,unique_correct,1,object_001/tool_prop_handle,tool_prop_handle,0.7211796246648794,0.7211796246648794,True,1,1,0,0,0,0,0,0
wrench__u01,tool_prop,knife,handle,handle,6,group_after_regularize_stem_base_boundaries,unique_correct,1,object_001/tool_prop_handle,tool_prop_handle,0.7211796246648794,0.7211796246648794,True,1,1,0,0,0,0,0,0
wrench__u01,tool_prop,knife,handle,handle,7,group_before_clean_group_satellites,unique_correct,1,object_001/tool_prop_handle,tool_prop_handle,0.7211796246648794,0.7211796246648794,True,1,1,0,0,0,0,0,0
wrench__u01,tool_prop,knife,handle,handle,8,group_after_clean_group_satellites,unique_correct,1,object_001/tool_prop_handle,tool_prop_handle,0.7211796246648794,0.7211796246648794,True,1,1,0,0,0,0,0,0
wrench__u01,tool_prop,knife,handle,handle,9,group_before_split_repeated_group_components,unique_correct,1,object_001/tool_prop_handle,tool_prop_handle,0.7211796246648794,0.7211796246648794,True,1,1,0,0,0,0,0,0
wrench__u01,tool_prop,knife,handle,handle,10,group_after_split_repeated_group_components,unique_correct,1,object_001/tool_prop_handle,tool_prop_handle,0.7211796246648794,0.7211796246648794,True,1,1,0,0,0,0,0,0
wrench__u01,tool_prop,knife,handle,handle,11,group_final_instances,unique_correct,1,object_001/tool_prop_handle,tool_prop_handle,0.7211796246648794,0.7211796246648794,True,1,1,0,0,0,0,0,0
knife__u01,tool_prop,knife,handle,handle,0,fine_semantic_before_label_cleanup,unique_correct,1,4,tool_prop_handle,0.7677272727272727,0.7677272727272727,True,1,1,0,0,0,0,0,0
knife__u01,tool_prop,knife,handle,handle,1,fine_semantic_after_label_cleanup,unique_correct,1,4,tool_prop_handle,0.7712269519690417,0.7712269519690417,True,1,1,0,0,0,0,0,0
knife__u01,tool_prop,knife,handle,handle,2,fine_final_instances,unique_correct,1,tool_prop_body/tool_prop_handle/center/01,tool_prop_handle,0.7687244666364049,0.7687244666364049,True,1,1,0,0,0,0,0,0
knife__u01,tool_prop,knife,handle,handle,3,group_before_regularize_character_surface_boundaries,unique_correct,1,object_001/tool_prop_handle,tool_prop_handle,0.7603982300884956,0.7603982300884956,True,1,1,0,0,0,0,0,0
knife__u01,tool_prop,knife,handle,handle,4,group_after_regularize_character_surface_boundaries,unique_correct,1,object_001/tool_prop_handle,tool_prop_handle,0.7603982300884956,0.7603982300884956,True,1,1,0,0,0,0,0,0
knife__u01,tool_prop,knife,handle,handle,5,group_before_regularize_stem_base_boundaries,unique_correct,1,object_001/tool_prop_handle,tool_prop_handle,0.7603982300884956,0.7603982300884956,True,1,1,0,0,0,0,0,0
knife__u01,tool_prop,knife,handle,handle,6,group_after_regularize_stem_base_boundaries,unique_correct,1,object_001/tool_prop_handle,tool_prop_handle,0.7603982300884956,0.7603982300884956,True,1,1,0,0,0,0,0,0
knife__u01,tool_prop,knife,handle,handle,7,group_before_clean_group_satellites,unique_correct,1,object_001/tool_prop_handle,tool_prop_handle,0.7603982300884956,0.7603982300884956,True,1,1,0,0,0,0,0,0
knife__u01,tool_prop,knife,handle,handle,8,group_after_clean_group_satellites,unique_correct,1,object_001/tool_prop_handle,tool_prop_handle,0.7725331535176444,0.7725331535176444,True,1,1,0,0,0,0,0,0
knife__u01,tool_prop,knife,handle,handle,9,group_before_split_repeated_group_components,unique_correct,1,object_001/tool_prop_handle,tool_prop_handle,0.7725331535176444,0.7725331535176444,True,1,1,0,0,0,0,0,0
knife__u01,tool_prop,knife,handle,handle,10,group_after_split_repeated_group_components,unique_correct,1,object_001/tool_prop_handle,tool_prop_handle,0.7725331535176444,0.7725331535176444,True,1,1,0,0,0,0,0,0
knife__u01,tool_prop,knife,handle,handle,11,group_final_instances,unique_correct,1,object_001/tool_prop_handle,tool_prop_handle,0.7725331535176444,0.7725331535176444,True,1,1,0,0,0,0,0,0
scissors__u01,tool_prop,scissors,handle,handle,0,fine_semantic_before_label_cleanup,unique_wrong,1,5,tool_prop_handle,0.14896472392638035,0.14896472392638035,False,0,0,1,1,0,0,0,0
scissors__u01,tool_prop,scissors,handle,handle,1,fine_semantic_after_label_cleanup,unique_wrong,1,5,tool_prop_handle,0.1482440990213011,0.1482440990213011,False,0,0,1,1,0,0,0,0
scissors__u01,tool_prop,scissors,handle,handle,2,fine_final_instances,ambiguous,2,tool_prop/tool_prop_handle/center/01,tool_prop_handle,0.14190620272314675,0.14190620272314675,False,0,0,0,0,1,0,0,0
scissors__u01,tool_prop,scissors,handle,handle,3,group_before_regularize_character_surface_boundaries,ambiguous,2,object_001/tool_prop_handle/004,tool_prop_handle,0.14190620272314675,0.14190620272314675,False,0,0,0,0,1,0,0,0
scissors__u01,tool_prop,scissors,handle,handle,4,group_after_regularize_character_surface_boundaries,ambiguous,2,object_001/tool_prop_handle/004,tool_prop_handle,0.14190620272314675,0.14190620272314675,False,0,0,0,0,1,0,0,0
scissors__u01,tool_prop,scissors,handle,handle,5,group_before_regularize_stem_base_boundaries,ambiguous,2,object_001/tool_prop_handle/004,tool_prop_handle,0.14190620272314675,0.14190620272314675,False,0,0,0,0,1,0,0,0
scissors__u01,tool_prop,scissors,handle,handle,6,group_after_regularize_stem_base_boundaries,ambiguous,2,object_001/tool_prop_handle/004,tool_prop_handle,0.14190620272314675,0.14190620272314675,False,0,0,0,0,1,0,0,0
scissors__u01,tool_prop,scissors,handle,handle,7,group_before_clean_group_satellites,ambiguous,2,object_001/tool_prop_handle/004,tool_prop_handle,0.14190620272314675,0.14190620272314675,False,0,0,0,0,1,0,0,0
scissors__u01,tool_prop,scissors,handle,handle,8,group_after_clean_group_satellites,ambiguous,2,object_001/tool_prop_handle/004,tool_prop_handle,0.14190620272314675,0.14190620272314675,False,0,0,0,0,1,0,0,0
scissors__u01,tool_prop,scissors,handle,handle,9,group_before_split_repeated_group_components,ambiguous,2,object_001/tool_prop_handle/004,tool_prop_handle,0.14190620272314675,0.14190620272314675,False,0,0,0,0,1,0,0,0
scissors__u01,tool_prop,scissors,handle,handle,10,group_after_split_repeated_group_components,ambiguous,2,object_001/tool_prop_handle/004,tool_prop_handle,0.14190620272314675,0.14190620272314675,False,0,0,0,0,1,0,0,0
scissors__u01,tool_prop,scissors,handle,handle,11,group_final_instances,ambiguous,2,object_001/tool_prop_handle/004,tool_prop_handle,0.14190620272314675,0.14190620272314675,False,0,0,0,0,1,0,0,0
pliers__u01,tool_prop,pliers,blade,jaw,0,fine_semantic_before_label_cleanup,unique_wrong,1,5,tool_prop_jaw,0.0,0.0,False,0,0,1,1,0,0,0,0
pliers__u01,tool_prop,pliers,blade,jaw,1,fine_semantic_after_label_cleanup,unique_wrong,1,5,tool_prop_jaw,0.0,0.0,False,0,0,1,1,0,0,0,0
pliers__u01,tool_prop,pliers,blade,jaw,2,fine_final_instances,ambiguous,2,tool_prop/tool_prop_jaw/center/01,tool_prop_jaw,0.0,0.0,False,0,0,0,0,1,0,0,0
pliers__u01,tool_prop,pliers,blade,jaw,3,group_before_regularize_character_surface_boundaries,ambiguous,2,object_001/tool_prop_jaw/004,tool_prop_jaw,0.0,0.0,False,0,0,0,0,1,0,0,0
pliers__u01,tool_prop,pliers,blade,jaw,4,group_after_regularize_character_surface_boundaries,ambiguous,2,object_001/tool_prop_jaw/004,tool_prop_jaw,0.0,0.0,False,0,0,0,0,1,0,0,0
pliers__u01,tool_prop,pliers,blade,jaw,5,group_before_regularize_stem_base_boundaries,ambiguous,2,object_001/tool_prop_jaw/004,tool_prop_jaw,0.0,0.0,False,0,0,0,0,1,0,0,0
pliers__u01,tool_prop,pliers,blade,jaw,6,group_after_regularize_stem_base_boundaries,ambiguous,2,object_001/tool_prop_jaw/004,tool_prop_jaw,0.0,0.0,False,0,0,0,0,1,0,0,0
pliers__u01,tool_prop,pliers,blade,jaw,7,group_before_clean_group_satellites,ambiguous,2,object_001/tool_prop_jaw/004,tool_prop_jaw,0.0,0.0,False,0,0,0,0,1,0,0,0
pliers__u01,tool_prop,pliers,blade,jaw,8,group_after_clean_group_satellites,ambiguous,2,object_001/tool_prop_jaw/004,tool_prop_jaw,0.0,0.0,False,0,0,0,0,1,0,0,0
pliers__u01,tool_prop,pliers,blade,jaw,9,group_before_split_repeated_group_components,ambiguous,2,object_001/tool_prop_jaw/004,tool_prop_jaw,0.0,0.0,False,0,0,0,0,1,0,0,0
pliers__u01,tool_prop,pliers,blade,jaw,10,group_after_split_repeated_group_components,ambiguous,2,object_001/tool_prop_jaw/004,tool_prop_jaw,0.0,0.0,False,0,0,0,0,1,0,0,0
pliers__u01,tool_prop,pliers,blade,jaw,11,group_final_instances,ambiguous,2,object_001/tool_prop_jaw/004,tool_prop_jaw,0.0,0.0,False,0,0,0,0,1,0,0,0
ladder__u01,tool_prop,ladder,rail,rail,0,fine_semantic_before_label_cleanup,unique_wrong,1,3,tool_prop_rail,0.0,0.0,False,0,0,1,1,0,0,0,0
ladder__u01,tool_prop,ladder,rail,rail,1,fine_semantic_after_label_cleanup,unique_wrong,1,3,tool_prop_rail,0.0,0.0,False,0,0,1,1,0,0,0,0
ladder__u01,tool_prop,ladder,rail,rail,2,fine_final_instances,unresolved,0,,,0.0,0.0,False,0,0,0,0,0,1,0,0
ladder__u01,tool_prop,ladder,rail,rail,3,group_before_regularize_character_surface_boundaries,unresolved,0,,,0.0,0.0,False,0,0,0,0,0,1,0,0
ladder__u01,tool_prop,ladder,rail,rail,4,group_after_regularize_character_surface_boundaries,unresolved,0,,,0.0,0.0,False,0,0,0,0,0,1,0,0
ladder__u01,tool_prop,ladder,rail,rail,5,group_before_regularize_stem_base_boundaries,unresolved,0,,,0.0,0.0,False,0,0,0,0,0,1,0,0
ladder__u01,tool_prop,ladder,rail,rail,6,group_after_regularize_stem_base_boundaries,unresolved,0,,,0.0,0.0,False,0,0,0,0,0,1,0,0
ladder__u01,tool_prop,ladder,rail,rail,7,group_before_clean_group_satellites,unresolved,0,,,0.0,0.0,False,0,0,0,0,0,1,0,0
ladder__u01,tool_prop,ladder,rail,rail,8,group_after_clean_group_satellites,unresolved,0,,,0.0,0.0,False,0,0,0,0,0,1,0,0
ladder__u01,tool_prop,ladder,rail,rail,9,group_before_split_repeated_group_components,unresolved,0,,,0.0,0.0,False,0,0,0,0,0,1,0,0
ladder__u01,tool_prop,ladder,rail,rail,10,group_after_split_repeated_group_components,unresolved,0,,,0.0,0.0,False,0,0,0,0,0,1,0,0
ladder__u01,tool_prop,ladder,rail,rail,11,group_final_instances,unresolved,0,,,0.0,0.0,False,0,0,0,0,0,1,0,0
guitar__u01,tool_prop,guitar,fingerboard,fingerboard,0,fine_semantic_before_label_cleanup,unique_correct,1,2,tool_prop_fingerboard,0.7068965517241379,0.7068965517241379,True,1,1,0,0,0,0,0,0
guitar__u01,tool_prop,guitar,fingerboard,fingerboard,1,fine_semantic_after_label_cleanup,unique_correct,1,2,tool_prop_fingerboard,0.7068965517241379,0.7068965517241379,True,1,1,0,0,0,0,0,0
guitar__u01,tool_prop,guitar,fingerboard,fingerboard,2,fine_final_instances,unique_correct,1,tool_prop/tool_prop_fingerboard/right/01,tool_prop_fingerboard,0.7068965517241379,0.7068965517241379,True,1,1,0,0,0,0,0,0
guitar__u01,tool_prop,guitar,fingerboard,fingerboard,3,group_before_regularize_character_surface_boundaries,unique_correct,1,object_001/tool_prop_fingerboard/002,tool_prop_fingerboard,0.7068965517241379,0.7068965517241379,True,1,1,0,0,0,0,0,0
guitar__u01,tool_prop,guitar,fingerboard,fingerboard,4,group_after_regularize_character_surface_boundaries,unique_correct,1,object_001/tool_prop_fingerboard/002,tool_prop_fingerboard,0.7068965517241379,0.7068965517241379,True,1,1,0,0,0,0,0,0
guitar__u01,tool_prop,guitar,fingerboard,fingerboard,5,group_before_regularize_stem_base_boundaries,unique_correct,1,object_001/tool_prop_fingerboard/002,tool_prop_fingerboard,0.7068965517241379,0.7068965517241379,True,1,1,0,0,0,0,0,0
guitar__u01,tool_prop,guitar,fingerboard,fingerboard,6,group_after_regularize_stem_base_boundaries,unique_correct,1,object_001/tool_prop_fingerboard/002,tool_prop_fingerboard,0.7068965517241379,0.7068965517241379,True,1,1,0,0,0,0,0,0
guitar__u01,tool_prop,guitar,fingerboard,fingerboard,7,group_before_clean_group_satellites,unique_correct,1,object_001/tool_prop_fingerboard/002,tool_prop_fingerboard,0.7068965517241379,0.7068965517241379,True,1,1,0,0,0,0,0,0
guitar__u01,tool_prop,guitar,fingerboard,fingerboard,8,group_after_clean_group_satellites,unique_correct,1,object_001/tool_prop_fingerboard/002,tool_prop_fingerboard,0.7068965517241379,0.7068965517241379,True,1,1,0,0,0,0,0,0
guitar__u01,tool_prop,guitar,fingerboard,fingerboard,9,group_before_split_repeated_group_components,unique_correct,1,object_001/tool_prop_fingerboard/002,tool_prop_fingerboard,0.7068965517241379,0.7068965517241379,True,1,1,0,0,0,0,0,0
guitar__u01,tool_prop,guitar,fingerboard,fingerboard,10,group_after_split_repeated_group_components,unique_correct,1,object_001/tool_prop_fingerboard/002,tool_prop_fingerboard,0.7068965517241379,0.7068965517241379,True,1,1,0,0,0,0,0,0
guitar__u01,tool_prop,guitar,fingerboard,fingerboard,11,group_final_instances,unique_correct,1,object_001/tool_prop_fingerboard/002,tool_prop_fingerboard,0.7068965517241379,0.7068965517241379,True,1,1,0,0,0,0,0,0
pan_for_cooking__u01,tool_prop,pan_(for_cooking),side,side,0,fine_semantic_before_label_cleanup,unresolved,0,,,0.0,0.0,False,0,0,0,0,0,1,0,0
pan_for_cooking__u01,tool_prop,pan_(for_cooking),side,side,1,fine_semantic_after_label_cleanup,unresolved,0,,,0.0,0.0,False,0,0,0,0,0,1,0,0
pan_for_cooking__u01,tool_prop,pan_(for_cooking),side,side,2,fine_final_instances,unresolved,0,,,0.0,0.0,False,0,0,0,0,0,1,0,0
pan_for_cooking__u01,tool_prop,pan_(for_cooking),side,side,3,group_before_regularize_character_surface_boundaries,unresolved,0,,,0.0,0.0,False,0,0,0,0,0,1,0,0
pan_for_cooking__u01,tool_prop,pan_(for_cooking),side,side,4,group_after_regularize_character_surface_boundaries,unresolved,0,,,0.0,0.0,False,0,0,0,0,0,1,0,0
pan_for_cooking__u01,tool_prop,pan_(for_cooking),side,side,5,group_before_regularize_stem_base_boundaries,unresolved,0,,,0.0,0.0,False,0,0,0,0,0,1,0,0
pan_for_cooking__u01,tool_prop,pan_(for_cooking),side,side,6,group_after_regularize_stem_base_boundaries,unresolved,0,,,0.0,0.0,False,0,0,0,0,0,1,0,0
pan_for_cooking__u01,tool_prop,pan_(for_cooking),side,side,7,group_before_clean_group_satellites,unresolved,0,,,0.0,0.0,False,0,0,0,0,0,1,0,0
pan_for_cooking__u01,tool_prop,pan_(for_cooking),side,side,8,group_after_clean_group_satellites,unresolved,0,,,0.0,0.0,False,0,0,0,0,0,1,0,0
pan_for_cooking__u01,tool_prop,pan_(for_cooking),side,side,9,group_before_split_repeated_group_components,unresolved,0,,,0.0,0.0,False,0,0,0,0,0,1,0,0
pan_for_cooking__u01,tool_prop,pan_(for_cooking),side,side,10,group_after_split_repeated_group_components,unresolved,0,,,0.0,0.0,False,0,0,0,0,0,1,0,0
pan_for_cooking__u01,tool_prop,pan_(for_cooking),side,side,11,group_final_instances,unresolved,0,,,0.0,0.0,False,0,0,0,0,0,1,0,0
