case_id,domain,category,target,candidate_index,candidate_key,semantic,target_iou,target_intersection_px,fine_final_tp_retained_target,fine_final_tp_other_semantics,fine_final_tp_background,fine_final_largest_tp_owner,group_final_tp_retained_target,group_final_tp_other_semantics,group_final_tp_background,group_final_largest_tp_owner,dbscan_final_tp_retained_target,dbscan_final_tp_other_semantics,dbscan_final_tp_background,dbscan_final_largest_tp_owner
laptop_computer__u01,device,laptop_computer,keyboard,3,root:1/profile-refine:IDEA-Research_grounding-dino-tiny:device_keyboard:01,device_keyboard,0.8677653188356552,15323,13504,1819,0,device_keyboard,13511,1812,0,device_keyboard,15323,0,0,device_keyboard
laptop_computer__u01,device,laptop_computer,keyboard,11,root:1/visual-region:05,device_keyboard,0.4462025316455696,15510,13546,1964,0,device_keyboard,13553,1957,0,device_keyboard,15510,0,0,device_keyboard
calculator__u01,device,cellular_telephone,bezel,4,root:1/profile-topology:IDEA-Research_grounding-dino-tiny:device_bezel:01,device_bezel,0.6421376393694733,8351,6798,1549,4,device_bezel,7125,1222,4,device_bezel,845,7506,0,device_screen
clock__u01,device,clock,case,1,root:1,device,0.37645695668135093,32815,14668,18146,1,device,14639,18175,1,device_dial,15654,17161,0,device
watch__u01,device,watch,case,1,root:1,device,0.27064777327935224,5348,1802,3546,0,device,1802,3546,0,device_body,5322,26,0,device
bench__u01,furniture,bench,seat,2,root:1/profile-refine:IDEA-Research_grounding-dino-tiny:furniture_seat:01,furniture_seat,0.7491801825755562,8453,8398,55,0,furniture_seat,8453,0,0,furniture_seat,5947,2506,0,furniture_seat
bench__u01,furniture,bench,seat,23,root:1/visual-region:12,furniture_seat,0.5058458165875046,5538,5473,65,0,furniture_seat,5473,65,0,furniture_seat,5502,36,0,furniture_seat
mug__u01,container,mug,inner_body,4,root:1/container_inner:conditional:01,container_inner,0.7862883702914689,8120,7607,513,0,container_inner,7607,513,0,container_inner,8120,0,0,container_inner
bowl__u01,container,bowl,body,1,root:1,container,0.2986003110419907,3840,3302,538,0,container,3302,538,0,container_body,3302,538,0,container
handbag__u01,container,handbag,rim,4,root:1/container_opening:conditional:01,container_opening,0.3705229793977813,1169,1169,0,0,container_opening,1169,0,0,container_opening,1169,0,0,container_opening
box__u01,container,box,side,2,root:1/profile-refine:IDEA-Research_grounding-dino-tiny:container_side:03,container_side,0.5414703903095559,6437,270,6167,0,container_bottom,270,6167,0,container_bottom,0,6437,0,container_bottom
car_automobile__u01,vehicle,car_(automobile),bumper,16,root:1/vehicle_bumper:conditional:01,vehicle_bumper,0.33196814562002275,1459,1440,19,0,vehicle_bumper,1440,19,0,vehicle_bumper,1433,26,0,vehicle_bumper
bicycle__u01,vehicle,bicycle,wheel,2,root:1/profile-refine:IDEA-Research_grounding-dino-tiny:vehicle_wheel:01,vehicle_wheel,0.43034399470178036,22093,22093,0,0,vehicle_wheel,22093,0,0,vehicle_wheel,22093,0,0,vehicle_wheel
bicycle__u01,vehicle,bicycle,wheel,8,root:1/visual-region:04,vehicle_wheel,0.45691533615942315,23066,22530,536,0,vehicle_wheel,22530,536,0,vehicle_wheel,23066,0,0,vehicle_wheel
car_automobile__u02,vehicle,car_(automobile),windshield,2,root:1/profile-refine:IDEA-Research_grounding-dino-tiny:vehicle_windshield:01,vehicle_windshield,0.704812834224599,659,206,435,18,vehicle_window,203,438,18,vehicle_window,0,659,0,vehicle_window
bicycle__u02,vehicle,bicycle,wheel,2,root:1/profile-refine:IDEA-Research_grounding-dino-tiny:vehicle_wheel:01,vehicle_wheel,0.37705669270719677,17279,17279,0,0,vehicle_wheel,17279,0,0,vehicle_wheel,17277,2,0,vehicle_wheel
shoe__u01,daily_object,shoe,vamp,3,root:1/profile-refine:IDEA-Research_grounding-dino-tiny:daily_object_upper:01,daily_object_upper,0.4349748743718593,2164,237,1927,0,daily_object,1040,1124,0,daily_object_body,1137,1027,0,daily_object_upper
wrench__u01,tool_prop,knife,handle,4,root:1/profile-topology:IDEA-Research_grounding-dino-tiny:tool_prop_handle:01,tool_prop_handle,0.8852304797742239,3764,3764,0,0,tool_prop_handle,3764,0,0,tool_prop_handle,3761,3,0,tool_prop_handle
wrench__u01,tool_prop,knife,handle,6,root:1/visual-region:04,tool_prop_handle,0.9527180783817952,3768,3763,0,5,tool_prop_handle,3763,0,5,tool_prop_handle,3766,2,0,tool_prop_handle
knife__u01,tool_prop,knife,handle,4,root:1/profile-topology:IDEA-Research_grounding-dino-tiny:tool_prop_handle:01,tool_prop_handle,0.6921168161862951,3626,3350,257,19,tool_prop_handle,3350,257,19,tool_prop_handle,3384,242,0,tool_prop_handle
knife__u01,tool_prop,knife,handle,5,root:1/tool_prop_handle:conditional:01,tool_prop_handle,0.6397058823529411,3654,3378,257,19,tool_prop_handle,3378,257,19,tool_prop_handle,3412,242,0,tool_prop_handle
scissors__u01,tool_prop,scissors,handle,7,root:1/visual-region:05,tool_prop_handle,0.25458986019875357,3023,1407,1616,0,tool_prop,1407,1616,0,tool_prop_body,1948,1075,0,tool_prop_handle
guitar__u01,tool_prop,guitar,fingerboard,2,root:2/visual-region:01,tool_prop_fingerboard,0.8087141339001063,1522,1312,210,0,tool_prop_fingerboard,1312,210,0,tool_prop_fingerboard,1522,0,0,tool_prop_fingerboard
