case_id,domain,category,target,raw_state,hpid_state,raw_review_correct,hpid_review_correct,raw_best_iou,hpid_best_iou,raw_selected_iou,hpid_selected_iou
cellular_telephone__u01,device,cellular_telephone,button,query_ambiguous,query_ambiguous,0.0,0.0,0.16154120585087406,0.14027827327863004,0.16154120585087406,0.14027827327863004
laptop_computer__u01,device,laptop_computer,keyboard,query_ambiguous,unique_and_correct_025,1.0,0.0,0.8677653188356552,0.6707413639513016,0.4462025316455696,0.6707413639513016
television_set__u01,device,television_set,top,query_unresolved,query_unresolved,0.0,0.0,0.0,0.0,0.0,0.0
remote_control__u01,device,remote_control,button,query_ambiguous,query_ambiguous,0.0,0.0,0.02405857740585774,0.14596670934699105,0.02405857740585774,0.09486623282718727
calculator__u01,device,cellular_telephone,bezel,query_ambiguous,unique_and_correct_025,1.0,0.0,0.6421376393694733,0.5566710092727412,0.22716441620333597,0.5566710092727412
telephone__u01,device,telephone,bezel,wrong_unique_025,wrong_unique_025,0.0,0.0,0.1219901132195822,0.04061291282356441,0.1219901132195822,0.04061291282356441
clock__u01,device,clock,case,unique_and_correct_025,unique_and_correct_025,0.0,0.0,0.37645695668135093,0.4225673296192593,0.37645695668135093,0.4225673296192593
watch__u01,device,watch,case,unique_and_correct_025,unique_and_correct_025,0.0,0.0,0.27064777327935224,0.2656641604010025,0.27064777327935224,0.2656641604010025
chair__u01,furniture,chair,rail,query_unresolved,query_unresolved,0.0,0.0,0.0,0.0,0.0,0.0
bench__u01,furniture,bench,seat,query_ambiguous,unique_and_correct_025,1.0,0.0,0.7491801825755562,0.8895662160968283,0.5058458165875046,0.8895662160968283
stool__u01,furniture,stool,footrest,query_unresolved,query_unresolved,0.0,0.0,0.0,0.0,0.0,0.0
table__u01,furniture,table,shelf,query_unresolved,query_unresolved,0.0,0.0,0.0,0.0,0.0,0.0
bottle__u01,container,bottle,base,wrong_unique_025,wrong_unique_025,0.0,0.0,0.0,0.0,0.0,0.0
jar__u01,container,jar,base,query_unresolved,query_unresolved,0.0,0.0,0.0,0.0,0.0,0.0
can__u01,container,can,body,wrong_unique_025,unique_and_correct_025,0.0,0.0,0.21076181734740707,0.32855597620335314,0.21076181734740707,0.32855597620335314
cup__u01,container,cup,handle,query_unresolved,query_unresolved,0.0,0.0,0.0,0.0,0.0,0.0
mug__u01,container,mug,inner_body,unique_and_correct_025,unique_and_correct_025,0.0,0.0,0.7862883702914689,0.7556372305552796,0.7862883702914689,0.7556372305552796
glass_drink_container__u01,container,glass_(drink_container),base,wrong_unique_025,query_unresolved,0.0,0.0,0.0,0.0,0.0,0.0
bowl__u01,container,bowl,body,unique_and_correct_025,unique_and_correct_025,0.0,0.0,0.2986003110419907,0.4835969537199766,0.2986003110419907,0.4835969537199766
handbag__u01,container,handbag,rim,unique_and_correct_025,unique_and_correct_025,0.0,0.0,0.3705229793977813,0.3045513654096229,0.3705229793977813,0.3045513654096229
plastic_bag__u01,container,plastic_bag,handle,query_ambiguous,query_ambiguous,0.0,0.0,0.24989447024060785,0.24989447024060785,0.24989447024060785,0.24989447024060785
box__u01,container,box,side,query_ambiguous,wrong_unique_025,1.0,0.0,0.5414703903095559,0.00694855495792264,0.16838552852052013,0.00694855495792264
car_automobile__u01,vehicle,car_(automobile),bumper,unique_and_correct_025,unique_and_correct_025,0.0,0.0,0.33196814562002275,0.36352169525731587,0.33196814562002275,0.36352169525731587
bicycle__u01,vehicle,bicycle,wheel,query_ambiguous,query_ambiguous,1.0,1.0,0.45691533615942315,0.4463748019017433,0.45691533615942315,0.4309589201192076
car_automobile__u02,vehicle,car_(automobile),windshield,query_ambiguous,wrong_unique_025,1.0,0.0,0.704812834224599,0.21711229946524063,0.07700534759358289,0.21711229946524063
bicycle__u02,vehicle,bicycle,wheel,unique_and_correct_025,unique_and_correct_025,0.0,0.0,0.37705669270719677,0.37669729952855807,0.37705669270719677,0.37669729952855807
helmet__u01,daily_object,helmet,rim,query_unresolved,query_unresolved,0.0,0.0,0.0,0.0,0.0,0.0
shoe__u01,daily_object,shoe,vamp,unique_and_correct_025,wrong_unique_025,0.0,0.0,0.4349748743718593,0.20691711389385808,0.4349748743718593,0.20691711389385808
slipper_footwear__u01,daily_object,book,page,query_unresolved,query_unresolved,0.0,0.0,0.0,0.0,0.0,0.0
screwdriver__u01,tool_prop,knife,blade,wrong_unique_025,wrong_unique_025,0.0,0.0,0.0053810239772097805,0.012989057702904826,0.0053810239772097805,0.012989057702904826
wrench__u01,tool_prop,knife,handle,query_ambiguous,unique_and_correct_025,1.0,0.0,0.9527180783817952,0.7211796246648794,0.9527180783817952,0.7211796246648794
knife__u01,tool_prop,knife,handle,query_ambiguous,unique_and_correct_025,1.0,0.0,0.6921168161862951,0.7725331535176444,0.6397058823529411,0.7725331535176444
scissors__u01,tool_prop,scissors,handle,query_ambiguous,query_ambiguous,1.0,0.0,0.25458986019875357,0.14190620272314675,0.25458986019875357,0.14190620272314675
pliers__u01,tool_prop,pliers,blade,query_ambiguous,query_ambiguous,0.0,0.0,0.0,0.0,0.0,0.0
ladder__u01,tool_prop,ladder,rail,query_unresolved,query_unresolved,0.0,0.0,0.0,0.0,0.0,0.0
guitar__u01,tool_prop,guitar,fingerboard,unique_and_correct_025,unique_and_correct_025,0.0,0.0,0.8087141339001063,0.7068965517241379,0.8087141339001063,0.7068965517241379
pan_for_cooking__u01,tool_prop,pan_(for_cooking),side,query_unresolved,query_unresolved,0.0,0.0,0.0,0.0,0.0,0.0
