level,stratum,method,endpoint,k,n,rate,low,high
domain,container,raw_proposals,unique_and_correct_025,3,10,0.3,0.10779126740630099,0.6032218525388546
domain,container,raw_proposals,wrong_unique_025,3,10,0.3,0.10779126740630099,0.6032218525388546
domain,container,raw_proposals,query_ambiguous,2,10,0.2,0.05668215145437519,0.5098375284633583
domain,container,raw_proposals,query_unresolved,2,10,0.2,0.05668215145437519,0.5098375284633583
domain,container,dbscan_fusion,unique_and_correct_025,4,10,0.4,0.16818032970623614,0.6873262302663417
domain,container,dbscan_fusion,wrong_unique_025,2,10,0.2,0.05668215145437519,0.5098375284633583
domain,container,dbscan_fusion,query_ambiguous,2,10,0.2,0.05668215145437519,0.5098375284633583
domain,container,dbscan_fusion,query_unresolved,2,10,0.2,0.05668215145437519,0.5098375284633583
domain,container,hpid_split_group_ids,unique_and_correct_025,4,10,0.4,0.16818032970623614,0.6873262302663417
domain,container,hpid_split_group_ids,wrong_unique_025,2,10,0.2,0.05668215145437519,0.5098375284633583
domain,container,hpid_split_group_ids,query_ambiguous,1,10,0.1,0.017876213095072896,0.4041500267952385
domain,container,hpid_split_group_ids,query_unresolved,3,10,0.3,0.10779126740630099,0.6032218525388546
domain,daily_object,raw_proposals,unique_and_correct_025,1,3,0.3333333333333333,0.06149194472039621,0.7923403991979522
domain,daily_object,raw_proposals,wrong_unique_025,0,3,0.0,5.551115123125783e-17,0.5614970317550454
domain,daily_object,raw_proposals,query_ambiguous,0,3,0.0,5.551115123125783e-17,0.5614970317550454
domain,daily_object,raw_proposals,query_unresolved,2,3,0.6666666666666666,0.2076596008020477,0.9385080552796037
domain,daily_object,dbscan_fusion,unique_and_correct_025,1,3,0.3333333333333333,0.06149194472039621,0.7923403991979522
domain,daily_object,dbscan_fusion,wrong_unique_025,0,3,0.0,5.551115123125783e-17,0.5614970317550454
domain,daily_object,dbscan_fusion,query_ambiguous,0,3,0.0,5.551115123125783e-17,0.5614970317550454
domain,daily_object,dbscan_fusion,query_unresolved,2,3,0.6666666666666666,0.2076596008020477,0.9385080552796037
domain,daily_object,hpid_split_group_ids,unique_and_correct_025,0,3,0.0,5.551115123125783e-17,0.5614970317550454
domain,daily_object,hpid_split_group_ids,wrong_unique_025,1,3,0.3333333333333333,0.06149194472039621,0.7923403991979522
domain,daily_object,hpid_split_group_ids,query_ambiguous,0,3,0.0,5.551115123125783e-17,0.5614970317550454
domain,daily_object,hpid_split_group_ids,query_unresolved,2,3,0.6666666666666666,0.2076596008020477,0.9385080552796037
domain,device,raw_proposals,unique_and_correct_025,2,8,0.25,0.071479212752109,0.5907245696898311
domain,device,raw_proposals,wrong_unique_025,1,8,0.125,0.02241749145005667,0.4708881822128535
domain,device,raw_proposals,query_ambiguous,4,8,0.5,0.21521606221387757,0.7847839377861224
domain,device,raw_proposals,query_unresolved,1,8,0.125,0.02241749145005667,0.4708881822128535
domain,device,dbscan_fusion,unique_and_correct_025,3,8,0.375,0.13684428582359742,0.6942576053973727
domain,device,dbscan_fusion,wrong_unique_025,2,8,0.25,0.071479212752109,0.5907245696898311
domain,device,dbscan_fusion,query_ambiguous,2,8,0.25,0.071479212752109,0.5907245696898311
domain,device,dbscan_fusion,query_unresolved,1,8,0.125,0.02241749145005667,0.4708881822128535
domain,device,hpid_split_group_ids,unique_and_correct_025,4,8,0.5,0.21521606221387757,0.7847839377861224
domain,device,hpid_split_group_ids,wrong_unique_025,1,8,0.125,0.02241749145005667,0.4708881822128535
domain,device,hpid_split_group_ids,query_ambiguous,2,8,0.25,0.071479212752109,0.5907245696898311
domain,device,hpid_split_group_ids,query_unresolved,1,8,0.125,0.02241749145005667,0.4708881822128535
domain,furniture,raw_proposals,unique_and_correct_025,0,4,0.0,0,0.4898908364545973
domain,furniture,raw_proposals,wrong_unique_025,0,4,0.0,0,0.4898908364545973
domain,furniture,raw_proposals,query_ambiguous,1,4,0.25,0.04558726080970055,0.6993581574175981
domain,furniture,raw_proposals,query_unresolved,3,4,0.75,0.30064184258240184,0.9544127391902995
domain,furniture,dbscan_fusion,unique_and_correct_025,1,4,0.25,0.04558726080970055,0.6993581574175981
domain,furniture,dbscan_fusion,wrong_unique_025,0,4,0.0,0,0.4898908364545973
domain,furniture,dbscan_fusion,query_ambiguous,0,4,0.0,0,0.4898908364545973
domain,furniture,dbscan_fusion,query_unresolved,3,4,0.75,0.30064184258240184,0.9544127391902995
domain,furniture,hpid_split_group_ids,unique_and_correct_025,1,4,0.25,0.04558726080970055,0.6993581574175981
domain,furniture,hpid_split_group_ids,wrong_unique_025,0,4,0.0,0,0.4898908364545973
domain,furniture,hpid_split_group_ids,query_ambiguous,0,4,0.0,0,0.4898908364545973
domain,furniture,hpid_split_group_ids,query_unresolved,3,4,0.75,0.30064184258240184,0.9544127391902995
domain,tool_prop,raw_proposals,unique_and_correct_025,1,8,0.125,0.02241749145005667,0.4708881822128535
domain,tool_prop,raw_proposals,wrong_unique_025,1,8,0.125,0.02241749145005667,0.4708881822128535
domain,tool_prop,raw_proposals,query_ambiguous,4,8,0.5,0.21521606221387757,0.7847839377861224
domain,tool_prop,raw_proposals,query_unresolved,2,8,0.25,0.071479212752109,0.5907245696898311
domain,tool_prop,dbscan_fusion,unique_and_correct_025,3,8,0.375,0.13684428582359742,0.6942576053973727
domain,tool_prop,dbscan_fusion,wrong_unique_025,1,8,0.125,0.02241749145005667,0.4708881822128535
domain,tool_prop,dbscan_fusion,query_ambiguous,2,8,0.25,0.071479212752109,0.5907245696898311
domain,tool_prop,dbscan_fusion,query_unresolved,2,8,0.25,0.071479212752109,0.5907245696898311
domain,tool_prop,hpid_split_group_ids,unique_and_correct_025,3,8,0.375,0.13684428582359742,0.6942576053973727
domain,tool_prop,hpid_split_group_ids,wrong_unique_025,1,8,0.125,0.02241749145005667,0.4708881822128535
domain,tool_prop,hpid_split_group_ids,query_ambiguous,2,8,0.25,0.071479212752109,0.5907245696898311
domain,tool_prop,hpid_split_group_ids,query_unresolved,2,8,0.25,0.071479212752109,0.5907245696898311
domain,vehicle,raw_proposals,unique_and_correct_025,2,4,0.5,0.15003898915214947,0.8499610108478506
domain,vehicle,raw_proposals,wrong_unique_025,0,4,0.0,0,0.4898908364545973
domain,vehicle,raw_proposals,query_ambiguous,2,4,0.5,0.15003898915214947,0.8499610108478506
domain,vehicle,raw_proposals,query_unresolved,0,4,0.0,0,0.4898908364545973
domain,vehicle,dbscan_fusion,unique_and_correct_025,2,4,0.5,0.15003898915214947,0.8499610108478506
domain,vehicle,dbscan_fusion,wrong_unique_025,0,4,0.0,0,0.4898908364545973
domain,vehicle,dbscan_fusion,query_ambiguous,1,4,0.25,0.04558726080970055,0.6993581574175981
domain,vehicle,dbscan_fusion,query_unresolved,1,4,0.25,0.04558726080970055,0.6993581574175981
domain,vehicle,hpid_split_group_ids,unique_and_correct_025,2,4,0.5,0.15003898915214947,0.8499610108478506
domain,vehicle,hpid_split_group_ids,wrong_unique_025,1,4,0.25,0.04558726080970055,0.6993581574175981
domain,vehicle,hpid_split_group_ids,query_ambiguous,1,4,0.25,0.04558726080970055,0.6993581574175981
domain,vehicle,hpid_split_group_ids,query_unresolved,0,4,0.0,0,0.4898908364545973
category,bench,raw_proposals,unique_and_correct_025,0,1,0.0,0,0.7934506856227626
category,bench,raw_proposals,wrong_unique_025,0,1,0.0,0,0.7934506856227626
category,bench,raw_proposals,query_ambiguous,1,1,1.0,0.20654931437723745,1
category,bench,raw_proposals,query_unresolved,0,1,0.0,0,0.7934506856227626
category,bench,dbscan_fusion,unique_and_correct_025,1,1,1.0,0.20654931437723745,1
category,bench,dbscan_fusion,wrong_unique_025,0,1,0.0,0,0.7934506856227626
category,bench,dbscan_fusion,query_ambiguous,0,1,0.0,0,0.7934506856227626
category,bench,dbscan_fusion,query_unresolved,0,1,0.0,0,0.7934506856227626
category,bench,hpid_split_group_ids,unique_and_correct_025,1,1,1.0,0.20654931437723745,1
category,bench,hpid_split_group_ids,wrong_unique_025,0,1,0.0,0,0.7934506856227626
category,bench,hpid_split_group_ids,query_ambiguous,0,1,0.0,0,0.7934506856227626
category,bench,hpid_split_group_ids,query_unresolved,0,1,0.0,0,0.7934506856227626
category,bicycle,raw_proposals,unique_and_correct_025,1,2,0.5,0.09453120573423074,0.9054687942657693
category,bicycle,raw_proposals,wrong_unique_025,0,2,0.0,0,0.6576197724933469
category,bicycle,raw_proposals,query_ambiguous,1,2,0.5,0.09453120573423074,0.9054687942657693
category,bicycle,raw_proposals,query_unresolved,0,2,0.0,0,0.6576197724933469
category,bicycle,dbscan_fusion,unique_and_correct_025,1,2,0.5,0.09453120573423074,0.9054687942657693
category,bicycle,dbscan_fusion,wrong_unique_025,0,2,0.0,0,0.6576197724933469
category,bicycle,dbscan_fusion,query_ambiguous,1,2,0.5,0.09453120573423074,0.9054687942657693
category,bicycle,dbscan_fusion,query_unresolved,0,2,0.0,0,0.6576197724933469
category,bicycle,hpid_split_group_ids,unique_and_correct_025,1,2,0.5,0.09453120573423074,0.9054687942657693
category,bicycle,hpid_split_group_ids,wrong_unique_025,0,2,0.0,0,0.6576197724933469
category,bicycle,hpid_split_group_ids,query_ambiguous,1,2,0.5,0.09453120573423074,0.9054687942657693
category,bicycle,hpid_split_group_ids,query_unresolved,0,2,0.0,0,0.6576197724933469
category,book,raw_proposals,unique_and_correct_025,0,1,0.0,0,0.7934506856227626
category,book,raw_proposals,wrong_unique_025,0,1,0.0,0,0.7934506856227626
category,book,raw_proposals,query_ambiguous,0,1,0.0,0,0.7934506856227626
category,book,raw_proposals,query_unresolved,1,1,1.0,0.20654931437723745,1
category,book,dbscan_fusion,unique_and_correct_025,0,1,0.0,0,0.7934506856227626
category,book,dbscan_fusion,wrong_unique_025,0,1,0.0,0,0.7934506856227626
category,book,dbscan_fusion,query_ambiguous,0,1,0.0,0,0.7934506856227626
category,book,dbscan_fusion,query_unresolved,1,1,1.0,0.20654931437723745,1
category,book,hpid_split_group_ids,unique_and_correct_025,0,1,0.0,0,0.7934506856227626
category,book,hpid_split_group_ids,wrong_unique_025,0,1,0.0,0,0.7934506856227626
category,book,hpid_split_group_ids,query_ambiguous,0,1,0.0,0,0.7934506856227626
category,book,hpid_split_group_ids,query_unresolved,1,1,1.0,0.20654931437723745,1
category,bottle,raw_proposals,unique_and_correct_025,0,1,0.0,0,0.7934506856227626
category,bottle,raw_proposals,wrong_unique_025,1,1,1.0,0.20654931437723745,1
category,bottle,raw_proposals,query_ambiguous,0,1,0.0,0,0.7934506856227626
category,bottle,raw_proposals,query_unresolved,0,1,0.0,0,0.7934506856227626
category,bottle,dbscan_fusion,unique_and_correct_025,0,1,0.0,0,0.7934506856227626
category,bottle,dbscan_fusion,wrong_unique_025,1,1,1.0,0.20654931437723745,1
category,bottle,dbscan_fusion,query_ambiguous,0,1,0.0,0,0.7934506856227626
category,bottle,dbscan_fusion,query_unresolved,0,1,0.0,0,0.7934506856227626
category,bottle,hpid_split_group_ids,unique_and_correct_025,0,1,0.0,0,0.7934506856227626
category,bottle,hpid_split_group_ids,wrong_unique_025,1,1,1.0,0.20654931437723745,1
category,bottle,hpid_split_group_ids,query_ambiguous,0,1,0.0,0,0.7934506856227626
category,bottle,hpid_split_group_ids,query_unresolved,0,1,0.0,0,0.7934506856227626
category,bowl,raw_proposals,unique_and_correct_025,1,1,1.0,0.20654931437723745,1
category,bowl,raw_proposals,wrong_unique_025,0,1,0.0,0,0.7934506856227626
category,bowl,raw_proposals,query_ambiguous,0,1,0.0,0,0.7934506856227626
category,bowl,raw_proposals,query_unresolved,0,1,0.0,0,0.7934506856227626
category,bowl,dbscan_fusion,unique_and_correct_025,1,1,1.0,0.20654931437723745,1
category,bowl,dbscan_fusion,wrong_unique_025,0,1,0.0,0,0.7934506856227626
category,bowl,dbscan_fusion,query_ambiguous,0,1,0.0,0,0.7934506856227626
category,bowl,dbscan_fusion,query_unresolved,0,1,0.0,0,0.7934506856227626
category,bowl,hpid_split_group_ids,unique_and_correct_025,1,1,1.0,0.20654931437723745,1
category,bowl,hpid_split_group_ids,wrong_unique_025,0,1,0.0,0,0.7934506856227626
category,bowl,hpid_split_group_ids,query_ambiguous,0,1,0.0,0,0.7934506856227626
category,bowl,hpid_split_group_ids,query_unresolved,0,1,0.0,0,0.7934506856227626
category,box,raw_proposals,unique_and_correct_025,0,1,0.0,0,0.7934506856227626
category,box,raw_proposals,wrong_unique_025,0,1,0.0,0,0.7934506856227626
category,box,raw_proposals,query_ambiguous,1,1,1.0,0.20654931437723745,1
category,box,raw_proposals,query_unresolved,0,1,0.0,0,0.7934506856227626
category,box,dbscan_fusion,unique_and_correct_025,0,1,0.0,0,0.7934506856227626
category,box,dbscan_fusion,wrong_unique_025,0,1,0.0,0,0.7934506856227626
category,box,dbscan_fusion,query_ambiguous,1,1,1.0,0.20654931437723745,1
category,box,dbscan_fusion,query_unresolved,0,1,0.0,0,0.7934506856227626
category,box,hpid_split_group_ids,unique_and_correct_025,0,1,0.0,0,0.7934506856227626
category,box,hpid_split_group_ids,wrong_unique_025,1,1,1.0,0.20654931437723745,1
category,box,hpid_split_group_ids,query_ambiguous,0,1,0.0,0,0.7934506856227626
category,box,hpid_split_group_ids,query_unresolved,0,1,0.0,0,0.7934506856227626
category,can,raw_proposals,unique_and_correct_025,0,1,0.0,0,0.7934506856227626
category,can,raw_proposals,wrong_unique_025,1,1,1.0,0.20654931437723745,1
category,can,raw_proposals,query_ambiguous,0,1,0.0,0,0.7934506856227626
category,can,raw_proposals,query_unresolved,0,1,0.0,0,0.7934506856227626
category,can,dbscan_fusion,unique_and_correct_025,1,1,1.0,0.20654931437723745,1
category,can,dbscan_fusion,wrong_unique_025,0,1,0.0,0,0.7934506856227626
category,can,dbscan_fusion,query_ambiguous,0,1,0.0,0,0.7934506856227626
category,can,dbscan_fusion,query_unresolved,0,1,0.0,0,0.7934506856227626
category,can,hpid_split_group_ids,unique_and_correct_025,1,1,1.0,0.20654931437723745,1
category,can,hpid_split_group_ids,wrong_unique_025,0,1,0.0,0,0.7934506856227626
category,can,hpid_split_group_ids,query_ambiguous,0,1,0.0,0,0.7934506856227626
category,can,hpid_split_group_ids,query_unresolved,0,1,0.0,0,0.7934506856227626
category,car_(automobile),raw_proposals,unique_and_correct_025,1,2,0.5,0.09453120573423074,0.9054687942657693
category,car_(automobile),raw_proposals,wrong_unique_025,0,2,0.0,0,0.6576197724933469
category,car_(automobile),raw_proposals,query_ambiguous,1,2,0.5,0.09453120573423074,0.9054687942657693
category,car_(automobile),raw_proposals,query_unresolved,0,2,0.0,0,0.6576197724933469
category,car_(automobile),dbscan_fusion,unique_and_correct_025,1,2,0.5,0.09453120573423074,0.9054687942657693
category,car_(automobile),dbscan_fusion,wrong_unique_025,0,2,0.0,0,0.6576197724933469
category,car_(automobile),dbscan_fusion,query_ambiguous,0,2,0.0,0,0.6576197724933469
category,car_(automobile),dbscan_fusion,query_unresolved,1,2,0.5,0.09453120573423074,0.9054687942657693
category,car_(automobile),hpid_split_group_ids,unique_and_correct_025,1,2,0.5,0.09453120573423074,0.9054687942657693
category,car_(automobile),hpid_split_group_ids,wrong_unique_025,1,2,0.5,0.09453120573423074,0.9054687942657693
category,car_(automobile),hpid_split_group_ids,query_ambiguous,0,2,0.0,0,0.6576197724933469
category,car_(automobile),hpid_split_group_ids,query_unresolved,0,2,0.0,0,0.6576197724933469
category,cellular_telephone,raw_proposals,unique_and_correct_025,0,2,0.0,0,0.6576197724933469
category,cellular_telephone,raw_proposals,wrong_unique_025,0,2,0.0,0,0.6576197724933469
category,cellular_telephone,raw_proposals,query_ambiguous,2,2,1.0,0.34238022750665303,1
category,cellular_telephone,raw_proposals,query_unresolved,0,2,0.0,0,0.6576197724933469
category,cellular_telephone,dbscan_fusion,unique_and_correct_025,0,2,0.0,0,0.6576197724933469
category,cellular_telephone,dbscan_fusion,wrong_unique_025,1,2,0.5,0.09453120573423074,0.9054687942657693
category,cellular_telephone,dbscan_fusion,query_ambiguous,1,2,0.5,0.09453120573423074,0.9054687942657693
category,cellular_telephone,dbscan_fusion,query_unresolved,0,2,0.0,0,0.6576197724933469
category,cellular_telephone,hpid_split_group_ids,unique_and_correct_025,1,2,0.5,0.09453120573423074,0.9054687942657693
category,cellular_telephone,hpid_split_group_ids,wrong_unique_025,0,2,0.0,0,0.6576197724933469
category,cellular_telephone,hpid_split_group_ids,query_ambiguous,1,2,0.5,0.09453120573423074,0.9054687942657693
category,cellular_telephone,hpid_split_group_ids,query_unresolved,0,2,0.0,0,0.6576197724933469
category,chair,raw_proposals,unique_and_correct_025,0,1,0.0,0,0.7934506856227626
category,chair,raw_proposals,wrong_unique_025,0,1,0.0,0,0.7934506856227626
category,chair,raw_proposals,query_ambiguous,0,1,0.0,0,0.7934506856227626
category,chair,raw_proposals,query_unresolved,1,1,1.0,0.20654931437723745,1
category,chair,dbscan_fusion,unique_and_correct_025,0,1,0.0,0,0.7934506856227626
category,chair,dbscan_fusion,wrong_unique_025,0,1,0.0,0,0.7934506856227626
category,chair,dbscan_fusion,query_ambiguous,0,1,0.0,0,0.7934506856227626
category,chair,dbscan_fusion,query_unresolved,1,1,1.0,0.20654931437723745,1
category,chair,hpid_split_group_ids,unique_and_correct_025,0,1,0.0,0,0.7934506856227626
category,chair,hpid_split_group_ids,wrong_unique_025,0,1,0.0,0,0.7934506856227626
category,chair,hpid_split_group_ids,query_ambiguous,0,1,0.0,0,0.7934506856227626
category,chair,hpid_split_group_ids,query_unresolved,1,1,1.0,0.20654931437723745,1
category,clock,raw_proposals,unique_and_correct_025,1,1,1.0,0.20654931437723745,1
category,clock,raw_proposals,wrong_unique_025,0,1,0.0,0,0.7934506856227626
category,clock,raw_proposals,query_ambiguous,0,1,0.0,0,0.7934506856227626
category,clock,raw_proposals,query_unresolved,0,1,0.0,0,0.7934506856227626
category,clock,dbscan_fusion,unique_and_correct_025,1,1,1.0,0.20654931437723745,1
category,clock,dbscan_fusion,wrong_unique_025,0,1,0.0,0,0.7934506856227626
category,clock,dbscan_fusion,query_ambiguous,0,1,0.0,0,0.7934506856227626
category,clock,dbscan_fusion,query_unresolved,0,1,0.0,0,0.7934506856227626
category,clock,hpid_split_group_ids,unique_and_correct_025,1,1,1.0,0.20654931437723745,1
category,clock,hpid_split_group_ids,wrong_unique_025,0,1,0.0,0,0.7934506856227626
category,clock,hpid_split_group_ids,query_ambiguous,0,1,0.0,0,0.7934506856227626
category,clock,hpid_split_group_ids,query_unresolved,0,1,0.0,0,0.7934506856227626
category,cup,raw_proposals,unique_and_correct_025,0,1,0.0,0,0.7934506856227626
category,cup,raw_proposals,wrong_unique_025,0,1,0.0,0,0.7934506856227626
category,cup,raw_proposals,query_ambiguous,0,1,0.0,0,0.7934506856227626
category,cup,raw_proposals,query_unresolved,1,1,1.0,0.20654931437723745,1
category,cup,dbscan_fusion,unique_and_correct_025,0,1,0.0,0,0.7934506856227626
category,cup,dbscan_fusion,wrong_unique_025,0,1,0.0,0,0.7934506856227626
category,cup,dbscan_fusion,query_ambiguous,0,1,0.0,0,0.7934506856227626
category,cup,dbscan_fusion,query_unresolved,1,1,1.0,0.20654931437723745,1
category,cup,hpid_split_group_ids,unique_and_correct_025,0,1,0.0,0,0.7934506856227626
category,cup,hpid_split_group_ids,wrong_unique_025,0,1,0.0,0,0.7934506856227626
category,cup,hpid_split_group_ids,query_ambiguous,0,1,0.0,0,0.7934506856227626
category,cup,hpid_split_group_ids,query_unresolved,1,1,1.0,0.20654931437723745,1
category,glass_(drink_container),raw_proposals,unique_and_correct_025,0,1,0.0,0,0.7934506856227626
category,glass_(drink_container),raw_proposals,wrong_unique_025,1,1,1.0,0.20654931437723745,1
category,glass_(drink_container),raw_proposals,query_ambiguous,0,1,0.0,0,0.7934506856227626
category,glass_(drink_container),raw_proposals,query_unresolved,0,1,0.0,0,0.7934506856227626
category,glass_(drink_container),dbscan_fusion,unique_and_correct_025,0,1,0.0,0,0.7934506856227626
category,glass_(drink_container),dbscan_fusion,wrong_unique_025,1,1,1.0,0.20654931437723745,1
category,glass_(drink_container),dbscan_fusion,query_ambiguous,0,1,0.0,0,0.7934506856227626
category,glass_(drink_container),dbscan_fusion,query_unresolved,0,1,0.0,0,0.7934506856227626
category,glass_(drink_container),hpid_split_group_ids,unique_and_correct_025,0,1,0.0,0,0.7934506856227626
category,glass_(drink_container),hpid_split_group_ids,wrong_unique_025,0,1,0.0,0,0.7934506856227626
category,glass_(drink_container),hpid_split_group_ids,query_ambiguous,0,1,0.0,0,0.7934506856227626
category,glass_(drink_container),hpid_split_group_ids,query_unresolved,1,1,1.0,0.20654931437723745,1
category,guitar,raw_proposals,unique_and_correct_025,1,1,1.0,0.20654931437723745,1
category,guitar,raw_proposals,wrong_unique_025,0,1,0.0,0,0.7934506856227626
category,guitar,raw_proposals,query_ambiguous,0,1,0.0,0,0.7934506856227626
category,guitar,raw_proposals,query_unresolved,0,1,0.0,0,0.7934506856227626
category,guitar,dbscan_fusion,unique_and_correct_025,1,1,1.0,0.20654931437723745,1
category,guitar,dbscan_fusion,wrong_unique_025,0,1,0.0,0,0.7934506856227626
category,guitar,dbscan_fusion,query_ambiguous,0,1,0.0,0,0.7934506856227626
category,guitar,dbscan_fusion,query_unresolved,0,1,0.0,0,0.7934506856227626
category,guitar,hpid_split_group_ids,unique_and_correct_025,1,1,1.0,0.20654931437723745,1
category,guitar,hpid_split_group_ids,wrong_unique_025,0,1,0.0,0,0.7934506856227626
category,guitar,hpid_split_group_ids,query_ambiguous,0,1,0.0,0,0.7934506856227626
category,guitar,hpid_split_group_ids,query_unresolved,0,1,0.0,0,0.7934506856227626
category,handbag,raw_proposals,unique_and_correct_025,1,1,1.0,0.20654931437723745,1
category,handbag,raw_proposals,wrong_unique_025,0,1,0.0,0,0.7934506856227626
category,handbag,raw_proposals,query_ambiguous,0,1,0.0,0,0.7934506856227626
category,handbag,raw_proposals,query_unresolved,0,1,0.0,0,0.7934506856227626
category,handbag,dbscan_fusion,unique_and_correct_025,1,1,1.0,0.20654931437723745,1
category,handbag,dbscan_fusion,wrong_unique_025,0,1,0.0,0,0.7934506856227626
category,handbag,dbscan_fusion,query_ambiguous,0,1,0.0,0,0.7934506856227626
category,handbag,dbscan_fusion,query_unresolved,0,1,0.0,0,0.7934506856227626
category,handbag,hpid_split_group_ids,unique_and_correct_025,1,1,1.0,0.20654931437723745,1
category,handbag,hpid_split_group_ids,wrong_unique_025,0,1,0.0,0,0.7934506856227626
category,handbag,hpid_split_group_ids,query_ambiguous,0,1,0.0,0,0.7934506856227626
category,handbag,hpid_split_group_ids,query_unresolved,0,1,0.0,0,0.7934506856227626
category,helmet,raw_proposals,unique_and_correct_025,0,1,0.0,0,0.7934506856227626
category,helmet,raw_proposals,wrong_unique_025,0,1,0.0,0,0.7934506856227626
category,helmet,raw_proposals,query_ambiguous,0,1,0.0,0,0.7934506856227626
category,helmet,raw_proposals,query_unresolved,1,1,1.0,0.20654931437723745,1
category,helmet,dbscan_fusion,unique_and_correct_025,0,1,0.0,0,0.7934506856227626
category,helmet,dbscan_fusion,wrong_unique_025,0,1,0.0,0,0.7934506856227626
category,helmet,dbscan_fusion,query_ambiguous,0,1,0.0,0,0.7934506856227626
category,helmet,dbscan_fusion,query_unresolved,1,1,1.0,0.20654931437723745,1
category,helmet,hpid_split_group_ids,unique_and_correct_025,0,1,0.0,0,0.7934506856227626
category,helmet,hpid_split_group_ids,wrong_unique_025,0,1,0.0,0,0.7934506856227626
category,helmet,hpid_split_group_ids,query_ambiguous,0,1,0.0,0,0.7934506856227626
category,helmet,hpid_split_group_ids,query_unresolved,1,1,1.0,0.20654931437723745,1
category,jar,raw_proposals,unique_and_correct_025,0,1,0.0,0,0.7934506856227626
category,jar,raw_proposals,wrong_unique_025,0,1,0.0,0,0.7934506856227626
category,jar,raw_proposals,query_ambiguous,0,1,0.0,0,0.7934506856227626
category,jar,raw_proposals,query_unresolved,1,1,1.0,0.20654931437723745,1
category,jar,dbscan_fusion,unique_and_correct_025,0,1,0.0,0,0.7934506856227626
category,jar,dbscan_fusion,wrong_unique_025,0,1,0.0,0,0.7934506856227626
category,jar,dbscan_fusion,query_ambiguous,0,1,0.0,0,0.7934506856227626
category,jar,dbscan_fusion,query_unresolved,1,1,1.0,0.20654931437723745,1
category,jar,hpid_split_group_ids,unique_and_correct_025,0,1,0.0,0,0.7934506856227626
category,jar,hpid_split_group_ids,wrong_unique_025,0,1,0.0,0,0.7934506856227626
category,jar,hpid_split_group_ids,query_ambiguous,0,1,0.0,0,0.7934506856227626
category,jar,hpid_split_group_ids,query_unresolved,1,1,1.0,0.20654931437723745,1
category,knife,raw_proposals,unique_and_correct_025,0,3,0.0,5.551115123125783e-17,0.5614970317550454
category,knife,raw_proposals,wrong_unique_025,1,3,0.3333333333333333,0.06149194472039621,0.7923403991979522
category,knife,raw_proposals,query_ambiguous,2,3,0.6666666666666666,0.2076596008020477,0.9385080552796037
category,knife,raw_proposals,query_unresolved,0,3,0.0,5.551115123125783e-17,0.5614970317550454
category,knife,dbscan_fusion,unique_and_correct_025,2,3,0.6666666666666666,0.2076596008020477,0.9385080552796037
category,knife,dbscan_fusion,wrong_unique_025,1,3,0.3333333333333333,0.06149194472039621,0.7923403991979522
category,knife,dbscan_fusion,query_ambiguous,0,3,0.0,5.551115123125783e-17,0.5614970317550454
category,knife,dbscan_fusion,query_unresolved,0,3,0.0,5.551115123125783e-17,0.5614970317550454
category,knife,hpid_split_group_ids,unique_and_correct_025,2,3,0.6666666666666666,0.2076596008020477,0.9385080552796037
category,knife,hpid_split_group_ids,wrong_unique_025,1,3,0.3333333333333333,0.06149194472039621,0.7923403991979522
category,knife,hpid_split_group_ids,query_ambiguous,0,3,0.0,5.551115123125783e-17,0.5614970317550454
category,knife,hpid_split_group_ids,query_unresolved,0,3,0.0,5.551115123125783e-17,0.5614970317550454
category,ladder,raw_proposals,unique_and_correct_025,0,1,0.0,0,0.7934506856227626
category,ladder,raw_proposals,wrong_unique_025,0,1,0.0,0,0.7934506856227626
category,ladder,raw_proposals,query_ambiguous,0,1,0.0,0,0.7934506856227626
category,ladder,raw_proposals,query_unresolved,1,1,1.0,0.20654931437723745,1
category,ladder,dbscan_fusion,unique_and_correct_025,0,1,0.0,0,0.7934506856227626
category,ladder,dbscan_fusion,wrong_unique_025,0,1,0.0,0,0.7934506856227626
category,ladder,dbscan_fusion,query_ambiguous,0,1,0.0,0,0.7934506856227626
category,ladder,dbscan_fusion,query_unresolved,1,1,1.0,0.20654931437723745,1
category,ladder,hpid_split_group_ids,unique_and_correct_025,0,1,0.0,0,0.7934506856227626
category,ladder,hpid_split_group_ids,wrong_unique_025,0,1,0.0,0,0.7934506856227626
category,ladder,hpid_split_group_ids,query_ambiguous,0,1,0.0,0,0.7934506856227626
category,ladder,hpid_split_group_ids,query_unresolved,1,1,1.0,0.20654931437723745,1
category,laptop_computer,raw_proposals,unique_and_correct_025,0,1,0.0,0,0.7934506856227626
category,laptop_computer,raw_proposals,wrong_unique_025,0,1,0.0,0,0.7934506856227626
category,laptop_computer,raw_proposals,query_ambiguous,1,1,1.0,0.20654931437723745,1
category,laptop_computer,raw_proposals,query_unresolved,0,1,0.0,0,0.7934506856227626
category,laptop_computer,dbscan_fusion,unique_and_correct_025,1,1,1.0,0.20654931437723745,1
category,laptop_computer,dbscan_fusion,wrong_unique_025,0,1,0.0,0,0.7934506856227626
category,laptop_computer,dbscan_fusion,query_ambiguous,0,1,0.0,0,0.7934506856227626
category,laptop_computer,dbscan_fusion,query_unresolved,0,1,0.0,0,0.7934506856227626
category,laptop_computer,hpid_split_group_ids,unique_and_correct_025,1,1,1.0,0.20654931437723745,1
category,laptop_computer,hpid_split_group_ids,wrong_unique_025,0,1,0.0,0,0.7934506856227626
category,laptop_computer,hpid_split_group_ids,query_ambiguous,0,1,0.0,0,0.7934506856227626
category,laptop_computer,hpid_split_group_ids,query_unresolved,0,1,0.0,0,0.7934506856227626
category,mug,raw_proposals,unique_and_correct_025,1,1,1.0,0.20654931437723745,1
category,mug,raw_proposals,wrong_unique_025,0,1,0.0,0,0.7934506856227626
category,mug,raw_proposals,query_ambiguous,0,1,0.0,0,0.7934506856227626
category,mug,raw_proposals,query_unresolved,0,1,0.0,0,0.7934506856227626
category,mug,dbscan_fusion,unique_and_correct_025,1,1,1.0,0.20654931437723745,1
category,mug,dbscan_fusion,wrong_unique_025,0,1,0.0,0,0.7934506856227626
category,mug,dbscan_fusion,query_ambiguous,0,1,0.0,0,0.7934506856227626
category,mug,dbscan_fusion,query_unresolved,0,1,0.0,0,0.7934506856227626
category,mug,hpid_split_group_ids,unique_and_correct_025,1,1,1.0,0.20654931437723745,1
category,mug,hpid_split_group_ids,wrong_unique_025,0,1,0.0,0,0.7934506856227626
category,mug,hpid_split_group_ids,query_ambiguous,0,1,0.0,0,0.7934506856227626
category,mug,hpid_split_group_ids,query_unresolved,0,1,0.0,0,0.7934506856227626
category,pan_(for_cooking),raw_proposals,unique_and_correct_025,0,1,0.0,0,0.7934506856227626
category,pan_(for_cooking),raw_proposals,wrong_unique_025,0,1,0.0,0,0.7934506856227626
category,pan_(for_cooking),raw_proposals,query_ambiguous,0,1,0.0,0,0.7934506856227626
category,pan_(for_cooking),raw_proposals,query_unresolved,1,1,1.0,0.20654931437723745,1
category,pan_(for_cooking),dbscan_fusion,unique_and_correct_025,0,1,0.0,0,0.7934506856227626
category,pan_(for_cooking),dbscan_fusion,wrong_unique_025,0,1,0.0,0,0.7934506856227626
category,pan_(for_cooking),dbscan_fusion,query_ambiguous,0,1,0.0,0,0.7934506856227626
category,pan_(for_cooking),dbscan_fusion,query_unresolved,1,1,1.0,0.20654931437723745,1
category,pan_(for_cooking),hpid_split_group_ids,unique_and_correct_025,0,1,0.0,0,0.7934506856227626
category,pan_(for_cooking),hpid_split_group_ids,wrong_unique_025,0,1,0.0,0,0.7934506856227626
category,pan_(for_cooking),hpid_split_group_ids,query_ambiguous,0,1,0.0,0,0.7934506856227626
category,pan_(for_cooking),hpid_split_group_ids,query_unresolved,1,1,1.0,0.20654931437723745,1
category,plastic_bag,raw_proposals,unique_and_correct_025,0,1,0.0,0,0.7934506856227626
category,plastic_bag,raw_proposals,wrong_unique_025,0,1,0.0,0,0.7934506856227626
category,plastic_bag,raw_proposals,query_ambiguous,1,1,1.0,0.20654931437723745,1
category,plastic_bag,raw_proposals,query_unresolved,0,1,0.0,0,0.7934506856227626
category,plastic_bag,dbscan_fusion,unique_and_correct_025,0,1,0.0,0,0.7934506856227626
category,plastic_bag,dbscan_fusion,wrong_unique_025,0,1,0.0,0,0.7934506856227626
category,plastic_bag,dbscan_fusion,query_ambiguous,1,1,1.0,0.20654931437723745,1
category,plastic_bag,dbscan_fusion,query_unresolved,0,1,0.0,0,0.7934506856227626
category,plastic_bag,hpid_split_group_ids,unique_and_correct_025,0,1,0.0,0,0.7934506856227626
category,plastic_bag,hpid_split_group_ids,wrong_unique_025,0,1,0.0,0,0.7934506856227626
category,plastic_bag,hpid_split_group_ids,query_ambiguous,1,1,1.0,0.20654931437723745,1
category,plastic_bag,hpid_split_group_ids,query_unresolved,0,1,0.0,0,0.7934506856227626
category,pliers,raw_proposals,unique_and_correct_025,0,1,0.0,0,0.7934506856227626
category,pliers,raw_proposals,wrong_unique_025,0,1,0.0,0,0.7934506856227626
category,pliers,raw_proposals,query_ambiguous,1,1,1.0,0.20654931437723745,1
category,pliers,raw_proposals,query_unresolved,0,1,0.0,0,0.7934506856227626
category,pliers,dbscan_fusion,unique_and_correct_025,0,1,0.0,0,0.7934506856227626
category,pliers,dbscan_fusion,wrong_unique_025,0,1,0.0,0,0.7934506856227626
category,pliers,dbscan_fusion,query_ambiguous,1,1,1.0,0.20654931437723745,1
category,pliers,dbscan_fusion,query_unresolved,0,1,0.0,0,0.7934506856227626
category,pliers,hpid_split_group_ids,unique_and_correct_025,0,1,0.0,0,0.7934506856227626
category,pliers,hpid_split_group_ids,wrong_unique_025,0,1,0.0,0,0.7934506856227626
category,pliers,hpid_split_group_ids,query_ambiguous,1,1,1.0,0.20654931437723745,1
category,pliers,hpid_split_group_ids,query_unresolved,0,1,0.0,0,0.7934506856227626
category,remote_control,raw_proposals,unique_and_correct_025,0,1,0.0,0,0.7934506856227626
category,remote_control,raw_proposals,wrong_unique_025,0,1,0.0,0,0.7934506856227626
category,remote_control,raw_proposals,query_ambiguous,1,1,1.0,0.20654931437723745,1
category,remote_control,raw_proposals,query_unresolved,0,1,0.0,0,0.7934506856227626
category,remote_control,dbscan_fusion,unique_and_correct_025,0,1,0.0,0,0.7934506856227626
category,remote_control,dbscan_fusion,wrong_unique_025,0,1,0.0,0,0.7934506856227626
category,remote_control,dbscan_fusion,query_ambiguous,1,1,1.0,0.20654931437723745,1
category,remote_control,dbscan_fusion,query_unresolved,0,1,0.0,0,0.7934506856227626
category,remote_control,hpid_split_group_ids,unique_and_correct_025,0,1,0.0,0,0.7934506856227626
category,remote_control,hpid_split_group_ids,wrong_unique_025,0,1,0.0,0,0.7934506856227626
category,remote_control,hpid_split_group_ids,query_ambiguous,1,1,1.0,0.20654931437723745,1
category,remote_control,hpid_split_group_ids,query_unresolved,0,1,0.0,0,0.7934506856227626
category,scissors,raw_proposals,unique_and_correct_025,0,1,0.0,0,0.7934506856227626
category,scissors,raw_proposals,wrong_unique_025,0,1,0.0,0,0.7934506856227626
category,scissors,raw_proposals,query_ambiguous,1,1,1.0,0.20654931437723745,1
category,scissors,raw_proposals,query_unresolved,0,1,0.0,0,0.7934506856227626
category,scissors,dbscan_fusion,unique_and_correct_025,0,1,0.0,0,0.7934506856227626
category,scissors,dbscan_fusion,wrong_unique_025,0,1,0.0,0,0.7934506856227626
category,scissors,dbscan_fusion,query_ambiguous,1,1,1.0,0.20654931437723745,1
category,scissors,dbscan_fusion,query_unresolved,0,1,0.0,0,0.7934506856227626
category,scissors,hpid_split_group_ids,unique_and_correct_025,0,1,0.0,0,0.7934506856227626
category,scissors,hpid_split_group_ids,wrong_unique_025,0,1,0.0,0,0.7934506856227626
category,scissors,hpid_split_group_ids,query_ambiguous,1,1,1.0,0.20654931437723745,1
category,scissors,hpid_split_group_ids,query_unresolved,0,1,0.0,0,0.7934506856227626
category,shoe,raw_proposals,unique_and_correct_025,1,1,1.0,0.20654931437723745,1
category,shoe,raw_proposals,wrong_unique_025,0,1,0.0,0,0.7934506856227626
category,shoe,raw_proposals,query_ambiguous,0,1,0.0,0,0.7934506856227626
category,shoe,raw_proposals,query_unresolved,0,1,0.0,0,0.7934506856227626
category,shoe,dbscan_fusion,unique_and_correct_025,1,1,1.0,0.20654931437723745,1
category,shoe,dbscan_fusion,wrong_unique_025,0,1,0.0,0,0.7934506856227626
category,shoe,dbscan_fusion,query_ambiguous,0,1,0.0,0,0.7934506856227626
category,shoe,dbscan_fusion,query_unresolved,0,1,0.0,0,0.7934506856227626
category,shoe,hpid_split_group_ids,unique_and_correct_025,0,1,0.0,0,0.7934506856227626
category,shoe,hpid_split_group_ids,wrong_unique_025,1,1,1.0,0.20654931437723745,1
category,shoe,hpid_split_group_ids,query_ambiguous,0,1,0.0,0,0.7934506856227626
category,shoe,hpid_split_group_ids,query_unresolved,0,1,0.0,0,0.7934506856227626
category,stool,raw_proposals,unique_and_correct_025,0,1,0.0,0,0.7934506856227626
category,stool,raw_proposals,wrong_unique_025,0,1,0.0,0,0.7934506856227626
category,stool,raw_proposals,query_ambiguous,0,1,0.0,0,0.7934506856227626
category,stool,raw_proposals,query_unresolved,1,1,1.0,0.20654931437723745,1
category,stool,dbscan_fusion,unique_and_correct_025,0,1,0.0,0,0.7934506856227626
category,stool,dbscan_fusion,wrong_unique_025,0,1,0.0,0,0.7934506856227626
category,stool,dbscan_fusion,query_ambiguous,0,1,0.0,0,0.7934506856227626
category,stool,dbscan_fusion,query_unresolved,1,1,1.0,0.20654931437723745,1
category,stool,hpid_split_group_ids,unique_and_correct_025,0,1,0.0,0,0.7934506856227626
category,stool,hpid_split_group_ids,wrong_unique_025,0,1,0.0,0,0.7934506856227626
category,stool,hpid_split_group_ids,query_ambiguous,0,1,0.0,0,0.7934506856227626
category,stool,hpid_split_group_ids,query_unresolved,1,1,1.0,0.20654931437723745,1
category,table,raw_proposals,unique_and_correct_025,0,1,0.0,0,0.7934506856227626
category,table,raw_proposals,wrong_unique_025,0,1,0.0,0,0.7934506856227626
category,table,raw_proposals,query_ambiguous,0,1,0.0,0,0.7934506856227626
category,table,raw_proposals,query_unresolved,1,1,1.0,0.20654931437723745,1
category,table,dbscan_fusion,unique_and_correct_025,0,1,0.0,0,0.7934506856227626
category,table,dbscan_fusion,wrong_unique_025,0,1,0.0,0,0.7934506856227626
category,table,dbscan_fusion,query_ambiguous,0,1,0.0,0,0.7934506856227626
category,table,dbscan_fusion,query_unresolved,1,1,1.0,0.20654931437723745,1
category,table,hpid_split_group_ids,unique_and_correct_025,0,1,0.0,0,0.7934506856227626
category,table,hpid_split_group_ids,wrong_unique_025,0,1,0.0,0,0.7934506856227626
category,table,hpid_split_group_ids,query_ambiguous,0,1,0.0,0,0.7934506856227626
category,table,hpid_split_group_ids,query_unresolved,1,1,1.0,0.20654931437723745,1
category,telephone,raw_proposals,unique_and_correct_025,0,1,0.0,0,0.7934506856227626
category,telephone,raw_proposals,wrong_unique_025,1,1,1.0,0.20654931437723745,1
category,telephone,raw_proposals,query_ambiguous,0,1,0.0,0,0.7934506856227626
category,telephone,raw_proposals,query_unresolved,0,1,0.0,0,0.7934506856227626
category,telephone,dbscan_fusion,unique_and_correct_025,0,1,0.0,0,0.7934506856227626
category,telephone,dbscan_fusion,wrong_unique_025,1,1,1.0,0.20654931437723745,1
category,telephone,dbscan_fusion,query_ambiguous,0,1,0.0,0,0.7934506856227626
category,telephone,dbscan_fusion,query_unresolved,0,1,0.0,0,0.7934506856227626
category,telephone,hpid_split_group_ids,unique_and_correct_025,0,1,0.0,0,0.7934506856227626
category,telephone,hpid_split_group_ids,wrong_unique_025,1,1,1.0,0.20654931437723745,1
category,telephone,hpid_split_group_ids,query_ambiguous,0,1,0.0,0,0.7934506856227626
category,telephone,hpid_split_group_ids,query_unresolved,0,1,0.0,0,0.7934506856227626
category,television_set,raw_proposals,unique_and_correct_025,0,1,0.0,0,0.7934506856227626
category,television_set,raw_proposals,wrong_unique_025,0,1,0.0,0,0.7934506856227626
category,television_set,raw_proposals,query_ambiguous,0,1,0.0,0,0.7934506856227626
category,television_set,raw_proposals,query_unresolved,1,1,1.0,0.20654931437723745,1
category,television_set,dbscan_fusion,unique_and_correct_025,0,1,0.0,0,0.7934506856227626
category,television_set,dbscan_fusion,wrong_unique_025,0,1,0.0,0,0.7934506856227626
category,television_set,dbscan_fusion,query_ambiguous,0,1,0.0,0,0.7934506856227626
category,television_set,dbscan_fusion,query_unresolved,1,1,1.0,0.20654931437723745,1
category,television_set,hpid_split_group_ids,unique_and_correct_025,0,1,0.0,0,0.7934506856227626
category,television_set,hpid_split_group_ids,wrong_unique_025,0,1,0.0,0,0.7934506856227626
category,television_set,hpid_split_group_ids,query_ambiguous,0,1,0.0,0,0.7934506856227626
category,television_set,hpid_split_group_ids,query_unresolved,1,1,1.0,0.20654931437723745,1
category,watch,raw_proposals,unique_and_correct_025,1,1,1.0,0.20654931437723745,1
category,watch,raw_proposals,wrong_unique_025,0,1,0.0,0,0.7934506856227626
category,watch,raw_proposals,query_ambiguous,0,1,0.0,0,0.7934506856227626
category,watch,raw_proposals,query_unresolved,0,1,0.0,0,0.7934506856227626
category,watch,dbscan_fusion,unique_and_correct_025,1,1,1.0,0.20654931437723745,1
category,watch,dbscan_fusion,wrong_unique_025,0,1,0.0,0,0.7934506856227626
category,watch,dbscan_fusion,query_ambiguous,0,1,0.0,0,0.7934506856227626
category,watch,dbscan_fusion,query_unresolved,0,1,0.0,0,0.7934506856227626
category,watch,hpid_split_group_ids,unique_and_correct_025,1,1,1.0,0.20654931437723745,1
category,watch,hpid_split_group_ids,wrong_unique_025,0,1,0.0,0,0.7934506856227626
category,watch,hpid_split_group_ids,query_ambiguous,0,1,0.0,0,0.7934506856227626
category,watch,hpid_split_group_ids,query_unresolved,0,1,0.0,0,0.7934506856227626
