case_id,candidates_json_sha256
cellular_telephone__01,60a56f90d2cdb3ea352e43f0adaa64421b301ad1daff9a7ef1295ac08cb66c6d
cellular_telephone__02,a7e77965404e6174bd8af2b88c61c704d4953a3c2eb1fa0b42929453c3689aeb
cellular_telephone__03,d707e0737c76aee841246855b05d4075362fba384c20ed124f612d052e120835
cellular_telephone__04,12ce1861a98f939e965d5b2ff7d8260e0d3d87fe4973f4d7093886d11357aa02
laptop_computer__01,cc8c728660af1b9957cb242031b945d627d55e6aaa370484e9f17412694bd420
laptop_computer__02,4fbdaca2f44c7766e16ba32641fc21cda7b137a65e54c4e4b1a41b92c02fb7e5
laptop_computer__03,c9afad9a0d98592436ccf2efd1c2e92501104b143265379f0d8b90ca945ed7c7
laptop_computer__04,a8082b405aab44c1e0d9ce03cb65b716f2369d2a0e72728b8d8a1ae579a1f1da
television_set__01,2753e1d443319921025ce09448a47b22f2e564faf91d18ee781a6558ecd6a330
television_set__02,16c1249a46a5b73f953e00f4bd0a72cb0d70b99a86efa95de1b4b64f6a7738c7
television_set__03,dee600ec02bf88a638aaf8c1f1943e811f2370ecde914c5fc2e58e714d0bf611
television_set__04,75a51b6a6c282e63483279bc736abd46fc711d2cbe88a85243b874e557141ab7
remote_control__01,6b15b85ca5e68c83b48c451dc66f134a15e39a3e4fe1296dd59417f1b3e7cf9b
remote_control__02,406b5c73c925dd37209700d33e8e36b078adf60e0fc8f622589d236a7a8204a7
remote_control__03,3a269d86544bf2db85fefdcb2bc0b940da4889d1bc568992be0bf110b40d0273
remote_control__04,5dc0ee8e536b4cb33d2389c0849e159919b1e64e9047745bd49602ca7676e08f
calculator__01,ed0ad16bbe8f93bd4f23962e17412b3a2a55e994568f65d692ecc1f83857f76f
calculator__02,cb0ff32c2fb33ae4f5a2d79ff1b629c0ce51d66ac8517c931e7cc204a8e482f1
calculator__03,c98cd3d4a827b20d89da9e1dc5ad0df0d7e8f3d17eb51b35fecf68d9ca8d2fe6
telephone__01,3bc9c192e8e79336b1b2559a092cd5eb212693ba3e96f9ad4c998a93f48c9ab6
telephone__02,de7cba63d33874255365f5883be15cdbba0a784a402e34e2b12304610d5fddaa
telephone__03,74da2a0c0a01d42347e349c5d654a4e6c13df23001eaa069ac6bd9f26e038e78
telephone__04,046b9d06281ea020a84ce1b1862cf34d3772d3880a08d759062e0147366b9945
clock__01,a92ea4db47a13c2ebbd3fa0a3db2698c558f62a5f135346082f9600bbb830e22
clock__02,51480f9aa96213c224cbe2a400913e6e83191a304250eb52c9fa6d8fa8e29aeb
clock__03,7de5c09317b5f5d5cb867a36d5efa64d7961cdad027eb89e71ab27db4d1526ba
clock__04,d2a5d269e271c9339388bfab03f22d1fb45cc347177eee356bd631cff21efda7
watch__01,7bbfaf8f2f8ae31f9f7a4b811d60b1ff35fd0602d80e536824fc252e142384dc
watch__02,4b0722104caef6e8a4ae182034cfa91d7a6bf0024e6338cfcca12da11fd57dd4
watch__03,980d1818f88f1e73a80b50b0e3d6b81cf5fa405631383c7c7e767a016ffad43f
watch__04,86ada47f4003886d604c82986576220dcb5ff6e8a0b55e0d043d920e186a90fa
earphone__01,e7af39d042da3a016081c21a86e92bed41bc84810663ebc8b3813079f26e5694
earphone__02,5dc885babe34533cd92dac5f09f7407726f75d37eb9d38808e6fd52f83bcc0e5
earphone__03,e06820cb5798ee8693ded99d287a3e568f1df941cbe5eb6f26eadf0d2b8f8560
earphone__04,1530c1d28a3c9049332936f9bfbb8b2a4d70d825d05d640c651bc67fd1515e75
fan__01,cc54c38b7b30abb05fe5d0a771d2cd939e98f6eab61d2bea395fba9490609ae5
fan__02,749cf805cc60019d522f30dbdbab5980392503da3ad45a6746617f66a884b1a6
fan__03,7eb86d4064cfa9137588e9f6b356ef396c00e47ffc6398c7275f8ffca8164062
fan__04,2edf374e89a9d1c40a505b3cf17409f39503d24b9a009efeb2a0b7d975afc581
lamp__01,3bcfc8adebbf381f0cba39aa220a8df957f6933bd0687bc90b3244d72c2ab775
lamp__02,b7f54544a826e5d01faee9f44dea0fceba6d7e3f0068e53919db2688e1b29d9e
lamp__03,6be6848d93709786bc7c56afc23f8f1ee387dbc3e1d1d610e4fb283ccc5a0ba8
lamp__04,5dfb032fe86a909e57333658da553a4f0bd164409e9bd44c724e2575deb4e207
blender__01,de8b063fd92d59df04b3b341cdf101731295eae932c0ca23927c99491f6980e8
blender__02,8c322c8d42d643a461ce894ed6c918af6175aa59b2ffe4fbe535f08e5060b9b0
blender__03,8bca5a89e123069a91fd059e2e0615b737fec9f6ee584f09518c6c6ce3691191
blender__04,90a075d21ed9a5445b8cbb2e826898f2b305994159cb893e75fc1598626c79c7
microwave_oven__01,a00fa3acdbf7715046e0b8df3eedba24b3bfcc6460caa4521c680466d95348fb
microwave_oven__02,eb0ca0cf2e91ced24835be4c5026dbbcc87e3fb3aeaac53d6aeec839b9a7f409
microwave_oven__03,d65d79e5a1e1f0424025ca420f6cd66dae602741f33f4c89c1429073574000aa
microwave_oven__04,b029197b632204b603eea8b8931e2597714b9583156ad81a88c422415518b11a
kettle__01,22b93c752f97fe7dec91b4904bb8a17b50ba6bcf429fb8d9b28f61a65a05e03d
kettle__02,7c04c0aec8a96520f4e13150c1d98edf2a741bf6de4420c4e2812688deeee8d7
kettle__03,0f746cde7d12971663661af44663a5d6b798bd2e49d1cf79b7e181e9e62cf05c
kettle__04,392c3ea5ae66b94f7f9ca825226dafdd55ef70c02f8209410a2a36d3b14cb4ac
mouse_computer_equipment__01,67883544ea42dfae389455fb13f4c971474ebc5d7c1d226442f4f12fa570a89f
mouse_computer_equipment__02,bfe7e207aaa879079db53ba72df2043ee756a50cc8881e6b40ac1202196ef13a
mouse_computer_equipment__03,8cffeda6b9a39c91b9e606d60bfaf4d2d1d3e3266c4198adfbf980f51661715e
mouse_computer_equipment__04,7b61b79579c3e4f93d0ea6acacbad1b850e7f33aed04a9a05b833a232100c5ee
chair__01,c3e1012ab1078c626080dca5022a56185c4c34635bc216d230cd2ce5fe2b6892
chair__02,ada954b8ca5a9d5c822e54bbc384c492fe582f24270b366e02cedb8a242fdca6
chair__03,1dd9d1c30c682eab6fb7ebe072359021c7f8a9b02f042851b734ca97d69f341d
chair__04,8c3059398ce6a8c167491c2e76619376b1b59d4f216170a221804555b3547671
bench__01,6458ebf644495707d36dbf50891e76dc06ea2b47b21fe476b15e74683cccdc45
bench__02,8486206cf326f166283aa126ea1ce521acbe8ead8d23a01b927a2eed86992f18
bench__03,19a19da5fe0066ada7725a5a6688338d8cd06e1cd7b9421d68c5e787cbc3568c
bench__04,ffbbfe06f19475f32001c6d8f8e173fee026a8514c0aa54b7e9b5a343ae97309
stool__01,bd83e5f0dac7394ec096a2fe4372c460d95c43036e40b37d8b10a0a1a2911aae
stool__02,9e42c8bbc39631417317afd4b7de974ac1dde8974864136c8452072c7becab57
stool__03,dfb55dbe0b64fdaa34287823eb2444b69c47efe986327b72c1217ce2d5553719
stool__04,b36525ba816d7813640829429c22ee0d8a34a32a9cd2547de80fbc26abaaa5af
table__01,64e4321b3ca757080d8e99fcadf8fa5ff970b329c697be350807b2f07dfb8cd6
table__02,f0b2aa55ed33ec128b11fd6d216e35a8e2238398886836dbe58801c410c997f7
table__03,b4a2cbccb5066e49a41a394394a8a499c03daa88eba42908b351666d319a5e2a
table__04,4cccf33ff51356e9797506fd807793e8454084cefba1cd5e94db8290ca6783fe
bottle__01,ed04ba02676e77442181069429519b75a18915a49645cacead837d1e4acaac2f
bottle__02,da2ca5ebe3e7f73b67553a3c8df76a32454f820603c0dfa140124890669293c5
bottle__03,15ebed074e8d0822feb1f1b4307f388ffd729b9088da3693d6680187fd7d22f5
bottle__04,eb3d0474979164da0e24973f21ad045674dc2482f7cb9783a1815ab01da407b7
jar__01,a6f3634bbee85953b643ea1854439f3048ab19909860b05ca39dab8d648b504e
jar__02,1f990d752d38010b173e8662f78ef2640faca5eb9c867dbbcee603a93a4f76dc
jar__03,0cdbc9f60ebf38c2fd55650de8ed2a74f54ce5ff46c1c97b39f76c4ef7cba93a
jar__04,7f8a7d537bfad4c6dad83ba2d257a3bd1cf9889c624ae93b7c19891fb5a8e7e1
can__01,9d5f084c002c47cb577e354b4c2f7c916aa50a35e57746b1cd65cd16ac3a98eb
can__02,f1e81c7adc6b5e62b27af664edd8f6de00cdbb8c1ced0653f936a85cd5de230e
can__03,ab5d806b67eab869713ee936650d2239739bf14ecfb5efa52b516ba074c3f98c
can__04,1d1b31e5d3ba1b37da1bafdc994b0fe6f8778445f583d9a33794f97e49509494
cup__01,ed26702bff9b9ef46a700f18251081bfc51e7c9fd63b3e672c2f52014f568c43
cup__02,ab8efda4331a4c9d327de483a21214153222551b1373f98d895bf58988c18901
cup__03,6916668842e969e028237b010ecba9411adfba884af39fadd57b2714c9ebdf37
cup__04,9053da485f028788694862e1da1872502b5b2eb87ad0993ea6cb45d2037ee6f5
mug__01,5e26caf34bea542a24d949f9d9a1eb30004e3673a6f514aec5362bc40f719fd6
mug__02,c29e7b8860617418d43fbc6523e43498743fdffa360888944725d692b934061d
mug__03,3380c11d855ad06a00b42cc4833c1fea14950792da44797d1e014ccfa20817ae
mug__04,b92f4e5a9eb36b2f4535bda502888023dffe519b2e187a9d31ac9cd3d8a5924f
glass_drink_container__01,d51b1fcfb95d9fc6a79efbfd51ca601701458c9fea741c5b697669ec8c941a4a
glass_drink_container__02,d6151e3aa39f743cef7949fc593996f11849d00400773edf5ea56a8af45f1415
glass_drink_container__03,afecdcd2cb7d7da925955f10dd3ca82a500ac069b297bec63fe2db9160957230
glass_drink_container__04,742104eb8b8b42544a8abc00151aa4df513dade8d402a1d4783bb3cabf10622e
bowl__01,a802942657023bb67fd382c37c3c2a9826ca8c7f0c1b24c843c974781133898d
bowl__02,4803559c799cc80efc1d5721e92d1b801787837d1ad0b1b8b301f56241cd523a
bowl__03,9fb27e8b58ff698ef30d3da30b804b2f626e182ef3e8ca6260d5e8cc9404b8ec
bowl__04,254935d242689524cfe1efb0a9f7109118b1467eea6540d9dd3c45ecd0b9a1e9
handbag__01,c05c2e79dd2d1cf9505af6bd469a599b66f25a2f5966735814a70d7ef611a416
handbag__02,c698bc490bd2d3cd36a9e90ce8916c054746a182f1b7eaa51c1b9c659bdb1bac
handbag__03,366a8f05fdfcea21e06a4c11cd6fd862aa5a9c397e20bb8f006d8a780024d0fb
handbag__04,972e69db5e8babba42ebb7f0475d42a39c585eb6bc91aa917752611e4681506c
plastic_bag__01,4d75b50d4d263c3cdac3d995df860bc508c1b745d402a66b5c1053a2eec5a660
plastic_bag__02,1c93f3116856bed0a5330b9327e594c99a39fcc8ca36282c14400bb31628b09e
plastic_bag__03,5f08fd3124b89a35548aa910c8cd4c08ce66755064fa63a534c062f6311c2f41
plastic_bag__04,bbd2c4d6216eae5b89277e2944e4f24d74b55f93b2287475e428a5ba69cb56a0
box__01,08f70103a68e97112ab63a4cfa49d6ac4051dcb43c1984771c26b36f0f7f056d
box__02,bc8a7e9275daf1e430607519b901be7798ae8d6b5f4355549b290e871810e833
box__03,352b2aeb754dc4e585024143a2fea8d85509ccfe3f0eabe312bd0d4e6b0b2ae7
box__04,a4b84c8616c4b242ec1d669d1ca52016ec5a29734b6314ceed92eb78b5b4c7fd
carton__01,cfdce6e909c19e8faa0e9c58c05f8c2997280fa2dbb79bd66dfd4caab93c8dcc
carton__02,f0f667508337c057c222147bed05be41ea475e4e375ca25cfb268b05c0a6f07b
carton__03,24f1ab101dadc71244addf5c3946c5a170a67a8d8baa4087994b1f1fa5c545b1
carton__04,5f17e1be8e802d749f3c8b4dc2432997ab1771317bbcb093cdb55db656b8a4a9
crate__01,20ae87987ab3d6c398acc0da33a4794a0453dc8fe4482fbd895e4df75de0d916
crate__02,42fa936b3c9e94792c4fd6f2166db1ae479c131c6b14c8e6989bf915c98322e7
crate__03,e73fb77f41401dd91d90238a01246ef5f2bf4137c3eecdfb537459d2e8dad0c9
crate__04,6d01bce54259304fe86ea3387e5e555fc8a187453791ce2989812e0479bfb9fb
basket__01,b6ce3a65258dc0151341bd82fca12f10f4abc012ac99a0ae8b978d948646d65f
basket__02,2e6f5dfaea1d920f46a2e6c4aa7b17a07724927bdbecf6168c44e5ee5248f2ad
basket__03,2fcfac6d99f33c4f68373912526a2d0ca368a60c26d5d2ab6a92ccca857f54cd
basket__04,317bce656d59ea70e032846ba1e8bb69e8ff429804a7b20bc948e69443f69eef
bucket__01,51eab292831e7b463f5f52262a5c1cc36bb09a9a070deeb87be8b71ae8fbf5c1
bucket__02,7186f1b3d5c91337a0b4a36e6e560b03d75a188e8c0f0c4c99691a93a305e624
bucket__03,df510d2d7a6b13d01c926e589d641c7156b2a3bf1aa649433f8d405fa6bee1e9
bucket__04,839e7bf7f622b3d442b8885899aace773d4eabe0d3edc6f9e53eedec45dcf852
trash_can__01,43f15d1034d36da450682e0a689bfcd32f24a9f583da6d0469e205d6b76fdb3d
trash_can__02,ebf7a86c261dd9e6cd658b00bd12f9933a4cd2d733c7a6301fcffb85505b96d1
trash_can__03,8be2ae4b7334733ac4b20d9dc91d473db9a5c6f459640d85778208d6df8385a3
trash_can__04,0b7eb473891801853ec0dec52fbbb6aac5d4005acdb5be6f76ac9b2a19922c8d
plate__01,42c37d5cf0619cde383742373769caa92512cea0b9443b7f65af1d738a75de85
plate__02,d3ab9e49eace8e6c7b85a0c0abe37a4c5e13b56ef5b4f8cf8c1624e7ae4b472b
plate__03,69774eadd22c8ca6d4f47b9468dd17f755028810c79004cd4323b886addaa356
plate__04,124fac2c211afc3273fd4f25bf85580f9355084bb7dd80c9f167ffa3ea1568c4
tray__01,786410d28a4353a9923a7ac846a6e08219d0a7be01755880b1587149a9e36f0d
tray__02,ec096a858fea18943d9f65af2df11c0051f9242488ff83776f8043d5a3621e87
tray__03,a5b5e053426794d12e3ea79515d9f5fe86440086f46a6a877fd38645d2c4a206
tray__04,8a2e97510f6213c7385d7cb680c97e593ab001292a7713767ff8abb876f3f56a
vase__01,0c74fa816c998e17ffba9cfc8f4ddacb4ca6dbea69d2ccc6a6dfb07946643e49
vase__02,ea8db92e622c642e9713a92a7a4dd6132dd4ad91bb951d34e455688cddc993fa
vase__03,42eddc689ff9668a74964c866a84a1b567169d04ec6e01270f5008aab485f93f
vase__04,bd1ab4b8a078dfc532fcb640429baf464538466c3adbfd62aaadec1c965458ac
car_automobile__01,7773f997fe2f631669777cc3aa8e056ad638653c8f235857fc472bf4c4326a37
car_automobile__02,1329ba8e09e0970187ba40795e62e87e9ebe7cb771a0be3b4f35c8bb99354e52
car_automobile__03,403d27d07224cae60d598eec45fe801e826f788e7b071046cc27ebbc2792a11f
car_automobile__04,d718f60460b197521899e386ec09f98b45a6df679f6553761278983fc2e2ea0f
bicycle__01,faff7c4bfb9d749f4faa3ede821b68dac13b7a58c3a9cf75f5b41553f195c987
bicycle__02,81221abd812164247c53ba7098e29fb14131feea83147ab8fde303cae1614858
bicycle__03,c5811f8b0bec6d1a15cc27a5b5575318127a8ae1adb1ca9b417f9c1fd3e10bfb
bicycle__04,49ccae5f589f3089430a18651aab26a06065dcedc36fdfe6d701120660e3c204
book__01,7f96ccf16578b2d87a56bc2bee9f3346f9815a10817e613672b736ec57426c88
book__02,2c417fd50c7f2c55c78e2e018675b6ac52f4e9abec79a95f20599798e76c51df
book__03,3a7a43ceff8d3ce02d85d71b13e6dc6483efdff7033cda4d40db6abf1b2d8dc3
book__04,a7dbed4692dd68fffe7d148928e01b3a5308d66934f04ad7cff5d80491c287c2
pen__01,e3b25a49ec1983576e34864e76152371e174cc49dd8d2d1d68aea3d27dfe3b56
pen__02,f5e64dcb0ac0f198b570ded665d7e567ef87345ca3cf4d48bb27c90077cac118
pen__03,0c50aa86fc02c30e7060432c2b3d33636aac5c5236059d4cd27b461a7cc84049
wallet__01,a4fda846597306695a780652040960e484ef8eb2ff6efea7a722671cda6abe2d
wallet__02,46fde70e0394381d4995ec2bf2ed1b76ba632198933565a6df6acad9d406c523
belt__01,acd470c9c0f06ef4988166b89d96cb0e61564482271717b17ee0cdefb8ae3d4c
belt__02,b76b4a0e8902e94598674109279d00c94eebfbca23ae8d3ee57de4d31251e62a
belt__03,a0e63cb66148a76a41b7dcbd10ef828529d2f57b651d464d2bd4cd669a8734b7
belt__04,1131a246452219d11f30fa608b33b657f8c926fcacb02e4cf8762f5077154fc6
hat__01,5cca9f2ac86300d7f52fc39f70b5beac641e76eee11154d66b885116343c422b
hat__02,948fae876eac6b907db4773b5968f7659b09a3c25931ecc891c2468226dfb367
hat__03,92886591aff48f9354134f7cc85aad18785dccf714cb98408d51d27ff6521e7a
hat__04,99630ad1dba1c6c090bee9e5d1724078a71f8e671d2b4f6dee4c01b6fc369f19
helmet__01,58800087b8ecbb130b7c466cd66dddcbf4fa3cba4562255eee2e5b38d2a4f53f
helmet__02,ca18ac47d3919e5a9854387e34f5b5e7e5a27aa4e36178f9136c9ad1c90b5501
helmet__03,a5adc92704e307e15ac1d827b4d31b3f3b6511b2fdb282e9c3039f48fb23d7ed
helmet__04,34ab5a5f0066a6a3fc0dd1dbf8c5ca0fbac5a63e0477053ca9f75324114aa207
shoe__01,3e28d7a68bf12dd5e3ab88d5a837ae29fb812b8d16463299ddb5ccbb8e5b573b
shoe__02,0aca513cb4aad6171396fc3a61ce3b70f246f5b671aa7e2068353b96b85e8ece
shoe__03,f726579526b68876919c905ffabcda9025938b7ea760143758bd3da18e242491
shoe__04,916b825a44b5a759fcb54c50b3270f53a91a36f6bd340daa4a3330fc71a4ae92
slipper_footwear__01,6a335a9b5f813cea2cb71b86f432e8f7a788112d25ead455e3ba2ad3bcbd513c
scarf__01,e533fe2c9364dda6b1d6a24ea7e4fcdfeabb5ee229810a39a29b1cdc34387944
scarf__02,9e00d8c1234492200576e15f8cd2fbed7afc9e4630cb9f4cb6b69d42736b81c2
scarf__03,12bda8e8aef87b2be03da7f50ebd4149a130e9b417f469d987b1780fa83590c0
scarf__04,650b7b792b93591e87d16a0c31ec45d8a83d9f2261f2744837fb437110979a3a
sweater__01,3422ac8a5e2cb6898507bbee81e583e89b4c33a47557d056212c4446c15798b5
sweater__02,f6151461dd780663fb106049fc69f9219e9fdbde385ffe3b18c1a8bf17613e86
sweater__03,9cb296ca4a25a9bc11fa012a058b5e1623317d0c70285e6f3b03abbed7a43fd1
sweater__04,9fd5bdf78183c919b9d90e866a4d5ec99be3d5064eb111c84ef8028e749602c7
towel__01,080f358fd9df566bf5cde406909597a364b992cb50bfb02ed5c581d8d78e6dc3
towel__02,df4e6cae331b0ffc631260351043227c5a5265942d0eb6da0bcbb173b0db1323
towel__03,697aff1ea0ed73c5ad7e8ec1a8c29a480b50c429cacd81c3d48d57cd12893a44
towel__04,eebaae235aa817ca157b86ab53db0358ba1c5e48df3f0595cae1d307856b76bb
soap__01,771a58f9f1475c778fed312bc3a5e2758a674a4519c4d687adf0a68cb7457912
soap__02,c0268eb7047db39f6b4db4845d0e5bb721c4baedb23a86e1335425aeccaa2094
screwdriver__01,df3e16f05e5e84bb5f04bf6fb495ba4b7b479dc1f24593e2a9e316cc4cba7ac0
broom__01,f0ddb9ddf38321e130ecde35936d41ac6760228079653f3825157582ff509c73
broom__02,fba4326cab914c46bc7c78a481906c15eee43f31be41efabd525f3c488a68767
broom__03,0f7e7636d407436a27d5bba96cb30432d0c98d557947c26c230d051f4ac5b9ab
hammer__01,224b38d8716b79f72e55891a841b934767059067d0f1b6bd32fc9df69f8c001f
hammer__02,17efdc4d1cf8a2e29d07c0b598bd93efe5b6f133fa90ac70f91b007fae4226f4
hammer__03,38fabf03865002349a460e74aa0ff4ec077b858ef94348430ec243dde7b18e2e
knife__01,c0eb2262166a04567fc737fd4b00d856c047f68956cc771d04f8de644e938ed3
knife__02,9d413ad536364f9ba83df8141d468f06a9d925a620319755a5b0098a7348dad5
knife__03,ad4900f926985150260e0a79dbd0f9e044d9ebf5e3ba85a942a18f8f3ca08cef
knife__04,ac15bd6af7b5a84e528878506afb4777d075d241352a2da58e82269632c02202
scissors__01,51e8e0b56cf39f782b6998f4ff4b49027d7a1a116b8f61db5ef80d7b8ab47721
scissors__02,f083a35c611d5efae93216d874acdc6e949e0f55595c3493d2eb05486380fdca
scissors__03,4cd6ec196d2547724ef6718cd4edc9e2d5cf51e75b9748fe8c751e7662f17d4b
scissors__04,c9ce084643320303ea752505d80ec98e2fe6d2b71681aa0a42f3b0a111e911c4
ladder__01,0be37cc2a0b85c59b8499c9925ef39c121b4fc6f4ef7c9d91721de52b70bfe22
ladder__02,ef59e1454effe8cca5773ee8b6dfa5f0c0eec44c7659575bbfdb36ea3ee29e98
ladder__03,45aa898fddf83a2f0665ed03503a92f83ab105f2c97858a03d27e8d6137bf048
ladder__04,72034cfb5d1086d5cf52c408bb0e6cb7df3e6363e1b779f391a4be4924cfafe8
guitar__01,d2cb8fdbb43e405264cb41f18f78b2414ec353b1c0fd2bb0d9c07bd7b04a3f5b
guitar__02,cd821e4502fdee394e1cef954195484b2d1f43362b4d4fc6cd16bacfc19b4cff
guitar__03,22dc66869e4e4e8f8537a8a9139f7accfd7b5094d995cc7402e8b8f4404bd992
guitar__04,7fa0d11ecfe5f1b3eb3c9c7e949591a411544390a43043c7fa24bf7cbff6f98e
pan_for_cooking__01,6f7c7bff7acec21872f7426cbd02c1293d3367edb49201af13d0e2039579245f
pan_for_cooking__02,726bc3e1bb9ba3b7ff75f11f86873c255192c8c7539bf4db9b3041f20798eeb1
pan_for_cooking__03,d46a2bd3164424fd55fec63370c46cdf1d00366ee57a849630238dd41a8a0d11
pan_for_cooking__04,6d1e3dc67c8160a21e7abd206a46b4b506ed016910b4e23df10dc86671860fa8
spoon__01,dc8aa072d48a094c17a9efd29223eece0e180cdd0051ef1315ac9c9772d87ad8
spoon__02,9b1b331e39c48c1ad2085d7e8549f8890e46b363b112e601b55e44160e2b6bc3
spoon__03,94d234989598c90ba69defd456aa8f820315d9dcf7b6c6f4c560ecd374339233
spoon__04,849e8b81f83f7756d5bd3888a49b260f7f51aadfbc6b8fa3853b93ba50c00601
