before,after,case_count,delta_diagnostic_f1_at_025_mean,delta_diagnostic_f1_at_025_low,delta_diagnostic_f1_at_025_high,delta_diagnostic_semantic_f1_at_025_mean,delta_diagnostic_semantic_f1_at_025_low,delta_diagnostic_semantic_f1_at_025_high,delta_best_iou_mean,delta_best_iou_low,delta_best_iou_high,delta_best_semantic_iou_mean,delta_best_semantic_iou_low,delta_best_semantic_iou_high,delta_semantic_union_recall_mean,delta_semantic_union_recall_low,delta_semantic_union_recall_high,delta_any_union_recall_mean,delta_any_union_recall_low,delta_any_union_recall_high,best_iou_references_decreased,best_iou_references_increased,best_semantic_iou_references_decreased,best_semantic_iou_references_increased,semantic_union_recall_references_decreased,semantic_union_recall_references_increased,any_union_recall_references_decreased,any_union_recall_references_increased
input_pool,after_same_source_dedup,226,0.0,0.0,0.0,0.0,0.0,0.0,0.0,0.0,0.0,0.0,0.0,0.0,0.0,0.0,0.0,0.0,0.0,0.0,0,0,0,0,0,0,0,0
after_same_source_dedup,after_instance_cap,226,0.0,0.0,0.0,0.0,0.0,0.0,0.0,0.0,0.0,0.0,0.0,0.0,0.0,0.0,0.0,0.0,0.0,0.0,0,0,0,0,0,0,0,0
after_instance_cap,after_hierarchy_duplicate_filter,226,0.0,0.0,0.0,0.0,0.0,0.0,0.0,0.0,0.0,0.0,0.0,0.0,0.0,0.0,0.0,0.0,0.0,0.0,0,0,0,0,0,0,0,0
after_hierarchy_duplicate_filter,diagnostic_consensus_argmax,226,-0.1176129670601476,-0.1561076307080533,-0.07991374383651088,-0.04271583639947119,-0.07235214543293521,-0.013861585805348117,-0.17820400735447464,-0.20765889458086542,-0.14976792830157445,-0.09507856498947435,-0.1183636879670897,-0.07328609867401872,-0.15556822127212716,-0.19006746641191133,-0.12198151697896449,-0.23840389755556163,-0.30563398977257794,-0.1731671995495035,687,89,318,28,333,0,449,0
diagnostic_consensus_argmax,diagnostic_parent_support_argmax,226,-0.005756362614769694,-0.012262544316115743,-0.00044306757095732255,-0.0013941564826520573,-0.004566093009173365,0.000968930036129284,-0.0048606410808154955,-0.009391429253913732,-0.0013540947330382706,-0.0018396460753675305,-0.00482394568200505,0.00025705693976066287,-0.001575208095187141,-0.004574556108810764,0.0007071800085829095,-0.0023642639561508643,-0.004806580792889056,-0.0004802841188345452,46,6,11,3,6,4,17,0
diagnostic_parent_support_argmax,diagnostic_parent_residual_argmax,226,0.027983575392825435,0.01073734897067288,0.046087797893794566,-0.017970659938724577,-0.026895019534205204,-0.010120146914746254,0.022412706335954352,0.012324488542664321,0.034081553821656355,-0.0030314173123644423,-0.0061233390344545505,4.432419075518516e-05,-0.005296427384847308,-0.009417406344731132,-0.0012830731231994075,0.0232809050822741,0.007895217463115296,0.04145210414893235,85,331,47,71,43,54,23,125
diagnostic_parent_residual_argmax,diagnostic_specificity_argmax,226,0.08139995529130782,0.05448829343491925,0.11030525579674207,0.034256601695608666,0.014802681250299614,0.05626049916528354,0.05560833462406864,0.04026840782352936,0.07216712289184445,0.024796049377057382,0.01356181810711783,0.037838444985806526,0.03476828855007797,0.018126401368443564,0.05360790364472859,0.10080070679525274,0.06746356555578899,0.13794137360923295,101,423,46,142,47,131,1,283
diagnostic_specificity_argmax,actual_semantic_argmax,226,0.006074377319042975,-0.005013516622034556,0.017298590082749917,0.0027731300145353065,-0.0040486866944000124,0.010158920113851892,0.007134683309068232,0.003371175560372935,0.010660235298143791,0.004155944239449181,0.0015446157144980743,0.007028346356418723,0.006370722830172033,0.00252542668295869,0.010858221630075002,0.014018423134572425,0.008784484700426705,0.020134149208699003,159,399,68,157,61,120,0,207
actual_semantic_argmax,after_direct_detail_gate,226,0.012680485459042823,-0.0009038553506697647,0.02701774465750731,0.013025585188521156,0.002753909753975406,0.0236198672575668,0.016952376198716902,0.010960889700394393,0.023222625400768238,0.010883021356407488,0.0062394684927385416,0.0159699706178559,0.017191194369927283,0.010840665966676632,0.024108586288284387,0.03237858718670679,0.021863045936068456,0.044120103503437307,195,389,85,162,63,137,0,254
after_direct_detail_gate,after_cleanup,226,0.012063110491180421,0.007939471545920103,0.01686300411866125,0.0060365797472907625,0.0036572626492962852,0.008712734374761565,-0.00012623612102130672,-0.000908487711158601,0.00048692897708037654,-0.00021938626145536811,-0.0007215599327283612,0.00019511277358128431,-0.00032042901053513326,-0.0008328017474129308,0.00012061248101588849,-0.001019988506894797,-0.0022462515915201643,-0.00028580293297481105,206,250,96,90,65,60,147,62
after_cleanup,after_root_restoration,226,-0.0020962321847277604,-0.005283417894769059,-0.00016087516087516082,-0.0006744320903612941,-0.0017074919454594505,-4.8840048840048915e-05,6.757903163496458e-05,-2.0129309420152945e-05,0.00021000513750131153,6.12335991564718e-05,4.421980080601534e-06,0.00013330688382465487,9.054956911589862e-05,2.9750794564148758e-05,0.00016783581427025517,0.0004339699596755965,0.0002578404101069834,0.000638442226268889,107,23,33,24,0,31,0,101
after_root_restoration,identity_supported_before_remainder,226,-0.02149023387728558,-0.03512576250916341,-0.010408962157710122,-0.0182326645822221,-0.029695525904407483,-0.007930791288170145,0.008794102796166959,0.0027775341018256385,0.01557030027323818,0.0004731696378303466,-0.004708309768995263,0.005338410991653393,-5.1841733387999114e-05,-8.811372268772978e-05,-2.3627597874183557e-05,-0.0003156066412324082,-0.0004627987900313667,-0.00019782578747784714,67,180,39,65,29,0,111,0
identity_supported_before_remainder,identity_plus_eligible_remainder,226,-0.00017766157146688138,-0.0004618553960659228,0.0,-7.374631268436577e-05,-0.00022727272727272722,0.0,0.0,0.0,0.0,0.0,0.0,0.0,0.0,0.0,0.0,1.084884459805018e-05,0.0,3.3434166533991e-05,0,0,0,0,0,0,0,1
identity_plus_eligible_remainder,after_remainder_attachment_before_filter,226,0.0,0.0,0.0,0.0,0.0,0.0,0.0,0.0,0.0,0.0,0.0,0.0,0.0,0.0,0.0,0.0,0.0,0.0,0,0,0,0,0,0,0,0
after_remainder_attachment_before_filter,final_hpid,226,0.002608045136490143,0.0012828116205328595,0.004178526097865506,0.0015500363287973909,0.0005368216005733471,0.002857860923111529,-8.661620452104574e-05,-0.00022909990740116787,0.0,-4.7667699000195815e-05,-0.00010700355117165097,-4.364822409286016e-06,-5.060876601462265e-05,-0.00011306321891520583,-5.1312726604558865e-06,-0.0005420418313633615,-0.001307529981901207,-8.359456734043749e-05,4,0,5,0,7,0,24,0
final_hpid,final_dbscan,226,0.041709943154089775,0.024377107506426826,0.06006806698707419,0.01394862717795627,0.0004163081733458061,0.027922752192516862,0.03398271554873248,0.023586795159781217,0.04415287217499521,0.014614964982820382,0.00593858950537096,0.02355307073221822,0.01569628654527217,0.005035567917197231,0.026376163165567176,0.04973288257116439,0.03019402909106401,0.06996467221153,252,466,140,168,130,158,82,317
