cohort,method,threshold,metric,n,k,proportion,ci95_low,ci95_high
old37,raw_proposals,025,unique_and_correct,37,9,0.24324324324324326,0.13361352989116398,0.40117292121442644
old37,raw_proposals,025,wrong_unique,37,5,0.13513513513513514,0.059132944257320186,0.27977411784009787
old37,raw_proposals,025,semantic_correct_any_match,37,18,0.4864864864864865,0.3344640430301665,0.641051033343812
old37,raw_proposals,025,geometry_correct_any_exposed,37,22,0.5945945945945946,0.43485964730229365,0.7365348180798572
old37,raw_proposals,025,geometry_correct_any_exported,37,24,0.6486486486486487,0.4875902312255084,0.7817439286607287
old37,raw_proposals,050,unique_and_correct,37,2,0.05405405405405406,0.014950976833157686,0.177046543508131
old37,raw_proposals,050,wrong_unique,37,12,0.32432432432432434,0.19633266528144183,0.48536332758027795
old37,raw_proposals,050,semantic_correct_any_match,37,9,0.24324324324324326,0.13361352989116398,0.40117292121442644
old37,raw_proposals,050,geometry_correct_any_exposed,37,11,0.2972972972972973,0.17489478649832013,0.45783135911135653
old37,raw_proposals,050,geometry_correct_any_exported,37,15,0.40540540540540543,0.26346518192014284,0.5651403526977063
old37,greedy_nms,025,unique_and_correct,37,9,0.24324324324324326,0.13361352989116398,0.40117292121442644
old37,greedy_nms,025,wrong_unique,37,4,0.10810810810810811,0.04285189940411474,0.2470853154412602
old37,greedy_nms,025,semantic_correct_any_match,37,11,0.2972972972972973,0.17489478649832013,0.45783135911135653
old37,greedy_nms,025,geometry_correct_any_exposed,37,21,0.5675675675675675,0.4091418109016808,0.7132828072284269
old37,greedy_nms,025,geometry_correct_any_exported,37,23,0.6216216216216216,0.46100430439217654,0.7593600082420173
old37,greedy_nms,050,unique_and_correct,37,5,0.13513513513513514,0.059132944257320186,0.27977411784009787
old37,greedy_nms,050,wrong_unique,37,8,0.21621621621621623,0.1138651199338559,0.37195148391969146
old37,greedy_nms,050,semantic_correct_any_match,37,6,0.16216216216216217,0.07651207234011151,0.3113648370093497
old37,greedy_nms,050,geometry_correct_any_exposed,37,10,0.2702702702702703,0.15397461511049093,0.4297816832471426
old37,greedy_nms,050,geometry_correct_any_exported,37,11,0.2972972972972973,0.17489478649832013,0.45783135911135653
old37,dbscan_fusion,025,unique_and_correct,37,14,0.3783783783783784,0.24063999175798262,0.5389956956078235
old37,dbscan_fusion,025,wrong_unique,37,5,0.13513513513513514,0.059132944257320186,0.27977411784009787
old37,dbscan_fusion,025,semantic_correct_any_match,37,15,0.40540540540540543,0.26346518192014284,0.5651403526977063
old37,dbscan_fusion,025,geometry_correct_any_exposed,37,21,0.5675675675675675,0.4091418109016808,0.7132828072284269
old37,dbscan_fusion,025,geometry_correct_any_exported,37,26,0.7027027027027027,0.5421686408886435,0.8251052135016799
old37,dbscan_fusion,050,unique_and_correct,37,6,0.16216216216216217,0.07651207234011151,0.3113648370093497
old37,dbscan_fusion,050,wrong_unique,37,13,0.35135135135135137,0.21825607133927127,0.5124097687744916
old37,dbscan_fusion,050,semantic_correct_any_match,37,6,0.16216216216216217,0.07651207234011151,0.3113648370093497
old37,dbscan_fusion,050,geometry_correct_any_exposed,37,9,0.24324324324324326,0.13361352989116398,0.40117292121442644
old37,dbscan_fusion,050,geometry_correct_any_exported,37,12,0.32432432432432434,0.19633266528144183,0.48536332758027795
old37,local_pairwise_crf,025,unique_and_correct,37,6,0.16216216216216217,0.07651207234011151,0.3113648370093497
old37,local_pairwise_crf,025,wrong_unique,37,3,0.08108108108108109,0.02796057410044797,0.21300679349288384
old37,local_pairwise_crf,025,semantic_correct_any_match,37,13,0.35135135135135137,0.21825607133927127,0.5124097687744916
old37,local_pairwise_crf,025,geometry_correct_any_exposed,37,20,0.5405405405405406,0.3838404689217949,0.6896143019562697
old37,local_pairwise_crf,025,geometry_correct_any_exported,37,24,0.6486486486486487,0.4875902312255084,0.7817439286607287
old37,local_pairwise_crf,050,unique_and_correct,37,3,0.08108108108108109,0.02796057410044797,0.21300679349288384
old37,local_pairwise_crf,050,wrong_unique,37,6,0.16216216216216217,0.07651207234011151,0.3113648370093497
old37,local_pairwise_crf,050,semantic_correct_any_match,37,6,0.16216216216216217,0.07651207234011151,0.3113648370093497
old37,local_pairwise_crf,050,geometry_correct_any_exposed,37,9,0.24324324324324326,0.13361352989116398,0.40117292121442644
old37,local_pairwise_crf,050,geometry_correct_any_exported,37,10,0.2702702702702703,0.15397461511049093,0.4297816832471426
old37,hpid_split_group_ids,025,unique_and_correct,37,14,0.3783783783783784,0.24063999175798262,0.5389956956078235
old37,hpid_split_group_ids,025,wrong_unique,37,6,0.16216216216216217,0.07651207234011151,0.3113648370093497
old37,hpid_split_group_ids,025,semantic_correct_any_match,37,15,0.40540540540540543,0.26346518192014284,0.5651403526977063
old37,hpid_split_group_ids,025,geometry_correct_any_exposed,37,19,0.5135135135135135,0.35894896665618803,0.6655359569698336
old37,hpid_split_group_ids,025,geometry_correct_any_exported,37,25,0.6756756756756757,0.514636672419722,0.8036673347185581
old37,hpid_split_group_ids,050,unique_and_correct,37,7,0.1891891891891892,0.09479978730312018,0.34204696929838413
old37,hpid_split_group_ids,050,wrong_unique,37,13,0.35135135135135137,0.21825607133927127,0.5124097687744916
old37,hpid_split_group_ids,050,semantic_correct_any_match,37,7,0.1891891891891892,0.09479978730312018,0.34204696929838413
old37,hpid_split_group_ids,050,geometry_correct_any_exposed,37,9,0.24324324324324326,0.13361352989116398,0.40117292121442644
old37,hpid_split_group_ids,050,geometry_correct_any_exported,37,13,0.35135135135135137,0.21825607133927127,0.5124097687744916
new216,raw_proposals,025,unique_and_correct,216,29,0.13425925925925927,0.09513217379013625,0.18616808300598028
new216,raw_proposals,025,wrong_unique,216,34,0.1574074074074074,0.1148820579657112,0.21190552434963844
new216,raw_proposals,025,semantic_correct_any_match,216,53,0.24537037037037038,0.192764427638793,0.3068749916496426
new216,raw_proposals,025,geometry_correct_any_exposed,216,102,0.4722222222222222,0.40671370386425354,0.5387015055126668
new216,raw_proposals,025,geometry_correct_any_exported,216,123,0.5694444444444444,0.502766136008876,0.6336958405488233
new216,raw_proposals,050,unique_and_correct,216,17,0.0787037037037037,0.04971693088521587,0.12241374466474109
new216,raw_proposals,050,wrong_unique,216,46,0.21296296296296297,0.16362851035577528,0.2723286532057339
new216,raw_proposals,050,semantic_correct_any_match,216,32,0.14814814814814814,0.10693606311037727,0.20165658899727906
new216,raw_proposals,050,geometry_correct_any_exposed,216,53,0.24537037037037038,0.192764427638793,0.3068749916496426
new216,raw_proposals,050,geometry_correct_any_exported,216,66,0.3055555555555556,0.24796694797587115,0.3699395176625706
new216,greedy_nms,025,unique_and_correct,216,25,0.11574074074074074,0.07963658437506893,0.16527381200566105
new216,greedy_nms,025,wrong_unique,216,34,0.1574074074074074,0.1148820579657112,0.21190552434963844
new216,greedy_nms,025,semantic_correct_any_match,216,37,0.1712962962962963,0.12690557751191778,0.22717440011497175
new216,greedy_nms,025,geometry_correct_any_exposed,216,102,0.4722222222222222,0.40671370386425354,0.5387015055126668
new216,greedy_nms,025,geometry_correct_any_exported,216,118,0.5462962962962963,0.4796720971972918,0.6113025538411743
new216,greedy_nms,050,unique_and_correct,216,16,0.07407407407407407,0.046106627883577625,0.1169265825625327
new216,greedy_nms,050,wrong_unique,216,43,0.19907407407407407,0.15128777836853924,0.25737698988143004
new216,greedy_nms,050,semantic_correct_any_match,216,21,0.09722222222222222,0.0644707234643552,0.14404981250098828
new216,greedy_nms,050,geometry_correct_any_exposed,216,44,0.2037037037037037,0.15539093521451836,0.26237129813929755
new216,greedy_nms,050,geometry_correct_any_exported,216,50,0.23148148148148148,0.18022210212377074,0.2921249218531249
new216,dbscan_fusion,025,unique_and_correct,216,25,0.11574074074074074,0.07963658437506893,0.16527381200566105
new216,dbscan_fusion,025,wrong_unique,216,40,0.18518518518518517,0.1390440862917416,0.24232828664668776
new216,dbscan_fusion,025,semantic_correct_any_match,216,38,0.17592592592592593,0.13093949373431785,0.2322379489964183
new216,dbscan_fusion,025,geometry_correct_any_exposed,216,100,0.46296296296296297,0.3976943483869414,0.5295259307822857
new216,dbscan_fusion,025,geometry_correct_any_exported,216,124,0.5740740740740741,0.5074020524077004,0.6381573892538456
new216,dbscan_fusion,050,unique_and_correct,216,17,0.0787037037037037,0.04971693088521587,0.12241374466474109
new216,dbscan_fusion,050,wrong_unique,216,48,0.2222222222222222,0.17190615308775226,0.28224594068145015
new216,dbscan_fusion,050,semantic_correct_any_match,216,22,0.10185185185185185,0.06822737600440477,0.1493906250647853
new216,dbscan_fusion,050,geometry_correct_any_exposed,216,47,0.2175925925925926,0.16776243779763317,0.2772921908677226
new216,dbscan_fusion,050,geometry_correct_any_exported,216,57,0.2638888888888889,0.20960806168555152,0.32642121801827056
new216,local_pairwise_crf,025,unique_and_correct,216,21,0.09722222222222222,0.0644707234643552,0.14404981250098828
new216,local_pairwise_crf,025,wrong_unique,216,33,0.1527777777777778,0.11090176542671284,0.2067883517847902
new216,local_pairwise_crf,025,semantic_correct_any_match,216,30,0.1388888888888889,0.09905065490151628,0.19134706699844684
new216,local_pairwise_crf,025,geometry_correct_any_exposed,216,94,0.4351851851851852,0.3707714379036045,0.5018640506425428
new216,local_pairwise_crf,025,geometry_correct_any_exported,216,116,0.5370370370370371,0.47047406921771445,0.6023056516130587
new216,local_pairwise_crf,050,unique_and_correct,216,13,0.06018518518518518,0.035506381544409035,0.10023443359016142
new216,local_pairwise_crf,050,wrong_unique,216,41,0.18981481481481483,0.14311406236291413,0.2473557756793619
new216,local_pairwise_crf,050,semantic_correct_any_match,216,18,0.08333333333333333,0.05336073606909697,0.1278674045847066
new216,local_pairwise_crf,050,geometry_correct_any_exposed,216,47,0.2175925925925926,0.16776243779763317,0.2772921908677226
new216,local_pairwise_crf,050,geometry_correct_any_exported,216,55,0.25462962962962965,0.20116954531105918,0.31666480418506976
new216,hpid_split_group_ids,025,unique_and_correct,216,19,0.08796296296296297,0.057035657891529125,0.1332899478661211
new216,hpid_split_group_ids,025,wrong_unique,216,30,0.1388888888888889,0.09905065490151628,0.19134706699844684
new216,hpid_split_group_ids,025,semantic_correct_any_match,216,33,0.1527777777777778,0.11090176542671284,0.2067883517847902
new216,hpid_split_group_ids,025,geometry_correct_any_exposed,216,92,0.42592592592592593,0.3618426107461545,0.49259794759229963
new216,hpid_split_group_ids,025,geometry_correct_any_exported,216,104,0.48148148148148145,0.41575543293176387,0.5478547066528496
new216,hpid_split_group_ids,050,unique_and_correct,216,10,0.046296296296296294,0.02533874227528728,0.0831096775477433
new216,hpid_split_group_ids,050,wrong_unique,216,39,0.18055555555555555,0.13498578371629236,0.23728912411829042
new216,hpid_split_group_ids,050,semantic_correct_any_match,216,16,0.07407407407407407,0.046106627883577625,0.1169265825625327
new216,hpid_split_group_ids,050,geometry_correct_any_exposed,216,37,0.1712962962962963,0.12690557751191778,0.22717440011497175
new216,hpid_split_group_ids,050,geometry_correct_any_exported,216,41,0.18981481481481483,0.14311406236291413,0.2473557756793619
combined,raw_proposals,025,unique_and_correct,253,38,0.15019762845849802,0.11142492612420744,0.19943399512352206
combined,raw_proposals,025,wrong_unique,253,39,0.1541501976284585,0.11486047195798788,0.20378535413440008
combined,raw_proposals,025,semantic_correct_any_match,253,71,0.28063241106719367,0.22886651459778612,0.33896026652367134
combined,raw_proposals,025,geometry_correct_any_exposed,253,124,0.4901185770750988,0.42912967181266104,0.5514030660756928
combined,raw_proposals,025,geometry_correct_any_exported,253,147,0.5810276679841897,0.5194634252169447,0.640168124098553
combined,raw_proposals,050,unique_and_correct,253,19,0.07509881422924901,0.04860188574158571,0.11430584345763377
combined,raw_proposals,050,wrong_unique,253,58,0.22924901185770752,0.18173178197318068,0.2848652361677173
combined,raw_proposals,050,semantic_correct_any_match,253,41,0.16205533596837945,0.12176065163569458,0.21245898414601025
combined,raw_proposals,050,geometry_correct_any_exposed,253,64,0.25296442687747034,0.20336720184209506,0.3099512453667534
combined,raw_proposals,050,geometry_correct_any_exported,253,81,0.3201581027667984,0.265728491817858,0.3799673377501836
combined,greedy_nms,025,unique_and_correct,253,34,0.13438735177865613,0.09778716810376886,0.18192413376532696
combined,greedy_nms,025,wrong_unique,253,38,0.15019762845849802,0.11142492612420744,0.19943399512352206
combined,greedy_nms,025,semantic_correct_any_match,253,48,0.18972332015810275,0.14618951002433855,0.24253845966997517
combined,greedy_nms,025,geometry_correct_any_exposed,253,123,0.48616600790513836,0.42524751487339135,0.5474983181703041
combined,greedy_nms,025,geometry_correct_any_exported,253,141,0.5573122529644269,0.49570358759577127,0.6172065326517758
combined,greedy_nms,050,unique_and_correct,253,21,0.08300395256916997,0.05492890288261026,0.12355263600592609
combined,greedy_nms,050,wrong_unique,253,51,0.2015810276679842,0.15677855527068835,0.2553101289576007
combined,greedy_nms,050,semantic_correct_any_match,253,27,0.1067193675889328,0.0743861581600436,0.15081680979644327
combined,greedy_nms,050,geometry_correct_any_exposed,253,54,0.2134387351778656,0.1674324290629352,0.2680169696993291
combined,greedy_nms,050,geometry_correct_any_exported,253,61,0.24110671936758893,0.19252264670888597,0.2974350859659873
combined,dbscan_fusion,025,unique_and_correct,253,39,0.1541501976284585,0.11486047195798788,0.20378535413440008
combined,dbscan_fusion,025,wrong_unique,253,45,0.17786561264822134,0.1356698076204268,0.22969744753991167
combined,dbscan_fusion,025,semantic_correct_any_match,253,53,0.20948616600790515,0.16387418649588262,0.2637883074217233
combined,dbscan_fusion,025,geometry_correct_any_exposed,253,121,0.4782608695652174,0.4174945090087466,0.5396775143456319
combined,dbscan_fusion,025,geometry_correct_any_exported,253,150,0.5928853754940712,0.5313960164940493,0.6515962473554237
combined,dbscan_fusion,050,unique_and_correct,253,23,0.09090909090909091,0.061341339186427535,0.13271400939142566
combined,dbscan_fusion,050,wrong_unique,253,61,0.24110671936758893,0.19252264670888597,0.2974350859659873
combined,dbscan_fusion,050,semantic_correct_any_match,253,28,0.11067193675889328,0.07768792105855397,0.15530195174259132
combined,dbscan_fusion,050,geometry_correct_any_exposed,253,56,0.22134387351778656,0.1745690819912326,0.2764541264603485
combined,dbscan_fusion,050,geometry_correct_any_exported,253,69,0.2727272727272727,0.22155414354464006,0.33069882788750055
combined,local_pairwise_crf,025,unique_and_correct,253,27,0.1067193675889328,0.0743861581600436,0.15081680979644327
combined,local_pairwise_crf,025,wrong_unique,253,36,0.1422924901185771,0.104584469139359,0.1907006424190537
combined,local_pairwise_crf,025,semantic_correct_any_match,253,43,0.16996047430830039,0.12869776445072295,0.2210956810202987
combined,local_pairwise_crf,025,geometry_correct_any_exposed,253,114,0.4505928853754941,0.3904781636530075,0.5121855257887621
combined,local_pairwise_crf,025,geometry_correct_any_exported,253,140,0.5533596837944664,0.4917571167064526,0.6133660986964361
combined,local_pairwise_crf,050,unique_and_correct,253,16,0.06324110671936758,0.03929855888084223,0.10024845578440199
combined,local_pairwise_crf,050,wrong_unique,253,47,0.1857707509881423,0.1426749945383214,0.23826607031133396
combined,local_pairwise_crf,050,semantic_correct_any_match,253,24,0.09486166007905138,0.06457653741151985,0.13726571601099175
combined,local_pairwise_crf,050,geometry_correct_any_exposed,253,56,0.22134387351778656,0.1745690819912326,0.2764541264603485
combined,local_pairwise_crf,050,geometry_correct_any_exported,253,65,0.25691699604743085,0.2069935456584825,0.31411180639502445
combined,hpid_split_group_ids,025,unique_and_correct,253,33,0.13043478260869565,0.09440565926446334,0.17751873775997404
combined,hpid_split_group_ids,025,wrong_unique,253,36,0.1422924901185771,0.104584469139359,0.1907006424190537
combined,hpid_split_group_ids,025,semantic_correct_any_match,253,48,0.18972332015810275,0.14618951002433855,0.24253845966997517
combined,hpid_split_group_ids,025,geometry_correct_any_exposed,253,111,0.43873517786561267,0.3789568718196199,0.5003461030881745
combined,hpid_split_group_ids,025,geometry_correct_any_exported,253,129,0.5098814229249012,0.4485969339243071,0.570870328187339
combined,hpid_split_group_ids,050,unique_and_correct,253,17,0.06719367588932806,0.04237223980290547,0.10496167970699719
combined,hpid_split_group_ids,050,wrong_unique,253,52,0.20553359683794467,0.16032284729328267,0.2595527417796648
combined,hpid_split_group_ids,050,semantic_correct_any_match,253,23,0.09090909090909091,0.061341339186427535,0.13271400939142566
combined,hpid_split_group_ids,050,geometry_correct_any_exposed,253,46,0.18181818181818182,0.13916836220948034,0.23398579779551656
combined,hpid_split_group_ids,050,geometry_correct_any_exported,253,54,0.2134387351778656,0.1674324290629352,0.2680169696993291
