cohort,comparator,threshold,metric,event,n,k,proportion,ci95_low,ci95_high
old37,raw_proposals,025,semantic_correct_any_match,retained,37,14,0.3783783783783784,0.24063999175798262,0.5389956956078235
old37,raw_proposals,025,semantic_correct_any_match,lost,37,4,0.10810810810810811,0.04285189940411474,0.2470853154412602
old37,raw_proposals,025,semantic_correct_any_match,gained,37,1,0.02702702702702703,0.004786974451940443,0.13824069863730515
old37,raw_proposals,025,semantic_correct_any_match,neither,37,18,0.4864864864864865,0.3344640430301665,0.641051033343812
old37,raw_proposals,025,semantic_correct_any_match,loss_given_comparator_available,18,4,0.2222222222222222,0.09000928108601694,0.45214584316212614
old37,raw_proposals,025,semantic_correct_any_match,gain_given_comparator_unavailable,19,1,0.05263157894736842,0.009351994062300376,0.2463873116689878
old37,raw_proposals,025,geometry_correct_any_exposed,retained,37,18,0.4864864864864865,0.3344640430301665,0.641051033343812
old37,raw_proposals,025,geometry_correct_any_exposed,lost,37,4,0.10810810810810811,0.04285189940411474,0.2470853154412602
old37,raw_proposals,025,geometry_correct_any_exposed,gained,37,1,0.02702702702702703,0.004786974451940443,0.13824069863730515
old37,raw_proposals,025,geometry_correct_any_exposed,neither,37,14,0.3783783783783784,0.24063999175798262,0.5389956956078235
old37,raw_proposals,025,geometry_correct_any_exposed,loss_given_comparator_available,22,4,0.18181818181818182,0.0730688458342206,0.3851660743712655
old37,raw_proposals,025,geometry_correct_any_exposed,gain_given_comparator_unavailable,15,1,0.06666666666666667,0.011866895493268581,0.2981652987378002
old37,raw_proposals,025,geometry_correct_any_exported,retained,37,23,0.6216216216216216,0.46100430439217654,0.7593600082420173
old37,raw_proposals,025,geometry_correct_any_exported,lost,37,1,0.02702702702702703,0.004786974451940443,0.13824069863730515
old37,raw_proposals,025,geometry_correct_any_exported,gained,37,2,0.05405405405405406,0.014950976833157686,0.177046543508131
old37,raw_proposals,025,geometry_correct_any_exported,neither,37,11,0.2972972972972973,0.17489478649832013,0.45783135911135653
old37,raw_proposals,025,geometry_correct_any_exported,loss_given_comparator_available,24,1,0.041666666666666664,0.00739345616550581,0.20241806478655933
old37,raw_proposals,025,geometry_correct_any_exported,gain_given_comparator_unavailable,13,2,0.15384615384615385,0.04325817835808124,0.42234631019482527
old37,raw_proposals,050,semantic_correct_any_match,retained,37,7,0.1891891891891892,0.09479978730312018,0.34204696929838413
old37,raw_proposals,050,semantic_correct_any_match,lost,37,2,0.05405405405405406,0.014950976833157686,0.177046543508131
old37,raw_proposals,050,semantic_correct_any_match,gained,37,0,0.0,0.0,0.09405782583720246
old37,raw_proposals,050,semantic_correct_any_match,neither,37,28,0.7567567567567568,0.5988270787855736,0.866386470108836
old37,raw_proposals,050,semantic_correct_any_match,loss_given_comparator_available,9,2,0.2222222222222222,0.06322510711784671,0.547411030893011
old37,raw_proposals,050,semantic_correct_any_match,gain_given_comparator_unavailable,28,0,0.0,0.0,0.12064330476584559
old37,raw_proposals,050,geometry_correct_any_exposed,retained,37,9,0.24324324324324326,0.13361352989116398,0.40117292121442644
old37,raw_proposals,050,geometry_correct_any_exposed,lost,37,2,0.05405405405405406,0.014950976833157686,0.177046543508131
old37,raw_proposals,050,geometry_correct_any_exposed,gained,37,0,0.0,0.0,0.09405782583720246
old37,raw_proposals,050,geometry_correct_any_exposed,neither,37,26,0.7027027027027027,0.5421686408886435,0.8251052135016799
old37,raw_proposals,050,geometry_correct_any_exposed,loss_given_comparator_available,11,2,0.18181818181818182,0.051367689746085105,0.47698056196084415
old37,raw_proposals,050,geometry_correct_any_exposed,gain_given_comparator_unavailable,26,0,0.0,0.0,0.12872892185921525
old37,raw_proposals,050,geometry_correct_any_exported,retained,37,12,0.32432432432432434,0.19633266528144183,0.48536332758027795
old37,raw_proposals,050,geometry_correct_any_exported,lost,37,3,0.08108108108108109,0.02796057410044797,0.21300679349288384
old37,raw_proposals,050,geometry_correct_any_exported,gained,37,1,0.02702702702702703,0.004786974451940443,0.13824069863730515
old37,raw_proposals,050,geometry_correct_any_exported,neither,37,21,0.5675675675675675,0.4091418109016808,0.7132828072284269
old37,raw_proposals,050,geometry_correct_any_exported,loss_given_comparator_available,15,3,0.2,0.07047549346981555,0.4518544871516935
old37,raw_proposals,050,geometry_correct_any_exported,gain_given_comparator_unavailable,22,1,0.045454545454545456,0.008069427621263822,0.21798045838657326
old37,greedy_nms,025,semantic_correct_any_match,retained,37,11,0.2972972972972973,0.17489478649832013,0.45783135911135653
old37,greedy_nms,025,semantic_correct_any_match,lost,37,0,0.0,0.0,0.09405782583720246
old37,greedy_nms,025,semantic_correct_any_match,gained,37,4,0.10810810810810811,0.04285189940411474,0.2470853154412602
old37,greedy_nms,025,semantic_correct_any_match,neither,37,22,0.5945945945945946,0.43485964730229365,0.7365348180798572
old37,greedy_nms,025,semantic_correct_any_match,loss_given_comparator_available,11,0,0.0,0.0,0.25883296696803165
old37,greedy_nms,025,semantic_correct_any_match,gain_given_comparator_unavailable,26,4,0.15384615384615385,0.061500337235783575,0.33531199328213473
old37,greedy_nms,025,geometry_correct_any_exposed,retained,37,17,0.4594594594594595,0.3103856980437304,0.6161595310782051
old37,greedy_nms,025,geometry_correct_any_exposed,lost,37,4,0.10810810810810811,0.04285189940411474,0.2470853154412602
old37,greedy_nms,025,geometry_correct_any_exposed,gained,37,2,0.05405405405405406,0.014950976833157686,0.177046543508131
old37,greedy_nms,025,geometry_correct_any_exposed,neither,37,14,0.3783783783783784,0.24063999175798262,0.5389956956078235
old37,greedy_nms,025,geometry_correct_any_exposed,loss_given_comparator_available,21,4,0.19047619047619047,0.0766756505276179,0.4000056469020492
old37,greedy_nms,025,geometry_correct_any_exposed,gain_given_comparator_unavailable,16,2,0.125,0.03497748774324047,0.36022827265758683
old37,greedy_nms,025,geometry_correct_any_exported,retained,37,21,0.5675675675675675,0.4091418109016808,0.7132828072284269
old37,greedy_nms,025,geometry_correct_any_exported,lost,37,2,0.05405405405405406,0.014950976833157686,0.177046543508131
old37,greedy_nms,025,geometry_correct_any_exported,gained,37,4,0.10810810810810811,0.04285189940411474,0.2470853154412602
old37,greedy_nms,025,geometry_correct_any_exported,neither,37,10,0.2702702702702703,0.15397461511049093,0.4297816832471426
old37,greedy_nms,025,geometry_correct_any_exported,loss_given_comparator_available,23,2,0.08695652173913043,0.024180004484220377,0.2679598107574366
old37,greedy_nms,025,geometry_correct_any_exported,gain_given_comparator_unavailable,14,4,0.2857142857142857,0.11721378644576921,0.5464908432989318
old37,greedy_nms,050,semantic_correct_any_match,retained,37,5,0.13513513513513514,0.059132944257320186,0.27977411784009787
old37,greedy_nms,050,semantic_correct_any_match,lost,37,1,0.02702702702702703,0.004786974451940443,0.13824069863730515
old37,greedy_nms,050,semantic_correct_any_match,gained,37,2,0.05405405405405406,0.014950976833157686,0.177046543508131
old37,greedy_nms,050,semantic_correct_any_match,neither,37,29,0.7837837837837838,0.6280485160803085,0.886134880066144
old37,greedy_nms,050,semantic_correct_any_match,loss_given_comparator_available,6,1,0.16666666666666666,0.030053369748306635,0.5635028221864702
old37,greedy_nms,050,semantic_correct_any_match,gain_given_comparator_unavailable,31,2,0.06451612903225806,0.017874783521914572,0.20718636736298118
old37,greedy_nms,050,geometry_correct_any_exposed,retained,37,7,0.1891891891891892,0.09479978730312018,0.34204696929838413
old37,greedy_nms,050,geometry_correct_any_exposed,lost,37,3,0.08108108108108109,0.02796057410044797,0.21300679349288384
old37,greedy_nms,050,geometry_correct_any_exposed,gained,37,2,0.05405405405405406,0.014950976833157686,0.177046543508131
old37,greedy_nms,050,geometry_correct_any_exposed,neither,37,25,0.6756756756756757,0.514636672419722,0.8036673347185581
old37,greedy_nms,050,geometry_correct_any_exposed,loss_given_comparator_available,10,3,0.3,0.10779126740630102,0.6032218525388546
old37,greedy_nms,050,geometry_correct_any_exposed,gain_given_comparator_unavailable,27,2,0.07407407407407407,0.02055465406098865,0.23369592683023144
old37,greedy_nms,050,geometry_correct_any_exported,retained,37,8,0.21621621621621623,0.1138651199338559,0.37195148391969146
old37,greedy_nms,050,geometry_correct_any_exported,lost,37,3,0.08108108108108109,0.02796057410044797,0.21300679349288384
old37,greedy_nms,050,geometry_correct_any_exported,gained,37,5,0.13513513513513514,0.059132944257320186,0.27977411784009787
old37,greedy_nms,050,geometry_correct_any_exported,neither,37,21,0.5675675675675675,0.4091418109016808,0.7132828072284269
old37,greedy_nms,050,geometry_correct_any_exported,loss_given_comparator_available,11,3,0.2727272727272727,0.09746059290024894,0.5656453011761291
old37,greedy_nms,050,geometry_correct_any_exported,gain_given_comparator_unavailable,26,5,0.19230769230769232,0.08507061148942413,0.3787625711931699
old37,dbscan_fusion,025,semantic_correct_any_match,retained,37,14,0.3783783783783784,0.24063999175798262,0.5389956956078235
old37,dbscan_fusion,025,semantic_correct_any_match,lost,37,1,0.02702702702702703,0.004786974451940443,0.13824069863730515
old37,dbscan_fusion,025,semantic_correct_any_match,gained,37,1,0.02702702702702703,0.004786974451940443,0.13824069863730515
old37,dbscan_fusion,025,semantic_correct_any_match,neither,37,21,0.5675675675675675,0.4091418109016808,0.7132828072284269
old37,dbscan_fusion,025,semantic_correct_any_match,loss_given_comparator_available,15,1,0.06666666666666667,0.011866895493268581,0.2981652987378002
old37,dbscan_fusion,025,semantic_correct_any_match,gain_given_comparator_unavailable,22,1,0.045454545454545456,0.008069427621263822,0.21798045838657326
old37,dbscan_fusion,025,geometry_correct_any_exposed,retained,37,18,0.4864864864864865,0.3344640430301665,0.641051033343812
old37,dbscan_fusion,025,geometry_correct_any_exposed,lost,37,3,0.08108108108108109,0.02796057410044797,0.21300679349288384
old37,dbscan_fusion,025,geometry_correct_any_exposed,gained,37,1,0.02702702702702703,0.004786974451940443,0.13824069863730515
old37,dbscan_fusion,025,geometry_correct_any_exposed,neither,37,15,0.40540540540540543,0.26346518192014284,0.5651403526977063
old37,dbscan_fusion,025,geometry_correct_any_exposed,loss_given_comparator_available,21,3,0.14285714285714285,0.04981012499725268,0.3463606028062094
old37,dbscan_fusion,025,geometry_correct_any_exposed,gain_given_comparator_unavailable,16,1,0.0625,0.011119344764642547,0.28328737570298934
old37,dbscan_fusion,025,geometry_correct_any_exported,retained,37,24,0.6486486486486487,0.4875902312255084,0.7817439286607287
old37,dbscan_fusion,025,geometry_correct_any_exported,lost,37,2,0.05405405405405406,0.014950976833157686,0.177046543508131
old37,dbscan_fusion,025,geometry_correct_any_exported,gained,37,1,0.02702702702702703,0.004786974451940443,0.13824069863730515
old37,dbscan_fusion,025,geometry_correct_any_exported,neither,37,10,0.2702702702702703,0.15397461511049093,0.4297816832471426
old37,dbscan_fusion,025,geometry_correct_any_exported,loss_given_comparator_available,26,2,0.07692307692307693,0.021355088472276226,0.24141553771629054
old37,dbscan_fusion,025,geometry_correct_any_exported,gain_given_comparator_unavailable,11,1,0.09090909090909091,0.016232172885884827,0.3773584364515956
old37,dbscan_fusion,050,semantic_correct_any_match,retained,37,5,0.13513513513513514,0.059132944257320186,0.27977411784009787
old37,dbscan_fusion,050,semantic_correct_any_match,lost,37,1,0.02702702702702703,0.004786974451940443,0.13824069863730515
old37,dbscan_fusion,050,semantic_correct_any_match,gained,37,2,0.05405405405405406,0.014950976833157686,0.177046543508131
old37,dbscan_fusion,050,semantic_correct_any_match,neither,37,29,0.7837837837837838,0.6280485160803085,0.886134880066144
old37,dbscan_fusion,050,semantic_correct_any_match,loss_given_comparator_available,6,1,0.16666666666666666,0.030053369748306635,0.5635028221864702
old37,dbscan_fusion,050,semantic_correct_any_match,gain_given_comparator_unavailable,31,2,0.06451612903225806,0.017874783521914572,0.20718636736298118
old37,dbscan_fusion,050,geometry_correct_any_exposed,retained,37,7,0.1891891891891892,0.09479978730312018,0.34204696929838413
old37,dbscan_fusion,050,geometry_correct_any_exposed,lost,37,2,0.05405405405405406,0.014950976833157686,0.177046543508131
old37,dbscan_fusion,050,geometry_correct_any_exposed,gained,37,2,0.05405405405405406,0.014950976833157686,0.177046543508131
old37,dbscan_fusion,050,geometry_correct_any_exposed,neither,37,26,0.7027027027027027,0.5421686408886435,0.8251052135016799
old37,dbscan_fusion,050,geometry_correct_any_exposed,loss_given_comparator_available,9,2,0.2222222222222222,0.06322510711784671,0.547411030893011
old37,dbscan_fusion,050,geometry_correct_any_exposed,gain_given_comparator_unavailable,28,2,0.07142857142857142,0.01981206411530574,0.22645362568399047
old37,dbscan_fusion,050,geometry_correct_any_exported,retained,37,10,0.2702702702702703,0.15397461511049093,0.4297816832471426
old37,dbscan_fusion,050,geometry_correct_any_exported,lost,37,2,0.05405405405405406,0.014950976833157686,0.177046543508131
old37,dbscan_fusion,050,geometry_correct_any_exported,gained,37,3,0.08108108108108109,0.02796057410044797,0.21300679349288384
old37,dbscan_fusion,050,geometry_correct_any_exported,neither,37,22,0.5945945945945946,0.43485964730229365,0.7365348180798572
old37,dbscan_fusion,050,geometry_correct_any_exported,loss_given_comparator_available,12,2,0.16666666666666666,0.046965142183853836,0.44803086225297334
old37,dbscan_fusion,050,geometry_correct_any_exported,gain_given_comparator_unavailable,25,3,0.12,0.041668171504403634,0.2995579392092732
old37,local_pairwise_crf,025,semantic_correct_any_match,retained,37,13,0.35135135135135137,0.21825607133927127,0.5124097687744916
old37,local_pairwise_crf,025,semantic_correct_any_match,lost,37,0,0.0,0.0,0.09405782583720246
old37,local_pairwise_crf,025,semantic_correct_any_match,gained,37,2,0.05405405405405406,0.014950976833157686,0.177046543508131
old37,local_pairwise_crf,025,semantic_correct_any_match,neither,37,22,0.5945945945945946,0.43485964730229365,0.7365348180798572
old37,local_pairwise_crf,025,semantic_correct_any_match,loss_given_comparator_available,13,0,0.0,0.0,0.2280953723541983
old37,local_pairwise_crf,025,semantic_correct_any_match,gain_given_comparator_unavailable,24,2,0.08333333333333333,0.02315881529704336,0.25848802193210674
old37,local_pairwise_crf,025,geometry_correct_any_exposed,retained,37,16,0.43243243243243246,0.28671719277157315,0.5908581890983191
old37,local_pairwise_crf,025,geometry_correct_any_exposed,lost,37,4,0.10810810810810811,0.04285189940411474,0.2470853154412602
old37,local_pairwise_crf,025,geometry_correct_any_exposed,gained,37,3,0.08108108108108109,0.02796057410044797,0.21300679349288384
old37,local_pairwise_crf,025,geometry_correct_any_exposed,neither,37,14,0.3783783783783784,0.24063999175798262,0.5389956956078235
old37,local_pairwise_crf,025,geometry_correct_any_exposed,loss_given_comparator_available,20,4,0.2,0.08065766257979806,0.4160174322518935
old37,local_pairwise_crf,025,geometry_correct_any_exposed,gain_given_comparator_unavailable,17,3,0.17647058823529413,0.061911266376209945,0.4102945856883412
old37,local_pairwise_crf,025,geometry_correct_any_exported,retained,37,22,0.5945945945945946,0.43485964730229365,0.7365348180798572
old37,local_pairwise_crf,025,geometry_correct_any_exported,lost,37,2,0.05405405405405406,0.014950976833157686,0.177046543508131
old37,local_pairwise_crf,025,geometry_correct_any_exported,gained,37,3,0.08108108108108109,0.02796057410044797,0.21300679349288384
old37,local_pairwise_crf,025,geometry_correct_any_exported,neither,37,10,0.2702702702702703,0.15397461511049093,0.4297816832471426
old37,local_pairwise_crf,025,geometry_correct_any_exported,loss_given_comparator_available,24,2,0.08333333333333333,0.02315881529704336,0.25848802193210674
old37,local_pairwise_crf,025,geometry_correct_any_exported,gain_given_comparator_unavailable,13,3,0.23076923076923078,0.08179528718498563,0.5025637594672749
old37,local_pairwise_crf,050,semantic_correct_any_match,retained,37,5,0.13513513513513514,0.059132944257320186,0.27977411784009787
old37,local_pairwise_crf,050,semantic_correct_any_match,lost,37,1,0.02702702702702703,0.004786974451940443,0.13824069863730515
old37,local_pairwise_crf,050,semantic_correct_any_match,gained,37,2,0.05405405405405406,0.014950976833157686,0.177046543508131
old37,local_pairwise_crf,050,semantic_correct_any_match,neither,37,29,0.7837837837837838,0.6280485160803085,0.886134880066144
old37,local_pairwise_crf,050,semantic_correct_any_match,loss_given_comparator_available,6,1,0.16666666666666666,0.030053369748306635,0.5635028221864702
old37,local_pairwise_crf,050,semantic_correct_any_match,gain_given_comparator_unavailable,31,2,0.06451612903225806,0.017874783521914572,0.20718636736298118
old37,local_pairwise_crf,050,geometry_correct_any_exposed,retained,37,7,0.1891891891891892,0.09479978730312018,0.34204696929838413
old37,local_pairwise_crf,050,geometry_correct_any_exposed,lost,37,2,0.05405405405405406,0.014950976833157686,0.177046543508131
old37,local_pairwise_crf,050,geometry_correct_any_exposed,gained,37,2,0.05405405405405406,0.014950976833157686,0.177046543508131
old37,local_pairwise_crf,050,geometry_correct_any_exposed,neither,37,26,0.7027027027027027,0.5421686408886435,0.8251052135016799
old37,local_pairwise_crf,050,geometry_correct_any_exposed,loss_given_comparator_available,9,2,0.2222222222222222,0.06322510711784671,0.547411030893011
old37,local_pairwise_crf,050,geometry_correct_any_exposed,gain_given_comparator_unavailable,28,2,0.07142857142857142,0.01981206411530574,0.22645362568399047
old37,local_pairwise_crf,050,geometry_correct_any_exported,retained,37,8,0.21621621621621623,0.1138651199338559,0.37195148391969146
old37,local_pairwise_crf,050,geometry_correct_any_exported,lost,37,2,0.05405405405405406,0.014950976833157686,0.177046543508131
old37,local_pairwise_crf,050,geometry_correct_any_exported,gained,37,5,0.13513513513513514,0.059132944257320186,0.27977411784009787
old37,local_pairwise_crf,050,geometry_correct_any_exported,neither,37,22,0.5945945945945946,0.43485964730229365,0.7365348180798572
old37,local_pairwise_crf,050,geometry_correct_any_exported,loss_given_comparator_available,10,2,0.2,0.056682151454375246,0.5098375284633582
old37,local_pairwise_crf,050,geometry_correct_any_exported,gain_given_comparator_unavailable,27,5,0.18518518518518517,0.08180707142976532,0.36698683618548433
new216,raw_proposals,025,semantic_correct_any_match,retained,216,32,0.14814814814814814,0.10693606311037727,0.20165658899727906
new216,raw_proposals,025,semantic_correct_any_match,lost,216,21,0.09722222222222222,0.0644707234643552,0.14404981250098828
new216,raw_proposals,025,semantic_correct_any_match,gained,216,1,0.004629629629629629,0.0008177113226299475,0.025753522565780985
new216,raw_proposals,025,semantic_correct_any_match,neither,216,162,0.75,0.6882258530844947,0.8030372625232232
new216,raw_proposals,025,semantic_correct_any_match,loss_given_comparator_available,53,21,0.39622641509433965,0.27589406738001676,0.5305852132679448
new216,raw_proposals,025,semantic_correct_any_match,gain_given_comparator_unavailable,163,1,0.006134969325153374,0.0010837948860926427,0.033928239065084846
new216,raw_proposals,025,geometry_correct_any_exposed,retained,216,80,0.37037037037037035,0.3087610294384725,0.436509947653822
new216,raw_proposals,025,geometry_correct_any_exposed,lost,216,22,0.10185185185185185,0.06822737600440477,0.1493906250647853
new216,raw_proposals,025,geometry_correct_any_exposed,gained,216,12,0.05555555555555555,0.03206233786944288,0.09458101216128095
new216,raw_proposals,025,geometry_correct_any_exposed,neither,216,102,0.4722222222222222,0.40671370386425354,0.5387015055126668
new216,raw_proposals,025,geometry_correct_any_exposed,loss_given_comparator_available,102,22,0.21568627450980393,0.14697200198252883,0.3050385745321268
new216,raw_proposals,025,geometry_correct_any_exposed,gain_given_comparator_unavailable,114,12,0.10526315789473684,0.06124687756235369,0.17501512308936337
new216,raw_proposals,025,geometry_correct_any_exported,retained,216,95,0.4398148148148148,0.37524442476709724,0.5064885288828966
new216,raw_proposals,025,geometry_correct_any_exported,lost,216,28,0.12962962962962962,0.09123074281383933,0.18097204887843052
new216,raw_proposals,025,geometry_correct_any_exported,gained,216,9,0.041666666666666664,0.022073333531039598,0.07727762118814435
new216,raw_proposals,025,geometry_correct_any_exported,neither,216,84,0.3888888888888889,0.3263596021481282,0.4553012353595529
new216,raw_proposals,025,geometry_correct_any_exported,loss_given_comparator_available,123,28,0.22764227642276422,0.16245457162590593,0.30932696870853094
new216,raw_proposals,025,geometry_correct_any_exported,gain_given_comparator_unavailable,93,9,0.0967741935483871,0.05175166922773676,0.17378663933011418
new216,raw_proposals,050,semantic_correct_any_match,retained,216,14,0.06481481481481481,0.038997915670138064,0.10584036456827901
new216,raw_proposals,050,semantic_correct_any_match,lost,216,18,0.08333333333333333,0.05336073606909697,0.1278674045847066
new216,raw_proposals,050,semantic_correct_any_match,gained,216,2,0.009259259259259259,0.0025429063349523655,0.0331257926573052
new216,raw_proposals,050,semantic_correct_any_match,neither,216,182,0.8425925925925926,0.7880944756503615,0.8851179420342888
new216,raw_proposals,050,semantic_correct_any_match,loss_given_comparator_available,32,18,0.5625,0.39325591136851984,0.7183466888495962
new216,raw_proposals,050,semantic_correct_any_match,gain_given_comparator_unavailable,184,2,0.010869565217391304,0.0029859055997690474,0.038759185552761144
new216,raw_proposals,050,geometry_correct_any_exposed,retained,216,29,0.13425925925925927,0.09513217379013625,0.18616808300598028
new216,raw_proposals,050,geometry_correct_any_exposed,lost,216,24,0.1111111111111111,0.07581155896847121,0.16000137230841216
new216,raw_proposals,050,geometry_correct_any_exposed,gained,216,8,0.037037037037037035,0.018884593810481482,0.07136889580485585
new216,raw_proposals,050,geometry_correct_any_exposed,neither,216,155,0.7175925925925926,0.6541617773644354,0.7734190825163562
new216,raw_proposals,050,geometry_correct_any_exposed,loss_given_comparator_available,53,24,0.4528301886792453,0.3265757915292225,0.5854602451289419
new216,raw_proposals,050,geometry_correct_any_exposed,gain_given_comparator_unavailable,163,8,0.049079754601226995,0.025076391181817786,0.0938476398170834
new216,raw_proposals,050,geometry_correct_any_exported,retained,216,35,0.16203703703703703,0.118876433633214,0.21700861378598224
new216,raw_proposals,050,geometry_correct_any_exported,lost,216,31,0.14351851851851852,0.10298549674659538,0.19650969025721435
new216,raw_proposals,050,geometry_correct_any_exported,gained,216,6,0.027777777777777776,0.012791661409577174,0.05926689799806689
new216,raw_proposals,050,geometry_correct_any_exported,neither,216,144,0.6666666666666666,0.6013721533218815,0.726136590416597
new216,raw_proposals,050,geometry_correct_any_exported,loss_given_comparator_available,66,31,0.4696969696969697,0.3543042849637768,0.5884231427340136
new216,raw_proposals,050,geometry_correct_any_exported,gain_given_comparator_unavailable,150,6,0.04,0.01845916060207442,0.08451346421655605
new216,greedy_nms,025,semantic_correct_any_match,retained,216,25,0.11574074074074074,0.07963658437506893,0.16527381200566105
new216,greedy_nms,025,semantic_correct_any_match,lost,216,12,0.05555555555555555,0.03206233786944288,0.09458101216128095
new216,greedy_nms,025,semantic_correct_any_match,gained,216,8,0.037037037037037035,0.018884593810481482,0.07136889580485585
new216,greedy_nms,025,semantic_correct_any_match,neither,216,171,0.7916666666666666,0.7326448981750002,0.8404954033673373
new216,greedy_nms,025,semantic_correct_any_match,loss_given_comparator_available,37,12,0.32432432432432434,0.19633266528144183,0.48536332758027795
new216,greedy_nms,025,semantic_correct_any_match,gain_given_comparator_unavailable,179,8,0.0446927374301676,0.02281782009177139,0.08569946558659278
new216,greedy_nms,025,geometry_correct_any_exposed,retained,216,76,0.35185185185185186,0.29126119837552267,0.41761991830138534
new216,greedy_nms,025,geometry_correct_any_exposed,lost,216,26,0.12037037037037036,0.08348209424344598,0.1705257672411306
new216,greedy_nms,025,geometry_correct_any_exposed,gained,216,16,0.07407407407407407,0.046106627883577625,0.1169265825625327
new216,greedy_nms,025,geometry_correct_any_exposed,neither,216,98,0.4537037037037037,0.3886974461588257,0.5203279028027081
new216,greedy_nms,025,geometry_correct_any_exposed,loss_given_comparator_available,102,26,0.2549019607843137,0.1802965841826668,0.3472987403989328
new216,greedy_nms,025,geometry_correct_any_exposed,gain_given_comparator_unavailable,114,16,0.14035087719298245,0.08827406582745362,0.21587575698855527
new216,greedy_nms,025,geometry_correct_any_exported,retained,216,91,0.4212962962962963,0.35738681474373685,0.4879562784908706
new216,greedy_nms,025,geometry_correct_any_exported,lost,216,27,0.125,0.08734711096128596,0.17575821562713728
new216,greedy_nms,025,geometry_correct_any_exported,gained,216,13,0.06018518518518518,0.035506381544409035,0.10023443359016142
new216,greedy_nms,025,geometry_correct_any_exported,neither,216,85,0.39351851851851855,0.33077434332035804,0.45998395929116964
new216,greedy_nms,025,geometry_correct_any_exported,loss_given_comparator_available,118,27,0.2288135593220339,0.16228680042994797,0.3124404342941167
new216,greedy_nms,025,geometry_correct_any_exported,gain_given_comparator_unavailable,98,13,0.1326530612244898,0.0791898667921762,0.2138289014604871
new216,greedy_nms,050,semantic_correct_any_match,retained,216,10,0.046296296296296294,0.02533874227528728,0.0831096775477433
new216,greedy_nms,050,semantic_correct_any_match,lost,216,11,0.05092592592592592,0.028671012644013026,0.08887487228286417
new216,greedy_nms,050,semantic_correct_any_match,gained,216,6,0.027777777777777776,0.012791661409577174,0.05926689799806689
new216,greedy_nms,050,semantic_correct_any_match,neither,216,189,0.875,0.8242417843728628,0.9126528890387141
new216,greedy_nms,050,semantic_correct_any_match,loss_given_comparator_available,21,11,0.5238095238095238,0.3236953458284444,0.7165599389846582
new216,greedy_nms,050,semantic_correct_any_match,gain_given_comparator_unavailable,195,6,0.03076923076923077,0.014176572368017198,0.06549221961655181
new216,greedy_nms,050,geometry_correct_any_exposed,retained,216,25,0.11574074074074074,0.07963658437506893,0.16527381200566105
new216,greedy_nms,050,geometry_correct_any_exposed,lost,216,19,0.08796296296296297,0.057035657891529125,0.1332899478661211
new216,greedy_nms,050,geometry_correct_any_exposed,gained,216,12,0.05555555555555555,0.03206233786944288,0.09458101216128095
new216,greedy_nms,050,geometry_correct_any_exposed,neither,216,160,0.7407407407407407,0.6784528864580694,0.794615298941955
new216,greedy_nms,050,geometry_correct_any_exposed,loss_given_comparator_available,44,19,0.4318181818181818,0.296827234085178,0.5777585300637056
new216,greedy_nms,050,geometry_correct_any_exposed,gain_given_comparator_unavailable,172,12,0.06976744186046512,0.04035717039846793,0.1179755630047741
new216,greedy_nms,050,geometry_correct_any_exported,retained,216,28,0.12962962962962962,0.09123074281383933,0.18097204887843052
new216,greedy_nms,050,geometry_correct_any_exported,lost,216,22,0.10185185185185185,0.06822737600440477,0.1493906250647853
new216,greedy_nms,050,geometry_correct_any_exported,gained,216,13,0.06018518518518518,0.035506381544409035,0.10023443359016142
new216,greedy_nms,050,geometry_correct_any_exported,neither,216,153,0.7083333333333334,0.6444992411152447,0.7648866885578537
new216,greedy_nms,050,geometry_correct_any_exported,loss_given_comparator_available,50,22,0.44,0.3116219921125717,0.5769397197834314
new216,greedy_nms,050,geometry_correct_any_exported,gain_given_comparator_unavailable,166,13,0.0783132530120482,0.046335453531704554,0.1293663982299345
new216,dbscan_fusion,025,semantic_correct_any_match,retained,216,25,0.11574074074074074,0.07963658437506893,0.16527381200566105
new216,dbscan_fusion,025,semantic_correct_any_match,lost,216,13,0.06018518518518518,0.035506381544409035,0.10023443359016142
new216,dbscan_fusion,025,semantic_correct_any_match,gained,216,8,0.037037037037037035,0.018884593810481482,0.07136889580485585
new216,dbscan_fusion,025,semantic_correct_any_match,neither,216,170,0.7870370370370371,0.7276713467942663,0.8363714896442248
new216,dbscan_fusion,025,semantic_correct_any_match,loss_given_comparator_available,38,13,0.34210526315789475,0.21212415179959415,0.5010789644821692
new216,dbscan_fusion,025,semantic_correct_any_match,gain_given_comparator_unavailable,178,8,0.0449438202247191,0.0229469929777038,0.0861670613714692
new216,dbscan_fusion,025,geometry_correct_any_exposed,retained,216,75,0.3472222222222222,0.28690204185906376,0.41288160971399757
new216,dbscan_fusion,025,geometry_correct_any_exposed,lost,216,25,0.11574074074074074,0.07963658437506893,0.16527381200566105
new216,dbscan_fusion,025,geometry_correct_any_exposed,gained,216,17,0.0787037037037037,0.04971693088521587,0.12241374466474109
new216,dbscan_fusion,025,geometry_correct_any_exposed,neither,216,99,0.4583333333333333,0.3931930847274052,0.5249297293379752
new216,dbscan_fusion,025,geometry_correct_any_exposed,loss_given_comparator_available,100,25,0.25,0.17545211362287674,0.34304463548061603
new216,dbscan_fusion,025,geometry_correct_any_exposed,gain_given_comparator_unavailable,116,17,0.14655172413793102,0.09355750075335659,0.222205167634319
new216,dbscan_fusion,025,geometry_correct_any_exported,retained,216,94,0.4351851851851852,0.3707714379036045,0.5018640506425428
new216,dbscan_fusion,025,geometry_correct_any_exported,lost,216,30,0.1388888888888889,0.09905065490151628,0.19134706699844684
new216,dbscan_fusion,025,geometry_correct_any_exported,gained,216,10,0.046296296296296294,0.02533874227528728,0.0831096775477433
new216,dbscan_fusion,025,geometry_correct_any_exported,neither,216,82,0.37962962962962965,0.31754815578682716,0.4459177515131607
new216,dbscan_fusion,025,geometry_correct_any_exported,loss_given_comparator_available,124,30,0.24193548387096775,0.17504996704510795,0.3243299634533064
new216,dbscan_fusion,025,geometry_correct_any_exported,gain_given_comparator_unavailable,92,10,0.10869565217391304,0.06012152356953175,0.18863782456704176
new216,dbscan_fusion,050,semantic_correct_any_match,retained,216,10,0.046296296296296294,0.02533874227528728,0.0831096775477433
new216,dbscan_fusion,050,semantic_correct_any_match,lost,216,12,0.05555555555555555,0.03206233786944288,0.09458101216128095
new216,dbscan_fusion,050,semantic_correct_any_match,gained,216,6,0.027777777777777776,0.012791661409577174,0.05926689799806689
new216,dbscan_fusion,050,semantic_correct_any_match,neither,216,188,0.8703703703703703,0.8190279511215695,0.9087692571861608
new216,dbscan_fusion,050,semantic_correct_any_match,loss_given_comparator_available,22,12,0.5454545454545454,0.34659795320734943,0.7307970581918667
new216,dbscan_fusion,050,semantic_correct_any_match,gain_given_comparator_unavailable,194,6,0.030927835051546393,0.014250039532232976,0.06582144252781093
new216,dbscan_fusion,050,geometry_correct_any_exposed,retained,216,28,0.12962962962962962,0.09123074281383933,0.18097204887843052
new216,dbscan_fusion,050,geometry_correct_any_exposed,lost,216,19,0.08796296296296297,0.057035657891529125,0.1332899478661211
new216,dbscan_fusion,050,geometry_correct_any_exposed,gained,216,9,0.041666666666666664,0.022073333531039598,0.07727762118814435
new216,dbscan_fusion,050,geometry_correct_any_exposed,neither,216,160,0.7407407407407407,0.6784528864580694,0.794615298941955
new216,dbscan_fusion,050,geometry_correct_any_exposed,loss_given_comparator_available,47,19,0.40425531914893614,0.27640034519208756,0.5465787704988904
new216,dbscan_fusion,050,geometry_correct_any_exposed,gain_given_comparator_unavailable,169,9,0.05325443786982249,0.02826714707905531,0.0980998656140768
new216,dbscan_fusion,050,geometry_correct_any_exported,retained,216,32,0.14814814814814814,0.10693606311037727,0.20165658899727906
new216,dbscan_fusion,050,geometry_correct_any_exported,lost,216,25,0.11574074074074074,0.07963658437506893,0.16527381200566105
new216,dbscan_fusion,050,geometry_correct_any_exported,gained,216,9,0.041666666666666664,0.022073333531039598,0.07727762118814435
new216,dbscan_fusion,050,geometry_correct_any_exported,neither,216,150,0.6944444444444444,0.6300604823374294,0.752033052024129
new216,dbscan_fusion,050,geometry_correct_any_exported,loss_given_comparator_available,57,25,0.43859649122807015,0.31772696899794417,0.5672199054576849
new216,dbscan_fusion,050,geometry_correct_any_exported,gain_given_comparator_unavailable,159,9,0.05660377358490566,0.030061978119632467,0.10406515988853232
new216,local_pairwise_crf,025,semantic_correct_any_match,retained,216,20,0.09259259259259259,0.060739603247452575,0.13868346761404426
new216,local_pairwise_crf,025,semantic_correct_any_match,lost,216,10,0.046296296296296294,0.02533874227528728,0.0831096775477433
new216,local_pairwise_crf,025,semantic_correct_any_match,gained,216,13,0.06018518518518518,0.035506381544409035,0.10023443359016142
new216,local_pairwise_crf,025,semantic_correct_any_match,neither,216,173,0.8009259259259259,0.74262301011857,0.8487122216314609
new216,local_pairwise_crf,025,semantic_correct_any_match,loss_given_comparator_available,30,10,0.3333333333333333,0.19230498083676142,0.5121994835545616
new216,local_pairwise_crf,025,semantic_correct_any_match,gain_given_comparator_unavailable,186,13,0.06989247311827956,0.04129721625374693,0.115894258180083
new216,local_pairwise_crf,025,geometry_correct_any_exposed,retained,216,70,0.32407407407407407,0.26520399240833203,0.3890923336454962
new216,local_pairwise_crf,025,geometry_correct_any_exposed,lost,216,24,0.1111111111111111,0.07581155896847121,0.16000137230841216
new216,local_pairwise_crf,025,geometry_correct_any_exposed,gained,216,22,0.10185185185185185,0.06822737600440477,0.1493906250647853
new216,local_pairwise_crf,025,geometry_correct_any_exposed,neither,216,100,0.46296296296296297,0.3976943483869414,0.5295259307822857
new216,local_pairwise_crf,025,geometry_correct_any_exposed,loss_given_comparator_available,94,24,0.2553191489361702,0.17799345615469597,0.3518581982007408
new216,local_pairwise_crf,025,geometry_correct_any_exposed,gain_given_comparator_unavailable,122,22,0.18032786885245902,0.12220920222640043,0.2579632724813291
new216,local_pairwise_crf,025,geometry_correct_any_exported,retained,216,90,0.4166666666666667,0.3529367960490268,0.4833088320817341
new216,local_pairwise_crf,025,geometry_correct_any_exported,lost,216,26,0.12037037037037036,0.08348209424344598,0.1705257672411306
new216,local_pairwise_crf,025,geometry_correct_any_exported,gained,216,14,0.06481481481481481,0.038997915670138064,0.10584036456827901
new216,local_pairwise_crf,025,geometry_correct_any_exported,neither,216,86,0.39814814814814814,0.33519504615136164,0.4646607215640126
new216,local_pairwise_crf,025,geometry_correct_any_exported,loss_given_comparator_available,116,26,0.22413793103448276,0.15779761353649716,0.30816349349778627
new216,local_pairwise_crf,025,geometry_correct_any_exported,gain_given_comparator_unavailable,100,14,0.14,0.08526343659939133,0.22137188210963832
new216,local_pairwise_crf,050,semantic_correct_any_match,retained,216,9,0.041666666666666664,0.022073333531039598,0.07727762118814435
new216,local_pairwise_crf,050,semantic_correct_any_match,lost,216,9,0.041666666666666664,0.022073333531039598,0.07727762118814435
new216,local_pairwise_crf,050,semantic_correct_any_match,gained,216,7,0.032407407407407406,0.01578513675400461,0.06537088775748608
new216,local_pairwise_crf,050,semantic_correct_any_match,neither,216,191,0.8842592592592593,0.8347261879943391,0.9203634156249312
new216,local_pairwise_crf,050,semantic_correct_any_match,loss_given_comparator_available,18,9,0.5,0.2903102150516998,0.7096897849483002
new216,local_pairwise_crf,050,semantic_correct_any_match,gain_given_comparator_unavailable,198,7,0.03535353535353535,0.01722886748813437,0.07116456231036696
new216,local_pairwise_crf,050,geometry_correct_any_exposed,retained,216,26,0.12037037037037036,0.08348209424344598,0.1705257672411306
new216,local_pairwise_crf,050,geometry_correct_any_exposed,lost,216,21,0.09722222222222222,0.0644707234643552,0.14404981250098828
new216,local_pairwise_crf,050,geometry_correct_any_exposed,gained,216,11,0.05092592592592592,0.028671012644013026,0.08887487228286417
new216,local_pairwise_crf,050,geometry_correct_any_exposed,neither,216,158,0.7314814814814815,0.668712746003192,0.7861605091891394
new216,local_pairwise_crf,050,geometry_correct_any_exposed,loss_given_comparator_available,47,21,0.44680851063829785,0.3141096626549528,0.5875454016178125
new216,local_pairwise_crf,050,geometry_correct_any_exposed,gain_given_comparator_unavailable,169,11,0.0650887573964497,0.03672990367085314,0.11277970471252713
new216,local_pairwise_crf,050,geometry_correct_any_exported,retained,216,30,0.1388888888888889,0.09905065490151628,0.19134706699844684
new216,local_pairwise_crf,050,geometry_correct_any_exported,lost,216,25,0.11574074074074074,0.07963658437506893,0.16527381200566105
new216,local_pairwise_crf,050,geometry_correct_any_exported,gained,216,11,0.05092592592592592,0.028671012644013026,0.08887487228286417
new216,local_pairwise_crf,050,geometry_correct_any_exported,neither,216,150,0.6944444444444444,0.6300604823374294,0.752033052024129
new216,local_pairwise_crf,050,geometry_correct_any_exported,loss_given_comparator_available,55,25,0.45454545454545453,0.33025280252016564,0.5847730975813876
new216,local_pairwise_crf,050,geometry_correct_any_exported,gain_given_comparator_unavailable,161,11,0.06832298136645963,0.03857558367179728,0.11818994731518037
combined,raw_proposals,025,semantic_correct_any_match,retained,253,46,0.18181818181818182,0.13916836220948034,0.23398579779551656
combined,raw_proposals,025,semantic_correct_any_match,lost,253,25,0.09881422924901186,0.06782967014090835,0.14179948812626167
combined,raw_proposals,025,semantic_correct_any_match,gained,253,2,0.007905138339920948,0.002170557751493111,0.028359789088533184
combined,raw_proposals,025,semantic_correct_any_match,neither,253,180,0.7114624505928854,0.652798936757317,0.7638004724319085
combined,raw_proposals,025,semantic_correct_any_match,loss_given_comparator_available,71,25,0.352112676056338,0.25122748121653293,0.4681793778839557
combined,raw_proposals,025,semantic_correct_any_match,gain_given_comparator_unavailable,182,2,0.01098901098901099,0.003018774375770715,0.03917557165688618
combined,raw_proposals,025,geometry_correct_any_exposed,retained,253,98,0.38735177865612647,0.3294364370773384,0.4486367748498964
combined,raw_proposals,025,geometry_correct_any_exposed,lost,253,26,0.10276679841897234,0.07109982130152778,0.14631624181030067
combined,raw_proposals,025,geometry_correct_any_exposed,gained,253,13,0.05138339920948617,0.030271406356936946,0.08591489377433201
combined,raw_proposals,025,geometry_correct_any_exposed,neither,253,116,0.45849802371541504,0.39817813717325484,0.5200593619578315
combined,raw_proposals,025,geometry_correct_any_exposed,loss_given_comparator_available,124,26,0.20967741935483872,0.14729885722962444,0.28950356458109167
combined,raw_proposals,025,geometry_correct_any_exposed,gain_given_comparator_unavailable,129,13,0.10077519379844961,0.059843350896576504,0.1647962991465123
combined,raw_proposals,025,geometry_correct_any_exported,retained,253,118,0.466403162055336,0.40589332260728495,0.5279179862131184
combined,raw_proposals,025,geometry_correct_any_exported,lost,253,29,0.11462450592885376,0.08100441472642902,0.15977236291937472
combined,raw_proposals,025,geometry_correct_any_exported,gained,253,11,0.043478260869565216,0.02444831863899727,0.07616417180295484
combined,raw_proposals,025,geometry_correct_any_exported,neither,253,95,0.37549407114624506,0.31810466772780455,0.43660782966545497
combined,raw_proposals,025,geometry_correct_any_exported,loss_given_comparator_available,147,29,0.19727891156462585,0.14101667134288656,0.2689598649766497
combined,raw_proposals,025,geometry_correct_any_exported,gain_given_comparator_unavailable,106,11,0.10377358490566038,0.0589395879382685,0.17632184338410567
combined,raw_proposals,050,semantic_correct_any_match,retained,253,21,0.08300395256916997,0.05492890288261026,0.12355263600592609
combined,raw_proposals,050,semantic_correct_any_match,lost,253,20,0.07905138339920949,0.05175403615863531,0.11894059788524261
combined,raw_proposals,050,semantic_correct_any_match,gained,253,2,0.007905138339920948,0.002170557751493111,0.028359789088533184
combined,raw_proposals,050,semantic_correct_any_match,neither,253,210,0.8300395256916996,0.7789043189797012,0.8713022355492771
combined,raw_proposals,050,semantic_correct_any_match,loss_given_comparator_available,41,20,0.4878048780487805,0.34254429554432664,0.6351549134845619
combined,raw_proposals,050,semantic_correct_any_match,gain_given_comparator_unavailable,212,2,0.009433962264150943,0.002590956728756897,0.03373875890390224
combined,raw_proposals,050,geometry_correct_any_exposed,retained,253,38,0.15019762845849802,0.11142492612420744,0.19943399512352206
combined,raw_proposals,050,geometry_correct_any_exposed,lost,253,26,0.10276679841897234,0.07109982130152778,0.14631624181030067
combined,raw_proposals,050,geometry_correct_any_exposed,gained,253,8,0.03162055335968379,0.016108022610114018,0.06114375329786283
combined,raw_proposals,050,geometry_correct_any_exposed,neither,253,181,0.7154150197628458,0.6569167871999148,0.7674695268339692
combined,raw_proposals,050,geometry_correct_any_exposed,loss_given_comparator_available,64,26,0.40625,0.29456909249719604,0.5285479187139548
combined,raw_proposals,050,geometry_correct_any_exposed,gain_given_comparator_unavailable,189,8,0.042328042328042326,0.021601819155109166,0.08128818666642379
combined,raw_proposals,050,geometry_correct_any_exported,retained,253,47,0.1857707509881423,0.1426749945383214,0.23826607031133396
combined,raw_proposals,050,geometry_correct_any_exported,lost,253,34,0.13438735177865613,0.09778716810376886,0.18192413376532696
combined,raw_proposals,050,geometry_correct_any_exported,gained,253,7,0.02766798418972332,0.013465695830667167,0.05599917523265124
combined,raw_proposals,050,geometry_correct_any_exported,neither,253,165,0.6521739130434783,0.5916058312528149,0.7081900052665345
combined,raw_proposals,050,geometry_correct_any_exported,loss_given_comparator_available,81,34,0.41975308641975306,0.3183096274829863,0.528463398574068
combined,raw_proposals,050,geometry_correct_any_exported,gain_given_comparator_unavailable,172,7,0.040697674418604654,0.0198514966955803,0.0816118268024754
combined,greedy_nms,025,semantic_correct_any_match,retained,253,36,0.1422924901185771,0.104584469139359,0.1907006424190537
combined,greedy_nms,025,semantic_correct_any_match,lost,253,12,0.04743083003952569,0.027337622829546115,0.08106177245706439
combined,greedy_nms,025,semantic_correct_any_match,gained,253,12,0.04743083003952569,0.027337622829546115,0.08106177245706439
combined,greedy_nms,025,semantic_correct_any_match,neither,253,193,0.7628458498023716,0.7067487661500373,0.8110804060197478
combined,greedy_nms,025,semantic_correct_any_match,loss_given_comparator_available,48,12,0.25,0.14920633673797912,0.3878437280950796
combined,greedy_nms,025,semantic_correct_any_match,gain_given_comparator_unavailable,205,12,0.05853658536585366,0.033799020143334406,0.09951482940508347
combined,greedy_nms,025,geometry_correct_any_exposed,retained,253,93,0.3675889328063241,0.31057080170429807,0.4285678859996447
combined,greedy_nms,025,geometry_correct_any_exposed,lost,253,30,0.11857707509881422,0.08433500088182949,0.1642286816086326
combined,greedy_nms,025,geometry_correct_any_exposed,gained,253,18,0.07114624505928854,0.04547402605907174,0.10964679829548934
combined,greedy_nms,025,geometry_correct_any_exposed,neither,253,112,0.4426877470355731,0.38279346734822417,0.5042964124042286
combined,greedy_nms,025,geometry_correct_any_exposed,loss_given_comparator_available,123,30,0.24390243902439024,0.17652373784947195,0.32679323291275975
combined,greedy_nms,025,geometry_correct_any_exposed,gain_given_comparator_unavailable,130,18,0.13846153846153847,0.08941196778600567,0.2082645456930447
combined,greedy_nms,025,geometry_correct_any_exported,retained,253,112,0.4426877470355731,0.38279346734822417,0.5042964124042286
combined,greedy_nms,025,geometry_correct_any_exported,lost,253,29,0.11462450592885376,0.08100441472642902,0.15977236291937472
combined,greedy_nms,025,geometry_correct_any_exported,gained,253,17,0.06719367588932806,0.04237223980290547,0.10496167970699719
combined,greedy_nms,025,geometry_correct_any_exported,neither,253,95,0.37549407114624506,0.31810466772780455,0.43660782966545497
combined,greedy_nms,025,geometry_correct_any_exported,loss_given_comparator_available,141,29,0.20567375886524822,0.14719363700480093,0.27976601477038937
combined,greedy_nms,025,geometry_correct_any_exported,gain_given_comparator_unavailable,112,17,0.15178571428571427,0.0969796964750848,0.22968624166082247
combined,greedy_nms,050,semantic_correct_any_match,retained,253,15,0.05928853754940711,0.03625531638129023,0.09550479343929555
combined,greedy_nms,050,semantic_correct_any_match,lost,253,12,0.04743083003952569,0.027337622829546115,0.08106177245706439
combined,greedy_nms,050,semantic_correct_any_match,gained,253,8,0.03162055335968379,0.016108022610114018,0.06114375329786283
combined,greedy_nms,050,semantic_correct_any_match,neither,253,218,0.8616600790513834,0.8136820323802799,0.8988197609059657
combined,greedy_nms,050,semantic_correct_any_match,loss_given_comparator_available,27,12,0.4444444444444444,0.27585858177023004,0.6268697548677551
combined,greedy_nms,050,semantic_correct_any_match,gain_given_comparator_unavailable,226,8,0.035398230088495575,0.01804397438708942,0.06828274370154319
combined,greedy_nms,050,geometry_correct_any_exposed,retained,253,32,0.12648221343873517,0.09103614533965214,0.17310134684012685
combined,greedy_nms,050,geometry_correct_any_exposed,lost,253,22,0.08695652173913043,0.05812508708379101,0.12814335664940374
combined,greedy_nms,050,geometry_correct_any_exposed,gained,253,14,0.05533596837944664,0.033245213408860746,0.09072799156706662
combined,greedy_nms,050,geometry_correct_any_exposed,neither,253,185,0.7312252964426877,0.6734398002631163,0.7820941331494013
combined,greedy_nms,050,geometry_correct_any_exposed,loss_given_comparator_available,54,22,0.4074074074074074,0.2867821208591458,0.5403315065650942
combined,greedy_nms,050,geometry_correct_any_exposed,gain_given_comparator_unavailable,199,14,0.07035175879396985,0.04236634404532921,0.11461073059127666
combined,greedy_nms,050,geometry_correct_any_exported,retained,253,36,0.1422924901185771,0.104584469139359,0.1907006424190537
combined,greedy_nms,050,geometry_correct_any_exported,lost,253,25,0.09881422924901186,0.06782967014090835,0.14179948812626167
combined,greedy_nms,050,geometry_correct_any_exported,gained,253,18,0.07114624505928854,0.04547402605907174,0.10964679829548934
combined,greedy_nms,050,geometry_correct_any_exported,neither,253,174,0.6877470355731226,0.6281955570788899,0.7416824230423852
combined,greedy_nms,050,geometry_correct_any_exported,loss_given_comparator_available,61,25,0.4098360655737705,0.2953533743182536,0.5350020772699307
combined,greedy_nms,050,geometry_correct_any_exported,gain_given_comparator_unavailable,192,18,0.09375,0.06012513639418232,0.1433121697850554
combined,dbscan_fusion,025,semantic_correct_any_match,retained,253,39,0.1541501976284585,0.11486047195798788,0.20378535413440008
combined,dbscan_fusion,025,semantic_correct_any_match,lost,253,14,0.05533596837944664,0.033245213408860746,0.09072799156706662
combined,dbscan_fusion,025,semantic_correct_any_match,gained,253,9,0.03557312252964427,0.018826008713348854,0.06621267203928641
combined,dbscan_fusion,025,semantic_correct_any_match,neither,253,191,0.7549407114624506,0.698387024726751,0.8038683377537172
combined,dbscan_fusion,025,semantic_correct_any_match,loss_given_comparator_available,53,14,0.2641509433962264,0.1643735391846366,0.39580664410618505
combined,dbscan_fusion,025,semantic_correct_any_match,gain_given_comparator_unavailable,200,9,0.045,0.023852543001492997,0.08329670400181957
combined,dbscan_fusion,025,geometry_correct_any_exposed,retained,253,93,0.3675889328063241,0.31057080170429807,0.4285678859996447
combined,dbscan_fusion,025,geometry_correct_any_exposed,lost,253,28,0.11067193675889328,0.07768792105855397,0.15530195174259132
combined,dbscan_fusion,025,geometry_correct_any_exposed,gained,253,18,0.07114624505928854,0.04547402605907174,0.10964679829548934
combined,dbscan_fusion,025,geometry_correct_any_exposed,neither,253,114,0.4505928853754941,0.3904781636530075,0.5121855257887621
combined,dbscan_fusion,025,geometry_correct_any_exposed,loss_given_comparator_available,121,28,0.23140495867768596,0.16523136602912739,0.31410826509968326
combined,dbscan_fusion,025,geometry_correct_any_exposed,gain_given_comparator_unavailable,132,18,0.13636363636363635,0.0880284588681822,0.20526534971262397
combined,dbscan_fusion,025,geometry_correct_any_exported,retained,253,118,0.466403162055336,0.40589332260728495,0.5279179862131184
combined,dbscan_fusion,025,geometry_correct_any_exported,lost,253,32,0.12648221343873517,0.09103614533965214,0.17310134684012685
combined,dbscan_fusion,025,geometry_correct_any_exported,gained,253,11,0.043478260869565216,0.02444831863899727,0.07616417180295484
combined,dbscan_fusion,025,geometry_correct_any_exported,neither,253,92,0.36363636363636365,0.30681014132874945,0.4245416415305349
combined,dbscan_fusion,025,geometry_correct_any_exported,loss_given_comparator_available,150,32,0.21333333333333335,0.15536236119471125,0.2856205789096527
combined,dbscan_fusion,025,geometry_correct_any_exported,gain_given_comparator_unavailable,103,11,0.10679611650485436,0.06068733848822653,0.18117999565274917
combined,dbscan_fusion,050,semantic_correct_any_match,retained,253,15,0.05928853754940711,0.03625531638129023,0.09550479343929555
combined,dbscan_fusion,050,semantic_correct_any_match,lost,253,13,0.05138339920948617,0.030271406356936946,0.08591489377433201
combined,dbscan_fusion,050,semantic_correct_any_match,gained,253,8,0.03162055335968379,0.016108022610114018,0.06114375329786283
combined,dbscan_fusion,050,semantic_correct_any_match,neither,253,217,0.857707509881423,0.8092993575809463,0.895415530860641
combined,dbscan_fusion,050,semantic_correct_any_match,loss_given_comparator_available,28,13,0.4642857142857143,0.2953156998279538,0.6418731076553209
combined,dbscan_fusion,050,semantic_correct_any_match,gain_given_comparator_unavailable,225,8,0.035555555555555556,0.018124653403947203,0.06857929841905115
combined,dbscan_fusion,050,geometry_correct_any_exposed,retained,253,35,0.1383399209486166,0.10118023909403426,0.18631796761972
combined,dbscan_fusion,050,geometry_correct_any_exposed,lost,253,21,0.08300395256916997,0.05492890288261026,0.12355263600592609
combined,dbscan_fusion,050,geometry_correct_any_exposed,gained,253,11,0.043478260869565216,0.02444831863899727,0.07616417180295484
combined,dbscan_fusion,050,geometry_correct_any_exposed,neither,253,186,0.7351778656126482,0.6775837960746508,0.7857370421825253
combined,dbscan_fusion,050,geometry_correct_any_exposed,loss_given_comparator_available,56,21,0.375,0.26010214326470893,0.5059463409149819
combined,dbscan_fusion,050,geometry_correct_any_exposed,gain_given_comparator_unavailable,197,11,0.05583756345177665,0.03146151783835433,0.09720444073628784
combined,dbscan_fusion,050,geometry_correct_any_exported,retained,253,42,0.16600790513833993,0.12522472204477295,0.21678181858159032
combined,dbscan_fusion,050,geometry_correct_any_exported,lost,253,27,0.1067193675889328,0.0743861581600436,0.15081680979644327
combined,dbscan_fusion,050,geometry_correct_any_exported,gained,253,12,0.04743083003952569,0.027337622829546115,0.08106177245706439
combined,dbscan_fusion,050,geometry_correct_any_exported,neither,253,172,0.6798418972332015,0.6200326622498162,0.7342715081821418
combined,dbscan_fusion,050,geometry_correct_any_exported,loss_given_comparator_available,69,27,0.391304347826087,0.2848132354273476,0.5092600815702724
combined,dbscan_fusion,050,geometry_correct_any_exported,gain_given_comparator_unavailable,184,12,0.06521739130434782,0.03769728667054058,0.11052057213170847
combined,local_pairwise_crf,025,semantic_correct_any_match,retained,253,33,0.13043478260869565,0.09440565926446334,0.17751873775997404
combined,local_pairwise_crf,025,semantic_correct_any_match,lost,253,10,0.039525691699604744,0.0216088952329519,0.07121669036434178
combined,local_pairwise_crf,025,semantic_correct_any_match,gained,253,15,0.05928853754940711,0.03625531638129023,0.09550479343929555
combined,local_pairwise_crf,025,semantic_correct_any_match,neither,253,195,0.7707509881422925,0.7151347638322827,0.8182682180268193
combined,local_pairwise_crf,025,semantic_correct_any_match,loss_given_comparator_available,43,10,0.23255813953488372,0.13153678479384484,0.37744520297809
combined,local_pairwise_crf,025,semantic_correct_any_match,gain_given_comparator_unavailable,210,15,0.07142857142857142,0.04376128147898464,0.11449361917182954
combined,local_pairwise_crf,025,geometry_correct_any_exposed,retained,253,86,0.33992094861660077,0.28433586312755277,0.400294490663781
combined,local_pairwise_crf,025,geometry_correct_any_exposed,lost,253,28,0.11067193675889328,0.07768792105855397,0.15530195174259132
combined,local_pairwise_crf,025,geometry_correct_any_exposed,gained,253,25,0.09881422924901186,0.06782967014090835,0.14179948812626167
combined,local_pairwise_crf,025,geometry_correct_any_exposed,neither,253,114,0.4505928853754941,0.3904781636530075,0.5121855257887621
combined,local_pairwise_crf,025,geometry_correct_any_exposed,loss_given_comparator_available,114,28,0.24561403508771928,0.17574733665555503,0.3320659526533292
combined,local_pairwise_crf,025,geometry_correct_any_exposed,gain_given_comparator_unavailable,139,25,0.17985611510791366,0.12489630273761013,0.25203529166930616
combined,local_pairwise_crf,025,geometry_correct_any_exported,retained,253,112,0.4426877470355731,0.38279346734822417,0.5042964124042286
combined,local_pairwise_crf,025,geometry_correct_any_exported,lost,253,28,0.11067193675889328,0.07768792105855397,0.15530195174259132
combined,local_pairwise_crf,025,geometry_correct_any_exported,gained,253,17,0.06719367588932806,0.04237223980290547,0.10496167970699719
combined,local_pairwise_crf,025,geometry_correct_any_exported,neither,253,96,0.3794466403162055,0.3218778199086613,0.4406215823292566
combined,local_pairwise_crf,025,geometry_correct_any_exported,loss_given_comparator_available,140,28,0.2,0.1421545753084462,0.2738691449132016
combined,local_pairwise_crf,025,geometry_correct_any_exported,gain_given_comparator_unavailable,113,17,0.1504424778761062,0.09610086711963496,0.227769265987535
combined,local_pairwise_crf,050,semantic_correct_any_match,retained,253,14,0.05533596837944664,0.033245213408860746,0.09072799156706662
combined,local_pairwise_crf,050,semantic_correct_any_match,lost,253,10,0.039525691699604744,0.0216088952329519,0.07121669036434178
combined,local_pairwise_crf,050,semantic_correct_any_match,gained,253,9,0.03557312252964427,0.018826008713348854,0.06621267203928641
combined,local_pairwise_crf,050,semantic_correct_any_match,neither,253,220,0.8695652173913043,0.8224812622400258,0.9055943407355366
combined,local_pairwise_crf,050,semantic_correct_any_match,loss_given_comparator_available,24,10,0.4166666666666667,0.24467602609811764,0.6116533413477123
combined,local_pairwise_crf,050,semantic_correct_any_match,gain_given_comparator_unavailable,229,9,0.039301310043668124,0.020812012028837656,0.07299198203355022
combined,local_pairwise_crf,050,geometry_correct_any_exposed,retained,253,33,0.13043478260869565,0.09440565926446334,0.17751873775997404
combined,local_pairwise_crf,050,geometry_correct_any_exposed,lost,253,23,0.09090909090909091,0.061341339186427535,0.13271400939142566
combined,local_pairwise_crf,050,geometry_correct_any_exposed,gained,253,13,0.05138339920948617,0.030271406356936946,0.08591489377433201
combined,local_pairwise_crf,050,geometry_correct_any_exposed,neither,253,184,0.7272727272727273,0.6693011721124994,0.7784458564553599
combined,local_pairwise_crf,050,geometry_correct_any_exposed,loss_given_comparator_available,56,23,0.4107142857142857,0.291667742878462,0.5412240315356028
combined,local_pairwise_crf,050,geometry_correct_any_exposed,gain_given_comparator_unavailable,197,13,0.06598984771573604,0.03896692995368453,0.10961523528210868
combined,local_pairwise_crf,050,geometry_correct_any_exported,retained,253,38,0.15019762845849802,0.11142492612420744,0.19943399512352206
combined,local_pairwise_crf,050,geometry_correct_any_exported,lost,253,27,0.1067193675889328,0.0743861581600436,0.15081680979644327
combined,local_pairwise_crf,050,geometry_correct_any_exported,gained,253,16,0.06324110671936758,0.03929855888084223,0.10024845578440199
combined,local_pairwise_crf,050,geometry_correct_any_exported,neither,253,172,0.6798418972332015,0.6200326622498162,0.7342715081821418
combined,local_pairwise_crf,050,geometry_correct_any_exported,loss_given_comparator_available,65,27,0.4153846153846154,0.3036024155742263,0.5366101512650264
combined,local_pairwise_crf,050,geometry_correct_any_exported,gain_given_comparator_unavailable,188,16,0.0851063829787234,0.05306373212766577,0.13376480348200961
