cohort,comparator,threshold,from_state,to_hpid_state,all_cohort_n,all_cohort_proportion,n,k,proportion,ci95_low,ci95_high
old37,raw_proposals,025,correct_unique,correct_unique,37,0.21621621621621623,9,8,0.8888888888888888,0.5650002944233441,0.9801091123614551
old37,raw_proposals,025,correct_unique,wrong_unique,37,0.02702702702702703,9,1,0.1111111111111111,0.019890887638544935,0.4349997055766559
old37,raw_proposals,025,correct_unique,ambiguous,37,0.0,9,0,0.0,0.0,0.299145048419544
old37,raw_proposals,025,correct_unique,unresolved,37,0.0,9,0,0.0,0.0,0.299145048419544
old37,raw_proposals,025,wrong_unique,correct_unique,37,0.02702702702702703,5,1,0.2,0.03622410863243014,0.6244653702374745
old37,raw_proposals,025,wrong_unique,wrong_unique,37,0.08108108108108109,5,3,0.6,0.23072428127601297,0.8823792257673521
old37,raw_proposals,025,wrong_unique,ambiguous,37,0.0,5,0,0.0,2.7755575615628914e-17,0.43448246478317465
old37,raw_proposals,025,wrong_unique,unresolved,37,0.02702702702702703,5,1,0.2,0.03622410863243014,0.6244653702374745
old37,raw_proposals,025,ambiguous,correct_unique,37,0.13513513513513514,13,5,0.38461538461538464,0.17709707797762575,0.644771084873343
old37,raw_proposals,025,ambiguous,wrong_unique,37,0.05405405405405406,13,2,0.15384615384615385,0.04325817835808124,0.42234631019482527
old37,raw_proposals,025,ambiguous,ambiguous,37,0.16216216216216217,13,6,0.46153846153846156,0.23206067809538308,0.7085620428549398
old37,raw_proposals,025,ambiguous,unresolved,37,0.0,13,0,0.0,0.0,0.2280953723541983
old37,raw_proposals,025,unresolved,correct_unique,37,0.0,10,0,0.0,2.7755575615628914e-17,0.27753279986288915
old37,raw_proposals,025,unresolved,wrong_unique,37,0.0,10,0,0.0,2.7755575615628914e-17,0.27753279986288915
old37,raw_proposals,025,unresolved,ambiguous,37,0.0,10,0,0.0,2.7755575615628914e-17,0.27753279986288915
old37,raw_proposals,025,unresolved,unresolved,37,0.2702702702702703,10,10,1.0,0.7224672001371109,1.0
old37,raw_proposals,050,correct_unique,correct_unique,37,0.05405405405405406,2,2,1.0,0.3423802275066532,1.0
old37,raw_proposals,050,correct_unique,wrong_unique,37,0.0,2,0,0.0,0.0,0.6576197724933468
old37,raw_proposals,050,correct_unique,ambiguous,37,0.0,2,0,0.0,0.0,0.6576197724933468
old37,raw_proposals,050,correct_unique,unresolved,37,0.0,2,0,0.0,0.0,0.6576197724933468
old37,raw_proposals,050,wrong_unique,correct_unique,37,0.0,12,0,0.0,0.0,0.2424940066552408
old37,raw_proposals,050,wrong_unique,wrong_unique,37,0.2972972972972973,12,11,0.9166666666666666,0.6461200888588832,0.9851349055950829
old37,raw_proposals,050,wrong_unique,ambiguous,37,0.0,12,0,0.0,0.0,0.2424940066552408
old37,raw_proposals,050,wrong_unique,unresolved,37,0.02702702702702703,12,1,0.08333333333333333,0.014865094404917123,0.3538799111411169
old37,raw_proposals,050,ambiguous,correct_unique,37,0.13513513513513514,13,5,0.38461538461538464,0.17709707797762575,0.644771084873343
old37,raw_proposals,050,ambiguous,wrong_unique,37,0.05405405405405406,13,2,0.15384615384615385,0.04325817835808124,0.42234631019482527
old37,raw_proposals,050,ambiguous,ambiguous,37,0.16216216216216217,13,6,0.46153846153846156,0.23206067809538308,0.7085620428549398
old37,raw_proposals,050,ambiguous,unresolved,37,0.0,13,0,0.0,0.0,0.2280953723541983
old37,raw_proposals,050,unresolved,correct_unique,37,0.0,10,0,0.0,2.7755575615628914e-17,0.27753279986288915
old37,raw_proposals,050,unresolved,wrong_unique,37,0.0,10,0,0.0,2.7755575615628914e-17,0.27753279986288915
old37,raw_proposals,050,unresolved,ambiguous,37,0.0,10,0,0.0,2.7755575615628914e-17,0.27753279986288915
old37,raw_proposals,050,unresolved,unresolved,37,0.2702702702702703,10,10,1.0,0.7224672001371109,1.0
old37,greedy_nms,025,correct_unique,correct_unique,37,0.24324324324324326,9,9,1.0,0.7008549515804562,1.0
old37,greedy_nms,025,correct_unique,wrong_unique,37,0.0,9,0,0.0,0.0,0.299145048419544
old37,greedy_nms,025,correct_unique,ambiguous,37,0.0,9,0,0.0,0.0,0.299145048419544
old37,greedy_nms,025,correct_unique,unresolved,37,0.0,9,0,0.0,0.0,0.299145048419544
old37,greedy_nms,025,wrong_unique,correct_unique,37,0.05405405405405406,4,2,0.5,0.15003898915214958,0.8499610108478504
old37,greedy_nms,025,wrong_unique,wrong_unique,37,0.05405405405405406,4,2,0.5,0.15003898915214958,0.8499610108478504
old37,greedy_nms,025,wrong_unique,ambiguous,37,0.0,4,0,0.0,0.0,0.4898908364545972
old37,greedy_nms,025,wrong_unique,unresolved,37,0.0,4,0,0.0,0.0,0.4898908364545972
old37,greedy_nms,025,ambiguous,correct_unique,37,0.02702702702702703,8,1,0.125,0.02241749145005667,0.47088818221285345
old37,greedy_nms,025,ambiguous,wrong_unique,37,0.02702702702702703,8,1,0.125,0.02241749145005667,0.47088818221285345
old37,greedy_nms,025,ambiguous,ambiguous,37,0.16216216216216217,8,6,0.75,0.409275430310169,0.928520787247891
old37,greedy_nms,025,ambiguous,unresolved,37,0.0,8,0,0.0,0.0,0.3244075648838801
old37,greedy_nms,025,unresolved,correct_unique,37,0.05405405405405406,16,2,0.125,0.03497748774324047,0.36022827265758683
old37,greedy_nms,025,unresolved,wrong_unique,37,0.08108108108108109,16,3,0.1875,0.06591599071428145,0.4300888096197414
old37,greedy_nms,025,unresolved,ambiguous,37,0.0,16,0,0.0,0.0,0.19360768053443644
old37,greedy_nms,025,unresolved,unresolved,37,0.2972972972972973,16,11,0.6875,0.44404355834740666,0.8583535614521796
old37,greedy_nms,050,correct_unique,correct_unique,37,0.10810810810810811,5,4,0.8,0.3755346297625255,0.9637758913675698
old37,greedy_nms,050,correct_unique,wrong_unique,37,0.02702702702702703,5,1,0.2,0.03622410863243014,0.6244653702374745
old37,greedy_nms,050,correct_unique,ambiguous,37,0.0,5,0,0.0,2.7755575615628914e-17,0.43448246478317465
old37,greedy_nms,050,correct_unique,unresolved,37,0.0,5,0,0.0,2.7755575615628914e-17,0.43448246478317465
old37,greedy_nms,050,wrong_unique,correct_unique,37,0.05405405405405406,8,2,0.25,0.07147921275210906,0.5907245696898311
old37,greedy_nms,050,wrong_unique,wrong_unique,37,0.16216216216216217,8,6,0.75,0.409275430310169,0.928520787247891
old37,greedy_nms,050,wrong_unique,ambiguous,37,0.0,8,0,0.0,0.0,0.3244075648838801
old37,greedy_nms,050,wrong_unique,unresolved,37,0.0,8,0,0.0,0.0,0.3244075648838801
old37,greedy_nms,050,ambiguous,correct_unique,37,0.02702702702702703,8,1,0.125,0.02241749145005667,0.47088818221285345
old37,greedy_nms,050,ambiguous,wrong_unique,37,0.02702702702702703,8,1,0.125,0.02241749145005667,0.47088818221285345
old37,greedy_nms,050,ambiguous,ambiguous,37,0.16216216216216217,8,6,0.75,0.409275430310169,0.928520787247891
old37,greedy_nms,050,ambiguous,unresolved,37,0.0,8,0,0.0,0.0,0.3244075648838801
old37,greedy_nms,050,unresolved,correct_unique,37,0.0,16,0,0.0,0.0,0.19360768053443644
old37,greedy_nms,050,unresolved,wrong_unique,37,0.13513513513513514,16,5,0.3125,0.14164643854782039,0.5559564416525933
old37,greedy_nms,050,unresolved,ambiguous,37,0.0,16,0,0.0,0.0,0.19360768053443644
old37,greedy_nms,050,unresolved,unresolved,37,0.2972972972972973,16,11,0.6875,0.44404355834740666,0.8583535614521796
old37,dbscan_fusion,025,correct_unique,correct_unique,37,0.35135135135135137,14,13,0.9285714285714286,0.6853129557584889,0.987277784752109
old37,dbscan_fusion,025,correct_unique,wrong_unique,37,0.02702702702702703,14,1,0.07142857142857142,0.012722215247890939,0.31468704424151117
old37,dbscan_fusion,025,correct_unique,ambiguous,37,0.0,14,0,0.0,0.0,0.21531080273763575
old37,dbscan_fusion,025,correct_unique,unresolved,37,0.0,14,0,0.0,0.0,0.21531080273763575
old37,dbscan_fusion,025,wrong_unique,correct_unique,37,0.02702702702702703,5,1,0.2,0.03622410863243014,0.6244653702374745
old37,dbscan_fusion,025,wrong_unique,wrong_unique,37,0.08108108108108109,5,3,0.6,0.23072428127601297,0.8823792257673521
old37,dbscan_fusion,025,wrong_unique,ambiguous,37,0.0,5,0,0.0,2.7755575615628914e-17,0.43448246478317465
old37,dbscan_fusion,025,wrong_unique,unresolved,37,0.02702702702702703,5,1,0.2,0.03622410863243014,0.6244653702374745
old37,dbscan_fusion,025,ambiguous,correct_unique,37,0.0,7,0,0.0,0.0,0.3543304350666873
old37,dbscan_fusion,025,ambiguous,wrong_unique,37,0.02702702702702703,7,1,0.14285714285714285,0.02567962434474355,0.5131278292743188
old37,dbscan_fusion,025,ambiguous,ambiguous,37,0.16216216216216217,7,6,0.8571428571428571,0.48687217072568123,0.9743203756552564
old37,dbscan_fusion,025,ambiguous,unresolved,37,0.0,7,0,0.0,0.0,0.3543304350666873
old37,dbscan_fusion,025,unresolved,correct_unique,37,0.0,11,0,0.0,0.0,0.25883296696803165
old37,dbscan_fusion,025,unresolved,wrong_unique,37,0.02702702702702703,11,1,0.09090909090909091,0.016232172885884827,0.3773584364515956
old37,dbscan_fusion,025,unresolved,ambiguous,37,0.0,11,0,0.0,0.0,0.25883296696803165
old37,dbscan_fusion,025,unresolved,unresolved,37,0.2702702702702703,11,10,0.9090909090909091,0.6226415635484045,0.9837678271141154
old37,dbscan_fusion,050,correct_unique,correct_unique,37,0.13513513513513514,6,5,0.8333333333333334,0.4364971778135299,0.9699466302516934
old37,dbscan_fusion,050,correct_unique,wrong_unique,37,0.02702702702702703,6,1,0.16666666666666666,0.030053369748306635,0.5635028221864702
old37,dbscan_fusion,050,correct_unique,ambiguous,37,0.0,6,0,0.0,0.0,0.39033428790216523
old37,dbscan_fusion,050,correct_unique,unresolved,37,0.0,6,0,0.0,0.0,0.39033428790216523
old37,dbscan_fusion,050,wrong_unique,correct_unique,37,0.05405405405405406,13,2,0.15384615384615385,0.04325817835808124,0.42234631019482527
old37,dbscan_fusion,050,wrong_unique,wrong_unique,37,0.2702702702702703,13,10,0.7692307692307693,0.49743624053272506,0.9182047128150144
old37,dbscan_fusion,050,wrong_unique,ambiguous,37,0.0,13,0,0.0,0.0,0.2280953723541983
old37,dbscan_fusion,050,wrong_unique,unresolved,37,0.02702702702702703,13,1,0.07692307692307693,0.013710421242556586,0.3331395092109958
old37,dbscan_fusion,050,ambiguous,correct_unique,37,0.0,7,0,0.0,0.0,0.3543304350666873
old37,dbscan_fusion,050,ambiguous,wrong_unique,37,0.02702702702702703,7,1,0.14285714285714285,0.02567962434474355,0.5131278292743188
old37,dbscan_fusion,050,ambiguous,ambiguous,37,0.16216216216216217,7,6,0.8571428571428571,0.48687217072568123,0.9743203756552564
old37,dbscan_fusion,050,ambiguous,unresolved,37,0.0,7,0,0.0,0.0,0.3543304350666873
old37,dbscan_fusion,050,unresolved,correct_unique,37,0.0,11,0,0.0,0.0,0.25883296696803165
old37,dbscan_fusion,050,unresolved,wrong_unique,37,0.02702702702702703,11,1,0.09090909090909091,0.016232172885884827,0.3773584364515956
old37,dbscan_fusion,050,unresolved,ambiguous,37,0.0,11,0,0.0,0.0,0.25883296696803165
old37,dbscan_fusion,050,unresolved,unresolved,37,0.2702702702702703,11,10,0.9090909090909091,0.6226415635484045,0.9837678271141154
old37,local_pairwise_crf,025,correct_unique,correct_unique,37,0.16216216216216217,6,6,1.0,0.6096657120978348,1.0
old37,local_pairwise_crf,025,correct_unique,wrong_unique,37,0.0,6,0,0.0,0.0,0.39033428790216523
old37,local_pairwise_crf,025,correct_unique,ambiguous,37,0.0,6,0,0.0,0.0,0.39033428790216523
old37,local_pairwise_crf,025,correct_unique,unresolved,37,0.0,6,0,0.0,0.0,0.39033428790216523
old37,local_pairwise_crf,025,wrong_unique,correct_unique,37,0.0,3,0,0.0,0.0,0.5614970317550454
old37,local_pairwise_crf,025,wrong_unique,wrong_unique,37,0.02702702702702703,3,1,0.3333333333333333,0.06149194472039632,0.7923403991979523
old37,local_pairwise_crf,025,wrong_unique,ambiguous,37,0.02702702702702703,3,1,0.3333333333333333,0.06149194472039632,0.7923403991979523
old37,local_pairwise_crf,025,wrong_unique,unresolved,37,0.02702702702702703,3,1,0.3333333333333333,0.06149194472039632,0.7923403991979523
old37,local_pairwise_crf,025,ambiguous,correct_unique,37,0.21621621621621623,14,8,0.5714285714285714,0.3259064457965074,0.7861920109552588
old37,local_pairwise_crf,025,ambiguous,wrong_unique,37,0.02702702702702703,14,1,0.07142857142857142,0.012722215247890939,0.31468704424151117
old37,local_pairwise_crf,025,ambiguous,ambiguous,37,0.13513513513513514,14,5,0.35714285714285715,0.1634473175355414,0.612355768960926
old37,local_pairwise_crf,025,ambiguous,unresolved,37,0.0,14,0,0.0,0.0,0.21531080273763575
old37,local_pairwise_crf,025,unresolved,correct_unique,37,0.0,14,0,0.0,0.0,0.21531080273763575
old37,local_pairwise_crf,025,unresolved,wrong_unique,37,0.10810810810810811,14,4,0.2857142857142857,0.11721378644576921,0.5464908432989318
old37,local_pairwise_crf,025,unresolved,ambiguous,37,0.0,14,0,0.0,0.0,0.21531080273763575
old37,local_pairwise_crf,025,unresolved,unresolved,37,0.2702702702702703,14,10,0.7142857142857143,0.4535091567010683,0.8827862135542308
old37,local_pairwise_crf,050,correct_unique,correct_unique,37,0.08108108108108109,3,3,1.0,0.4385029682449546,1.0
old37,local_pairwise_crf,050,correct_unique,wrong_unique,37,0.0,3,0,0.0,0.0,0.5614970317550454
old37,local_pairwise_crf,050,correct_unique,ambiguous,37,0.0,3,0,0.0,0.0,0.5614970317550454
old37,local_pairwise_crf,050,correct_unique,unresolved,37,0.0,3,0,0.0,0.0,0.5614970317550454
old37,local_pairwise_crf,050,wrong_unique,correct_unique,37,0.02702702702702703,6,1,0.16666666666666666,0.030053369748306635,0.5635028221864702
old37,local_pairwise_crf,050,wrong_unique,wrong_unique,37,0.08108108108108109,6,3,0.5,0.18761630648265054,0.8123836935173494
old37,local_pairwise_crf,050,wrong_unique,ambiguous,37,0.02702702702702703,6,1,0.16666666666666666,0.030053369748306635,0.5635028221864702
old37,local_pairwise_crf,050,wrong_unique,unresolved,37,0.02702702702702703,6,1,0.16666666666666666,0.030053369748306635,0.5635028221864702
old37,local_pairwise_crf,050,ambiguous,correct_unique,37,0.08108108108108109,14,3,0.21428571428571427,0.07571386712693184,0.47589230586600284
old37,local_pairwise_crf,050,ambiguous,wrong_unique,37,0.16216216216216217,14,6,0.42857142857142855,0.21380798904474121,0.6740935542034925
old37,local_pairwise_crf,050,ambiguous,ambiguous,37,0.13513513513513514,14,5,0.35714285714285715,0.1634473175355414,0.612355768960926
old37,local_pairwise_crf,050,ambiguous,unresolved,37,0.0,14,0,0.0,0.0,0.21531080273763575
old37,local_pairwise_crf,050,unresolved,correct_unique,37,0.0,14,0,0.0,0.0,0.21531080273763575
old37,local_pairwise_crf,050,unresolved,wrong_unique,37,0.10810810810810811,14,4,0.2857142857142857,0.11721378644576921,0.5464908432989318
old37,local_pairwise_crf,050,unresolved,ambiguous,37,0.0,14,0,0.0,0.0,0.21531080273763575
old37,local_pairwise_crf,050,unresolved,unresolved,37,0.2702702702702703,14,10,0.7142857142857143,0.4535091567010683,0.8827862135542308
new216,raw_proposals,025,correct_unique,correct_unique,216,0.05555555555555555,29,12,0.41379310344827586,0.255131773413224,0.592621640121214
new216,raw_proposals,025,correct_unique,wrong_unique,216,0.018518518518518517,29,4,0.13793103448275862,0.054974399641119664,0.3055899372035202
new216,raw_proposals,025,correct_unique,ambiguous,216,0.0,29,0,0.0,0.0,0.11696979849974071
new216,raw_proposals,025,correct_unique,unresolved,216,0.06018518518518518,29,13,0.4482758620689655,0.28413168023037205,0.6245203678902908
new216,raw_proposals,025,wrong_unique,correct_unique,216,0.004629629629629629,34,1,0.029411764705882353,0.0052109062762689395,0.14915573292685927
new216,raw_proposals,025,wrong_unique,wrong_unique,216,0.10185185185185185,34,22,0.6470588235294118,0.4791396311978175,0.785120794051205
new216,raw_proposals,025,wrong_unique,ambiguous,216,0.0,34,0,0.0,6.938893903907228e-18,0.10151455415332375
new216,raw_proposals,025,wrong_unique,unresolved,216,0.05092592592592592,34,11,0.3235294117647059,0.19131643564025516,0.49157105406091806
new216,raw_proposals,025,ambiguous,correct_unique,216,0.027777777777777776,44,6,0.13636363636363635,0.06402954497555874,0.26709453048515436
new216,raw_proposals,025,ambiguous,wrong_unique,216,0.018518518518518517,44,4,0.09090909090909091,0.03592219322731627,0.2115923916659861
new216,raw_proposals,025,ambiguous,ambiguous,216,0.1111111111111111,44,24,0.5454545454545454,0.4006618319896198,0.6829476585777909
new216,raw_proposals,025,ambiguous,unresolved,216,0.046296296296296294,44,10,0.22727272727272727,0.12841947594917152,0.3699235806463633
new216,raw_proposals,025,unresolved,correct_unique,216,0.0,109,0,0.0,0.0,0.03404297375132512
new216,raw_proposals,025,unresolved,wrong_unique,216,0.0,109,0,0.0,0.0,0.03404297375132512
new216,raw_proposals,025,unresolved,ambiguous,216,0.0,109,0,0.0,0.0,0.03404297375132512
new216,raw_proposals,025,unresolved,unresolved,216,0.5046296296296297,109,109,1.0,0.9659570262486751,1.0
new216,raw_proposals,050,correct_unique,correct_unique,216,0.018518518518518517,17,4,0.23529411764705882,0.09555044322080117,0.4726179811956497
new216,raw_proposals,050,correct_unique,wrong_unique,216,0.023148148148148147,17,5,0.29411764705882354,0.1327998961029523,0.5313311006653983
new216,raw_proposals,050,correct_unique,ambiguous,216,0.0,17,0,0.0,1.3877787807814457e-17,0.18431813500885175
new216,raw_proposals,050,correct_unique,unresolved,216,0.037037037037037035,17,8,0.47058823529411764,0.26165106442409447,0.6903676493999557
new216,raw_proposals,050,wrong_unique,correct_unique,216,0.004629629629629629,46,1,0.021739130434782608,0.0038478542580502872,0.11335294521511351
new216,raw_proposals,050,wrong_unique,wrong_unique,216,0.13425925925925927,46,29,0.6304347826086957,0.48600096423389705,0.7547624540916037
new216,raw_proposals,050,wrong_unique,ambiguous,216,0.0,46,0,0.0,0.0,0.07707356308558035
new216,raw_proposals,050,wrong_unique,unresolved,216,0.07407407407407407,46,16,0.34782608695652173,0.2268099337075434,0.4922994115793723
new216,raw_proposals,050,ambiguous,correct_unique,216,0.023148148148148147,44,5,0.11363636363636363,0.04952780601092492,0.2397915241660828
new216,raw_proposals,050,ambiguous,wrong_unique,216,0.023148148148148147,44,5,0.11363636363636363,0.04952780601092492,0.2397915241660828
new216,raw_proposals,050,ambiguous,ambiguous,216,0.1111111111111111,44,24,0.5454545454545454,0.4006618319896198,0.6829476585777909
new216,raw_proposals,050,ambiguous,unresolved,216,0.046296296296296294,44,10,0.22727272727272727,0.12841947594917152,0.3699235806463633
new216,raw_proposals,050,unresolved,correct_unique,216,0.0,109,0,0.0,0.0,0.03404297375132512
new216,raw_proposals,050,unresolved,wrong_unique,216,0.0,109,0,0.0,0.0,0.03404297375132512
new216,raw_proposals,050,unresolved,ambiguous,216,0.0,109,0,0.0,0.0,0.03404297375132512
new216,raw_proposals,050,unresolved,unresolved,216,0.5046296296296297,109,109,1.0,0.9659570262486751,1.0
new216,greedy_nms,025,correct_unique,correct_unique,216,0.06944444444444445,25,15,0.6,0.40739457358967,0.7659669762225203
new216,greedy_nms,025,correct_unique,wrong_unique,216,0.018518518518518517,25,4,0.16,0.0640345145667644,0.3465362160717885
new216,greedy_nms,025,correct_unique,ambiguous,216,0.0,25,0,0.0,0.0,0.13319225093904843
new216,greedy_nms,025,correct_unique,unresolved,216,0.027777777777777776,25,6,0.24,0.11496313693401444,0.4342968335542908
new216,greedy_nms,025,wrong_unique,correct_unique,216,0.009259259259259259,34,2,0.058823529411764705,0.016282655210122732,0.19093606904281
new216,greedy_nms,025,wrong_unique,wrong_unique,216,0.08796296296296297,34,19,0.5588235294117647,0.3945389925620307,0.7111651775375785
new216,greedy_nms,025,wrong_unique,ambiguous,216,0.013888888888888888,34,3,0.08823529411764706,0.03046594367464857,0.22960486562808868
new216,greedy_nms,025,wrong_unique,unresolved,216,0.046296296296296294,34,10,0.29411764705882354,0.1683463067042243,0.46168909794714436
new216,greedy_nms,025,ambiguous,correct_unique,216,0.004629629629629629,26,1,0.038461538461538464,0.006821984993543487,0.18892778903034751
new216,greedy_nms,025,ambiguous,wrong_unique,216,0.0,26,0,0.0,0.0,0.12872892185921525
new216,greedy_nms,025,ambiguous,ambiguous,216,0.09722222222222222,26,21,0.8076923076923077,0.6212374288068302,0.9149293885105759
new216,greedy_nms,025,ambiguous,unresolved,216,0.018518518518518517,26,4,0.15384615384615385,0.061500337235783575,0.33531199328213473
new216,greedy_nms,025,unresolved,correct_unique,216,0.004629629629629629,131,1,0.007633587786259542,0.0013487890456915057,0.04197215150021154
new216,greedy_nms,025,unresolved,wrong_unique,216,0.032407407407407406,131,7,0.05343511450381679,0.02612213722331428,0.10619220420203965
new216,greedy_nms,025,unresolved,ambiguous,216,0.0,131,0,0.0,0.0,0.028488707065994563
new216,greedy_nms,025,unresolved,unresolved,216,0.5694444444444444,131,123,0.9389312977099237,0.8841196490252834,0.9687337760694541
new216,greedy_nms,050,correct_unique,correct_unique,216,0.037037037037037035,16,8,0.5,0.27999563610326017,0.7200043638967398
new216,greedy_nms,050,correct_unique,wrong_unique,216,0.018518518518518517,16,4,0.25,0.10182067491213048,0.49498316535508774
new216,greedy_nms,050,correct_unique,ambiguous,216,0.0,16,0,0.0,0.0,0.19360768053443644
new216,greedy_nms,050,correct_unique,unresolved,216,0.018518518518518517,16,4,0.25,0.10182067491213048,0.49498316535508774
new216,greedy_nms,050,wrong_unique,correct_unique,216,0.004629629629629629,43,1,0.023255813953488372,0.0041170872743337555,0.12058993440607173
new216,greedy_nms,050,wrong_unique,wrong_unique,216,0.125,43,27,0.627906976744186,0.4785980915968848,0.7562366099034943
new216,greedy_nms,050,wrong_unique,ambiguous,216,0.013888888888888888,43,3,0.06976744186046512,0.0240115895772145,0.1860898690124197
new216,greedy_nms,050,wrong_unique,unresolved,216,0.05555555555555555,43,12,0.27906976744186046,0.16746613786237485,0.4269102868187886
new216,greedy_nms,050,ambiguous,correct_unique,216,0.004629629629629629,26,1,0.038461538461538464,0.006821984993543487,0.18892778903034751
new216,greedy_nms,050,ambiguous,wrong_unique,216,0.0,26,0,0.0,0.0,0.12872892185921525
new216,greedy_nms,050,ambiguous,ambiguous,216,0.09722222222222222,26,21,0.8076923076923077,0.6212374288068302,0.9149293885105759
new216,greedy_nms,050,ambiguous,unresolved,216,0.018518518518518517,26,4,0.15384615384615385,0.061500337235783575,0.33531199328213473
new216,greedy_nms,050,unresolved,correct_unique,216,0.0,131,0,0.0,0.0,0.028488707065994563
new216,greedy_nms,050,unresolved,wrong_unique,216,0.037037037037037035,131,8,0.061068702290076333,0.03126622393054586,0.11588035097471654
new216,greedy_nms,050,unresolved,ambiguous,216,0.0,131,0,0.0,0.0,0.028488707065994563
new216,greedy_nms,050,unresolved,unresolved,216,0.5694444444444444,131,123,0.9389312977099237,0.8841196490252834,0.9687337760694541
new216,dbscan_fusion,025,correct_unique,correct_unique,216,0.06481481481481481,25,14,0.56,0.3706733186979878,0.7333436111893266
new216,dbscan_fusion,025,correct_unique,wrong_unique,216,0.013888888888888888,25,3,0.12,0.041668171504403634,0.2995579392092732
new216,dbscan_fusion,025,correct_unique,ambiguous,216,0.0,25,0,0.0,0.0,0.13319225093904843
new216,dbscan_fusion,025,correct_unique,unresolved,216,0.037037037037037035,25,8,0.32,0.1720519030690799,0.5158973072689776
new216,dbscan_fusion,025,wrong_unique,correct_unique,216,0.018518518518518517,40,4,0.1,0.03957952868260638,0.23051775227522292
new216,dbscan_fusion,025,wrong_unique,wrong_unique,216,0.10185185185185185,40,22,0.55,0.3982909179893206,0.6929469218909508
new216,dbscan_fusion,025,wrong_unique,ambiguous,216,0.009259259259259259,40,2,0.05,0.013820667386148358,0.16503877369140957
new216,dbscan_fusion,025,wrong_unique,unresolved,216,0.05555555555555555,40,12,0.3,0.1807484522974653,0.45430018818144935
new216,dbscan_fusion,025,ambiguous,correct_unique,216,0.004629629629629629,28,1,0.03571428571428571,0.0063325198490377516,0.17712197743353314
new216,dbscan_fusion,025,ambiguous,wrong_unique,216,0.004629629629629629,28,1,0.03571428571428571,0.0063325198490377516,0.17712197743353314
new216,dbscan_fusion,025,ambiguous,ambiguous,216,0.10185185185185185,28,22,0.7857142857142857,0.6046141434627813,0.8978753966710212
new216,dbscan_fusion,025,ambiguous,unresolved,216,0.018518518518518517,28,4,0.14285714285714285,0.056990053197493895,0.31489802163525293
new216,dbscan_fusion,025,unresolved,correct_unique,216,0.0,123,0,0.0,0.0,0.030285514345309558
new216,dbscan_fusion,025,unresolved,wrong_unique,216,0.018518518518518517,123,4,0.032520325203252036,0.012717758499415699,0.08063861670148348
new216,dbscan_fusion,025,unresolved,ambiguous,216,0.0,123,0,0.0,0.0,0.030285514345309558
new216,dbscan_fusion,025,unresolved,unresolved,216,0.5509259259259259,123,119,0.967479674796748,0.9193613832985165,0.9872822415005843
new216,dbscan_fusion,050,correct_unique,correct_unique,216,0.037037037037037035,17,8,0.47058823529411764,0.26165106442409447,0.6903676493999557
new216,dbscan_fusion,050,correct_unique,wrong_unique,216,0.018518518518518517,17,4,0.23529411764705882,0.09555044322080117,0.4726179811956497
new216,dbscan_fusion,050,correct_unique,ambiguous,216,0.0,17,0,0.0,1.3877787807814457e-17,0.18431813500885175
new216,dbscan_fusion,050,correct_unique,unresolved,216,0.023148148148148147,17,5,0.29411764705882354,0.1327998961029523,0.5313311006653983
new216,dbscan_fusion,050,wrong_unique,correct_unique,216,0.004629629629629629,48,1,0.020833333333333332,0.003687110977510656,0.10899217995251859
new216,dbscan_fusion,050,wrong_unique,wrong_unique,216,0.1388888888888889,48,30,0.625,0.4836276351921527,0.747847332391318
new216,dbscan_fusion,050,wrong_unique,ambiguous,216,0.009259259259259259,48,2,0.041666666666666664,0.011501893489386586,0.1397565587045544
new216,dbscan_fusion,050,wrong_unique,unresolved,216,0.06944444444444445,48,15,0.3125,0.19945683446587817,0.4533307141589159
new216,dbscan_fusion,050,ambiguous,correct_unique,216,0.004629629629629629,28,1,0.03571428571428571,0.0063325198490377516,0.17712197743353314
new216,dbscan_fusion,050,ambiguous,wrong_unique,216,0.004629629629629629,28,1,0.03571428571428571,0.0063325198490377516,0.17712197743353314
new216,dbscan_fusion,050,ambiguous,ambiguous,216,0.10185185185185185,28,22,0.7857142857142857,0.6046141434627813,0.8978753966710212
new216,dbscan_fusion,050,ambiguous,unresolved,216,0.018518518518518517,28,4,0.14285714285714285,0.056990053197493895,0.31489802163525293
new216,dbscan_fusion,050,unresolved,correct_unique,216,0.0,123,0,0.0,0.0,0.030285514345309558
new216,dbscan_fusion,050,unresolved,wrong_unique,216,0.018518518518518517,123,4,0.032520325203252036,0.012717758499415699,0.08063861670148348
new216,dbscan_fusion,050,unresolved,ambiguous,216,0.0,123,0,0.0,0.0,0.030285514345309558
new216,dbscan_fusion,050,unresolved,unresolved,216,0.5509259259259259,123,119,0.967479674796748,0.9193613832985165,0.9872822415005843
new216,local_pairwise_crf,025,correct_unique,correct_unique,216,0.046296296296296294,21,10,0.47619047619047616,0.2834400610153418,0.6763046541715556
new216,local_pairwise_crf,025,correct_unique,wrong_unique,216,0.013888888888888888,21,3,0.14285714285714285,0.04981012499725268,0.3463606028062094
new216,local_pairwise_crf,025,correct_unique,ambiguous,216,0.009259259259259259,21,2,0.09523809523809523,0.02651876743807452,0.2891413907391825
new216,local_pairwise_crf,025,correct_unique,unresolved,216,0.027777777777777776,21,6,0.2857142857142857,0.13813862952122136,0.4995638071608559
new216,local_pairwise_crf,025,wrong_unique,correct_unique,216,0.013888888888888888,33,3,0.09090909090909091,0.03140394152458163,0.23572605646469724
new216,local_pairwise_crf,025,wrong_unique,wrong_unique,216,0.06944444444444445,33,15,0.45454545454545453,0.2984293851387611,0.6201406146378252
new216,local_pairwise_crf,025,wrong_unique,ambiguous,216,0.027777777777777776,33,6,0.18181818181818182,0.08610768208940667,0.3438823163466992
new216,local_pairwise_crf,025,wrong_unique,unresolved,216,0.041666666666666664,33,9,0.2727272727272727,0.15067440885420644,0.4421755900287262
new216,local_pairwise_crf,025,ambiguous,correct_unique,216,0.023148148148148147,31,5,0.16129032258064516,0.07092624443365303,0.32634353958793255
new216,local_pairwise_crf,025,ambiguous,wrong_unique,216,0.027777777777777776,31,6,0.1935483870967742,0.09187008361586094,0.3628025781179546
new216,local_pairwise_crf,025,ambiguous,ambiguous,216,0.06944444444444445,31,15,0.4838709677419355,0.3197025156241731,0.6515960455197118
new216,local_pairwise_crf,025,ambiguous,unresolved,216,0.023148148148148147,31,5,0.16129032258064516,0.07092624443365303,0.32634353958793255
new216,local_pairwise_crf,025,unresolved,correct_unique,216,0.004629629629629629,131,1,0.007633587786259542,0.0013487890456915057,0.04197215150021154
new216,local_pairwise_crf,025,unresolved,wrong_unique,216,0.027777777777777776,131,6,0.04580152671755725,0.021157884763712463,0.09632422318173298
new216,local_pairwise_crf,025,unresolved,ambiguous,216,0.004629629629629629,131,1,0.007633587786259542,0.0013487890456915057,0.04197215150021154
new216,local_pairwise_crf,025,unresolved,unresolved,216,0.5694444444444444,131,123,0.9389312977099237,0.8841196490252834,0.9687337760694541
new216,local_pairwise_crf,050,correct_unique,correct_unique,216,0.027777777777777776,13,6,0.46153846153846156,0.23206067809538308,0.7085620428549398
new216,local_pairwise_crf,050,correct_unique,wrong_unique,216,0.013888888888888888,13,3,0.23076923076923078,0.08179528718498563,0.5025637594672749
new216,local_pairwise_crf,050,correct_unique,ambiguous,216,0.0,13,0,0.0,0.0,0.2280953723541983
new216,local_pairwise_crf,050,correct_unique,unresolved,216,0.018518518518518517,13,4,0.3076923076923077,0.12680703655710515,0.5763065681945096
new216,local_pairwise_crf,050,wrong_unique,correct_unique,216,0.004629629629629629,41,1,0.024390243902439025,0.004318531568912411,0.12595062055774228
new216,local_pairwise_crf,050,wrong_unique,wrong_unique,216,0.09722222222222222,41,21,0.5121951219512195,0.3648450865154381,0.6574557044556734
new216,local_pairwise_crf,050,wrong_unique,ambiguous,216,0.037037037037037035,41,8,0.1951219512195122,0.10234437385158028,0.3401358518706343
new216,local_pairwise_crf,050,wrong_unique,unresolved,216,0.05092592592592592,41,11,0.2682926829268293,0.15694964047811677,0.41933533107076637
new216,local_pairwise_crf,050,ambiguous,correct_unique,216,0.009259259259259259,31,2,0.06451612903225806,0.017874783521914572,0.20718636736298118
new216,local_pairwise_crf,050,ambiguous,wrong_unique,216,0.041666666666666664,31,9,0.2903225806451613,0.1609580015630062,0.46592329330749915
new216,local_pairwise_crf,050,ambiguous,ambiguous,216,0.06944444444444445,31,15,0.4838709677419355,0.3197025156241731,0.6515960455197118
new216,local_pairwise_crf,050,ambiguous,unresolved,216,0.023148148148148147,31,5,0.16129032258064516,0.07092624443365303,0.32634353958793255
new216,local_pairwise_crf,050,unresolved,correct_unique,216,0.004629629629629629,131,1,0.007633587786259542,0.0013487890456915057,0.04197215150021154
new216,local_pairwise_crf,050,unresolved,wrong_unique,216,0.027777777777777776,131,6,0.04580152671755725,0.021157884763712463,0.09632422318173298
new216,local_pairwise_crf,050,unresolved,ambiguous,216,0.004629629629629629,131,1,0.007633587786259542,0.0013487890456915057,0.04197215150021154
new216,local_pairwise_crf,050,unresolved,unresolved,216,0.5694444444444444,131,123,0.9389312977099237,0.8841196490252834,0.9687337760694541
combined,raw_proposals,025,correct_unique,correct_unique,253,0.07905138339920949,38,20,0.5263157894736842,0.37258971384496675,0.6752097667747392
combined,raw_proposals,025,correct_unique,wrong_unique,253,0.019762845849802372,38,5,0.13157894736842105,0.05753867690120133,0.27326859442291307
combined,raw_proposals,025,correct_unique,ambiguous,253,0.0,38,0,0.0,0.0,0.09180986822558392
combined,raw_proposals,025,correct_unique,unresolved,253,0.05138339920948617,38,13,0.34210526315789475,0.21212415179959415,0.5010789644821692
combined,raw_proposals,025,wrong_unique,correct_unique,253,0.007905138339920948,39,2,0.05128205128205128,0.014177955415274127,0.1688564004761361
combined,raw_proposals,025,wrong_unique,wrong_unique,253,0.09881422924901186,39,25,0.6410256410256411,0.48418148559548546,0.7725791454100713
combined,raw_proposals,025,wrong_unique,ambiguous,253,0.0,39,0,0.0,0.0,0.08966685370757138
combined,raw_proposals,025,wrong_unique,unresolved,253,0.04743083003952569,39,12,0.3076923076923077,0.18565932306911137,0.464212543741493
combined,raw_proposals,025,ambiguous,correct_unique,253,0.043478260869565216,57,11,0.19298245614035087,0.11132746980050538,0.3134069024776396
combined,raw_proposals,025,ambiguous,wrong_unique,253,0.023715415019762844,57,6,0.10526315789473684,0.049144658523744666,0.2112281058338703
combined,raw_proposals,025,ambiguous,ambiguous,253,0.11857707509881422,57,30,0.5263157894736842,0.3991801621874119,0.6501283201887472
combined,raw_proposals,025,ambiguous,unresolved,253,0.039525691699604744,57,10,0.17543859649122806,0.09818852239709965,0.2936735282969393
combined,raw_proposals,025,unresolved,correct_unique,253,0.0,119,0,0.0,0.0,0.03127168024193949
combined,raw_proposals,025,unresolved,wrong_unique,253,0.0,119,0,0.0,0.0,0.03127168024193949
combined,raw_proposals,025,unresolved,ambiguous,253,0.0,119,0,0.0,0.0,0.03127168024193949
combined,raw_proposals,025,unresolved,unresolved,253,0.47035573122529645,119,119,1.0,0.9687283197580606,1.0
combined,raw_proposals,050,correct_unique,correct_unique,253,0.023715415019762844,19,6,0.3157894736842105,0.15364379087792282,0.5398959232467252
combined,raw_proposals,050,correct_unique,wrong_unique,253,0.019762845849802372,19,5,0.2631578947368421,0.11806412346782505,0.48791550897815095
combined,raw_proposals,050,correct_unique,ambiguous,253,0.0,19,0,0.0,0.0,0.16817922405261618
combined,raw_proposals,050,correct_unique,unresolved,253,0.03162055335968379,19,8,0.42105263157894735,0.23141891282454247,0.6372409646574495
combined,raw_proposals,050,wrong_unique,correct_unique,253,0.003952569169960474,58,1,0.017241379310344827,0.0030500384460675142,0.0914085809346801
combined,raw_proposals,050,wrong_unique,wrong_unique,253,0.15810276679841898,58,40,0.6896551724137931,0.561969355757183,0.7937790437718091
combined,raw_proposals,050,wrong_unique,ambiguous,253,0.0,58,0,0.0,0.0,0.062117855787202886
combined,raw_proposals,050,wrong_unique,unresolved,253,0.06719367588932806,58,17,0.29310344827586204,0.19178182790962198,0.4201290089678412
combined,raw_proposals,050,ambiguous,correct_unique,253,0.039525691699604744,57,10,0.17543859649122806,0.09818852239709965,0.2936735282969393
combined,raw_proposals,050,ambiguous,wrong_unique,253,0.02766798418972332,57,7,0.12280701754385964,0.06078060158998089,0.23246448435174005
combined,raw_proposals,050,ambiguous,ambiguous,253,0.11857707509881422,57,30,0.5263157894736842,0.3991801621874119,0.6501283201887472
combined,raw_proposals,050,ambiguous,unresolved,253,0.039525691699604744,57,10,0.17543859649122806,0.09818852239709965,0.2936735282969393
combined,raw_proposals,050,unresolved,correct_unique,253,0.0,119,0,0.0,0.0,0.03127168024193949
combined,raw_proposals,050,unresolved,wrong_unique,253,0.0,119,0,0.0,0.0,0.03127168024193949
combined,raw_proposals,050,unresolved,ambiguous,253,0.0,119,0,0.0,0.0,0.03127168024193949
combined,raw_proposals,050,unresolved,unresolved,253,0.47035573122529645,119,119,1.0,0.9687283197580606,1.0
combined,greedy_nms,025,correct_unique,correct_unique,253,0.09486166007905138,34,24,0.7058823529411765,0.5383109020528557,0.8316536932957758
combined,greedy_nms,025,correct_unique,wrong_unique,253,0.015810276679841896,34,4,0.11764705882352941,0.046714466648823366,0.26620842770371833
combined,greedy_nms,025,correct_unique,ambiguous,253,0.0,34,0,0.0,6.938893903907228e-18,0.10151455415332375
combined,greedy_nms,025,correct_unique,unresolved,253,0.023715415019762844,34,6,0.17647058823529413,0.08348969045372323,0.33513737399842747
combined,greedy_nms,025,wrong_unique,correct_unique,253,0.015810276679841896,38,4,0.10526315789473684,0.04170257347553526,0.2413052172288731
combined,greedy_nms,025,wrong_unique,wrong_unique,253,0.08300395256916997,38,21,0.5526315789473685,0.39706297121992484,0.6985359900194875
combined,greedy_nms,025,wrong_unique,ambiguous,253,0.011857707509881422,38,3,0.07894736842105263,0.027214595506987696,0.20799371457771454
combined,greedy_nms,025,wrong_unique,unresolved,253,0.039525691699604744,38,10,0.2631578947368421,0.1497162125479814,0.42008846187466353
combined,greedy_nms,025,ambiguous,correct_unique,253,0.007905138339920948,34,2,0.058823529411764705,0.016282655210122732,0.19093606904281
combined,greedy_nms,025,ambiguous,wrong_unique,253,0.003952569169960474,34,1,0.029411764705882353,0.0052109062762689395,0.14915573292685927
combined,greedy_nms,025,ambiguous,ambiguous,253,0.1067193675889328,34,27,0.7941176470588235,0.632016119488364,0.8965047310096808
combined,greedy_nms,025,ambiguous,unresolved,253,0.015810276679841896,34,4,0.11764705882352941,0.046714466648823366,0.26620842770371833
combined,greedy_nms,025,unresolved,correct_unique,253,0.011857707509881422,147,3,0.02040816326530612,0.006964513334518595,0.05827921274474658
combined,greedy_nms,025,unresolved,wrong_unique,253,0.039525691699604744,147,10,0.06802721088435375,0.037367568349765325,0.12068883740957281
combined,greedy_nms,025,unresolved,ambiguous,253,0.0,147,0,0.0,0.0,0.0254668633592339
combined,greedy_nms,025,unresolved,unresolved,253,0.5296442687747036,147,134,0.9115646258503401,0.8545768418578342,0.9475898896627964
combined,greedy_nms,050,correct_unique,correct_unique,253,0.04743083003952569,21,12,0.5714285714285714,0.36546554369306716,0.7553003107462404
combined,greedy_nms,050,correct_unique,wrong_unique,253,0.019762845849802372,21,5,0.23809523809523808,0.10628013022636473,0.45091173682950747
combined,greedy_nms,050,correct_unique,ambiguous,253,0.0,21,0,0.0,0.0,0.15463901892484688
combined,greedy_nms,050,correct_unique,unresolved,253,0.015810276679841896,21,4,0.19047619047619047,0.0766756505276179,0.4000056469020492
combined,greedy_nms,050,wrong_unique,correct_unique,253,0.011857707509881422,51,3,0.058823529411764705,0.020206639422464673,0.1592462604880042
combined,greedy_nms,050,wrong_unique,wrong_unique,253,0.13043478260869565,51,33,0.6470588235294118,0.5098605845450523,0.7636551154847915
combined,greedy_nms,050,wrong_unique,ambiguous,253,0.011857707509881422,51,3,0.058823529411764705,0.020206639422464673,0.1592462604880042
combined,greedy_nms,050,wrong_unique,unresolved,253,0.04743083003952569,51,12,0.23529411764705882,0.1400494883446285,0.36762225160165285
combined,greedy_nms,050,ambiguous,correct_unique,253,0.007905138339920948,34,2,0.058823529411764705,0.016282655210122732,0.19093606904281
combined,greedy_nms,050,ambiguous,wrong_unique,253,0.003952569169960474,34,1,0.029411764705882353,0.0052109062762689395,0.14915573292685927
combined,greedy_nms,050,ambiguous,ambiguous,253,0.1067193675889328,34,27,0.7941176470588235,0.632016119488364,0.8965047310096808
combined,greedy_nms,050,ambiguous,unresolved,253,0.015810276679841896,34,4,0.11764705882352941,0.046714466648823366,0.26620842770371833
combined,greedy_nms,050,unresolved,correct_unique,253,0.0,147,0,0.0,0.0,0.0254668633592339
combined,greedy_nms,050,unresolved,wrong_unique,253,0.05138339920948617,147,13,0.08843537414965986,0.05241011033720358,0.14542315814216583
combined,greedy_nms,050,unresolved,ambiguous,253,0.0,147,0,0.0,0.0,0.0254668633592339
combined,greedy_nms,050,unresolved,unresolved,253,0.5296442687747036,147,134,0.9115646258503401,0.8545768418578342,0.9475898896627964
combined,dbscan_fusion,025,correct_unique,correct_unique,253,0.1067193675889328,39,27,0.6923076923076923,0.535787456258507,0.8143406769308885
combined,dbscan_fusion,025,correct_unique,wrong_unique,253,0.015810276679841896,39,4,0.10256410256410256,0.0406133134466838,0.23578854462856524
combined,dbscan_fusion,025,correct_unique,ambiguous,253,0.0,39,0,0.0,0.0,0.08966685370757138
combined,dbscan_fusion,025,correct_unique,unresolved,253,0.03162055335968379,39,8,0.20512820512820512,0.10779718230710388,0.3553396801358229
combined,dbscan_fusion,025,wrong_unique,correct_unique,253,0.019762845849802372,45,5,0.1111111111111111,0.048404717945671874,0.23499096995768576
combined,dbscan_fusion,025,wrong_unique,wrong_unique,253,0.09881422924901186,45,25,0.5555555555555556,0.41176134493521055,0.6906106996500242
combined,dbscan_fusion,025,wrong_unique,ambiguous,253,0.007905138339920948,45,2,0.044444444444444446,0.012274126706719873,0.1482751076943562
combined,dbscan_fusion,025,wrong_unique,unresolved,253,0.05138339920948617,45,13,0.28888888888888886,0.17730082482849266,0.4336854057476157
combined,dbscan_fusion,025,ambiguous,correct_unique,253,0.003952569169960474,35,1,0.02857142857142857,0.005061491855444203,0.14533087233613673
combined,dbscan_fusion,025,ambiguous,wrong_unique,253,0.007905138339920948,35,2,0.05714285714285714,0.015813161857108654,0.18607057420164919
combined,dbscan_fusion,025,ambiguous,ambiguous,253,0.11067193675889328,35,28,0.8,0.6410838693433439,0.8995755352620137
combined,dbscan_fusion,025,ambiguous,unresolved,253,0.015810276679841896,35,4,0.11428571428571428,0.04535179333097358,0.25951468646213804
combined,dbscan_fusion,025,unresolved,correct_unique,253,0.0,134,0,0.0,0.0,0.027868675023899312
combined,dbscan_fusion,025,unresolved,wrong_unique,253,0.019762845849802372,134,5,0.03731343283582089,0.016041511340777803,0.08437427748730814
combined,dbscan_fusion,025,unresolved,ambiguous,253,0.0,134,0,0.0,0.0,0.027868675023899312
combined,dbscan_fusion,025,unresolved,unresolved,253,0.5098814229249012,134,129,0.9626865671641791,0.9156257225126919,0.9839584886592222
combined,dbscan_fusion,050,correct_unique,correct_unique,253,0.05138339920948617,23,13,0.5652173913043478,0.36811375085016473,0.7436536467432578
combined,dbscan_fusion,050,correct_unique,wrong_unique,253,0.019762845849802372,23,5,0.21739130434782608,0.09663978026586201,0.41903483016264004
combined,dbscan_fusion,050,correct_unique,ambiguous,253,0.0,23,0,0.0,0.0,0.14311661845042678
combined,dbscan_fusion,050,correct_unique,unresolved,253,0.019762845849802372,23,5,0.21739130434782608,0.09663978026586201,0.41903483016264004
combined,dbscan_fusion,050,wrong_unique,correct_unique,253,0.011857707509881422,61,3,0.04918032786885246,0.0168659826687624,0.13491127527215896
combined,dbscan_fusion,050,wrong_unique,wrong_unique,253,0.15810276679841898,61,40,0.6557377049180327,0.5304974914056819,0.7625249103965452
combined,dbscan_fusion,050,wrong_unique,ambiguous,253,0.007905138339920948,61,2,0.03278688524590164,0.009037890398362405,0.11189490419495612
combined,dbscan_fusion,050,wrong_unique,unresolved,253,0.06324110671936758,61,16,0.26229508196721313,0.16838786362361485,0.38436741783614375
combined,dbscan_fusion,050,ambiguous,correct_unique,253,0.003952569169960474,35,1,0.02857142857142857,0.005061491855444203,0.14533087233613673
combined,dbscan_fusion,050,ambiguous,wrong_unique,253,0.007905138339920948,35,2,0.05714285714285714,0.015813161857108654,0.18607057420164919
combined,dbscan_fusion,050,ambiguous,ambiguous,253,0.11067193675889328,35,28,0.8,0.6410838693433439,0.8995755352620137
combined,dbscan_fusion,050,ambiguous,unresolved,253,0.015810276679841896,35,4,0.11428571428571428,0.04535179333097358,0.25951468646213804
combined,dbscan_fusion,050,unresolved,correct_unique,253,0.0,134,0,0.0,0.0,0.027868675023899312
combined,dbscan_fusion,050,unresolved,wrong_unique,253,0.019762845849802372,134,5,0.03731343283582089,0.016041511340777803,0.08437427748730814
combined,dbscan_fusion,050,unresolved,ambiguous,253,0.0,134,0,0.0,0.0,0.027868675023899312
combined,dbscan_fusion,050,unresolved,unresolved,253,0.5098814229249012,134,129,0.9626865671641791,0.9156257225126919,0.9839584886592222
combined,local_pairwise_crf,025,correct_unique,correct_unique,253,0.06324110671936758,27,16,0.5925925925925926,0.40726700968064694,0.7548524292560443
combined,local_pairwise_crf,025,correct_unique,wrong_unique,253,0.011857707509881422,27,3,0.1111111111111111,0.03852034828309843,0.2805780081827982
combined,local_pairwise_crf,025,correct_unique,ambiguous,253,0.007905138339920948,27,2,0.07407407407407407,0.02055465406098865,0.23369592683023144
combined,local_pairwise_crf,025,correct_unique,unresolved,253,0.023715415019762844,27,6,0.2222222222222222,0.10607239452360043,0.4075692886663258
combined,local_pairwise_crf,025,wrong_unique,correct_unique,253,0.011857707509881422,36,3,0.08333333333333333,0.028748611335993393,0.21826691249272628
combined,local_pairwise_crf,025,wrong_unique,wrong_unique,253,0.06324110671936758,36,16,0.4444444444444444,0.2954126874008023,0.604189382443027
combined,local_pairwise_crf,025,wrong_unique,ambiguous,253,0.02766798418972332,36,7,0.19444444444444445,0.09753095418928728,0.3502804299517738
combined,local_pairwise_crf,025,wrong_unique,unresolved,253,0.039525691699604744,36,10,0.2777777777777778,0.15848337940134616,0.439924899973971
combined,local_pairwise_crf,025,ambiguous,correct_unique,253,0.05138339920948617,45,13,0.28888888888888886,0.17730082482849266,0.4336854057476157
combined,local_pairwise_crf,025,ambiguous,wrong_unique,253,0.02766798418972332,45,7,0.15555555555555556,0.07745423484758268,0.28783908872396263
combined,local_pairwise_crf,025,ambiguous,ambiguous,253,0.07905138339920949,45,20,0.4444444444444444,0.3093893003499758,0.5882386550647896
combined,local_pairwise_crf,025,ambiguous,unresolved,253,0.019762845849802372,45,5,0.1111111111111111,0.048404717945671874,0.23499096995768576
combined,local_pairwise_crf,025,unresolved,correct_unique,253,0.003952569169960474,145,1,0.006896551724137931,0.00121844987051168,0.03802773104559446
combined,local_pairwise_crf,025,unresolved,wrong_unique,253,0.039525691699604744,145,10,0.06896551724137931,0.037888953275645364,0.12229127479787397
combined,local_pairwise_crf,025,unresolved,ambiguous,253,0.003952569169960474,145,1,0.006896551724137931,0.00121844987051168,0.03802773104559446
combined,local_pairwise_crf,025,unresolved,unresolved,253,0.525691699604743,145,133,0.9172413793103448,0.8609192896956351,0.9520262495291981
combined,local_pairwise_crf,050,correct_unique,correct_unique,253,0.03557312252964427,16,9,0.5625,0.33178556398811904,0.7690134759450764
combined,local_pairwise_crf,050,correct_unique,wrong_unique,253,0.011857707509881422,16,3,0.1875,0.06591599071428145,0.4300888096197414
combined,local_pairwise_crf,050,correct_unique,ambiguous,253,0.0,16,0,0.0,0.0,0.19360768053443644
combined,local_pairwise_crf,050,correct_unique,unresolved,253,0.015810276679841896,16,4,0.25,0.10182067491213048,0.49498316535508774
combined,local_pairwise_crf,050,wrong_unique,correct_unique,253,0.007905138339920948,47,2,0.0425531914893617,0.01174827596678936,0.14248527677899447
combined,local_pairwise_crf,050,wrong_unique,wrong_unique,253,0.09486166007905138,47,24,0.5106382978723404,0.37242453748226845,0.6472444496631783
combined,local_pairwise_crf,050,wrong_unique,ambiguous,253,0.03557312252964427,47,9,0.19148936170212766,0.10415932698542257,0.3254400457966176
combined,local_pairwise_crf,050,wrong_unique,unresolved,253,0.04743083003952569,47,12,0.2553191489361702,0.15253154035054703,0.39508175530417444
combined,local_pairwise_crf,050,ambiguous,correct_unique,253,0.019762845849802372,45,5,0.1111111111111111,0.048404717945671874,0.23499096995768576
combined,local_pairwise_crf,050,ambiguous,wrong_unique,253,0.05928853754940711,45,15,0.3333333333333333,0.2135887493433004,0.4792951169009958
combined,local_pairwise_crf,050,ambiguous,ambiguous,253,0.07905138339920949,45,20,0.4444444444444444,0.3093893003499758,0.5882386550647896
combined,local_pairwise_crf,050,ambiguous,unresolved,253,0.019762845849802372,45,5,0.1111111111111111,0.048404717945671874,0.23499096995768576
combined,local_pairwise_crf,050,unresolved,correct_unique,253,0.003952569169960474,145,1,0.006896551724137931,0.00121844987051168,0.03802773104559446
combined,local_pairwise_crf,050,unresolved,wrong_unique,253,0.039525691699604744,145,10,0.06896551724137931,0.037888953275645364,0.12229127479787397
combined,local_pairwise_crf,050,unresolved,ambiguous,253,0.003952569169960474,145,1,0.006896551724137931,0.00121844987051168,0.03802773104559446
combined,local_pairwise_crf,050,unresolved,unresolved,253,0.525691699604743,145,133,0.9172413793103448,0.8609192896956351,0.9520262495291981
