case_id,image_id,object_annotation_id,object_category,expected_domain,expected_profile,prediction_space,truth_space,status,failure_reason,parts_prediction_count,parts_truth_count,parts_matched_025,parts_precision_025,parts_recall_025,parts_f1_025,parts_matched_050,parts_precision_050,parts_recall_050,parts_f1_050,parts_matched_075,parts_precision_075,parts_recall_075,parts_f1_075,groups_prediction_count,groups_truth_count,groups_matched_025,groups_precision_025,groups_recall_025,groups_f1_025,groups_matched_050,groups_precision_050,groups_recall_050,groups_f1_050,groups_matched_075,groups_precision_075,groups_recall_075,groups_f1_075,root_count,selected_domain,reported_selected_root_count,all_part_count,all_group_count,root_iou,root_bbox_iou,foreground_iou,foreground_bbox_iou,domain_correct,profile_correct,valid_package,root_success_025,root_success_050,anonymous_id,return_code,runtime_seconds
belt__u01,419489,225859,belt,daily_object,wallet_belt,full,full,success,,7,2,1,0.14285714285714285,0.5,0.22222222222222224,1,0.14285714285714285,0.5,0.22222222222222224,0,0.0,0.0,0.0,5,2,0,0.0,0.0,0.0,0,0.0,0.0,0.0,0,0.0,0.0,0.0,1,container,1,7,5,0.018967899712697956,0.061344905094905096,0.018968276849357285,0.061344905094905096,0,0,1,0,0,img_029,0,32.72343993186951
bench__u01,545181,146291,bench,furniture,chair,full,full,success,,18,5,4,0.2222222222222222,0.8,0.3478260869565218,3,0.16666666666666666,0.6,0.2608695652173913,1,0.05555555555555555,0.2,0.08695652173913045,12,5,3,0.25,0.6,0.35294117647058826,0,0.0,0.0,0.0,0,0.0,0.0,0.0,1,furniture,1,19,12,0.5130765509085045,0.9812397914310843,0.5125499105978517,0.9812397914310843,1,1,1,1,1,img_010,0,30.866650581359863
bicycle__u01,358242,220953,bicycle,vehicle,two_wheeler,full,full,success,,6,12,2,0.3333333333333333,0.16666666666666666,0.2222222222222222,0,0.0,0.0,0.0,0,0.0,0.0,0.0,5,12,2,0.4,0.16666666666666666,0.23529411764705882,0,0.0,0.0,0.0,0,0.0,0.0,0.0,1,vehicle,1,7,5,0.7366819129615928,0.9345367881953248,0.7356057039079841,0.9345367881953248,1,1,1,1,1,img_024,0,36.409955978393555
bicycle__u02,453138,52568,bicycle,vehicle,two_wheeler,full,full,success,,7,12,5,0.7142857142857143,0.4166666666666667,0.5263157894736842,2,0.2857142857142857,0.16666666666666666,0.2105263157894737,0,0.0,0.0,0.0,6,12,4,0.6666666666666666,0.3333333333333333,0.4444444444444444,2,0.3333333333333333,0.16666666666666666,0.2222222222222222,1,0.16666666666666666,0.08333333333333333,0.1111111111111111,1,vehicle,1,8,6,0.8186128973251348,0.9833869795452186,0.8178952848640054,0.9833869795452186,1,1,1,1,1,img_026,0,34.819759368896484
book__u01,231351,208173,book,daily_object,book,full,full,success,,1,2,1,1.0,0.5,0.6666666666666666,1,1.0,0.5,0.6666666666666666,1,1.0,0.5,0.6666666666666666,1,2,1,1.0,0.5,0.6666666666666666,1,1.0,0.5,0.6666666666666666,1,1.0,0.5,0.6666666666666666,1,daily_object,1,1,1,0.9246160064672595,0.9475462304409673,0.92463555746444,0.9475462304409673,1,1,1,1,1,img_027,0,32.013460636138916
bottle__u01,460841,20822,bottle,container,bottle_jar,full,full,success,,3,7,2,0.6666666666666666,0.2857142857142857,0.4,1,0.3333333333333333,0.14285714285714285,0.2,0,0.0,0.0,0.0,3,7,2,0.6666666666666666,0.2857142857142857,0.4,1,0.3333333333333333,0.14285714285714285,0.2,0,0.0,0.0,0.0,1,container,1,3,3,0.9141907111444814,0.9492626018049747,0.9141907111444814,0.9492626018049747,1,1,1,1,1,img_013,0,34.396013498306274
bowl__u01,319996,244436,bowl,container,drinkware,full,full,success,,5,5,0,0.0,0.0,0.0,0,0.0,0.0,0.0,0,0.0,0.0,0.0,5,5,0,0.0,0.0,0.0,0,0.0,0.0,0.0,0,0.0,0.0,0.0,1,container,1,5,5,0.0,0.0,0.0,0.0,1,0,1,0,0,img_019,0,35.35523772239685
box__u01,291898,182311,box,container,box,full,full,success,,6,4,2,0.3333333333333333,0.5,0.4,1,0.16666666666666666,0.25,0.2,1,0.16666666666666666,0.25,0.2,4,4,2,0.5,0.5,0.5,1,0.25,0.25,0.25,1,0.25,0.25,0.25,1,container,1,7,4,0.7445828270554881,0.9853402767869882,0.7437927251244831,0.9853402767869882,1,1,1,1,1,img_022,0,36.539244413375854
calculator__u01,104982,70677,cellular_telephone,device,phone,full,full,success,,6,4,2,0.3333333333333333,0.5,0.4,1,0.16666666666666666,0.25,0.2,1,0.16666666666666666,0.25,0.2,3,4,2,0.6666666666666666,0.5,0.5714285714285715,2,0.6666666666666666,0.5,0.5714285714285715,1,0.3333333333333333,0.25,0.28571428571428575,1,device,1,6,3,0.9465357749669624,0.9552100357789655,0.9428582219200846,0.9476939388584555,1,1,1,1,1,img_005,0,32.09261989593506
can__u01,172012,105328,can,container,bottle_jar,full,full,success,,2,5,0,0.0,0.0,0.0,0,0.0,0.0,0.0,0,0.0,0.0,0.0,2,5,0,0.0,0.0,0.0,0,0.0,0.0,0.0,0,0.0,0.0,0.0,1,daily_object,1,2,2,0.0,0.015398873600912525,0.0,0.015398873600912525,0,0,1,0,0,img_015,0,29.525996685028076
car_automobile__u01,67616,45908,car_(automobile),vehicle,road_vehicle,full,full,success,,8,16,5,0.625,0.3125,0.4166666666666667,2,0.25,0.125,0.16666666666666666,0,0.0,0.0,0.0,7,16,4,0.5714285714285714,0.25,0.34782608695652173,1,0.14285714285714285,0.0625,0.08695652173913043,0,0.0,0.0,0.0,1,vehicle,1,9,7,0.9607220457964232,0.9863945578231292,0.9608826479438315,0.9863945578231292,1,1,1,1,1,img_023,0,40.91429781913757
car_automobile__u02,246750,218007,car_(automobile),vehicle,road_vehicle,full,full,success,,6,15,0,0.0,0.0,0.0,0,0.0,0.0,0.0,0,0.0,0.0,0.0,5,15,0,0.0,0.0,0.0,0,0.0,0.0,0.0,0,0.0,0.0,0.0,1,container,1,6,5,0.0,0.0,0.0,0.0,0,0,1,0,0,img_025,0,33.61897039413452
cellular_telephone__u01,444746,65705,cellular_telephone,device,phone,full,full,success,,6,4,2,0.3333333333333333,0.5,0.4,1,0.16666666666666666,0.25,0.2,1,0.16666666666666666,0.25,0.2,6,4,3,0.5,0.75,0.6,2,0.3333333333333333,0.5,0.4,1,0.16666666666666666,0.25,0.2,1,device,1,7,6,0.9504673747708628,0.9850299401197605,0.9505909581453406,0.9850299401197605,1,1,1,1,1,img_001,0,32.26090955734253
chair__u01,73549,95920,chair,furniture,chair,full,full,success,,2,7,0,0.0,0.0,0.0,0,0.0,0.0,0.0,0,0.0,0.0,0.0,2,7,0,0.0,0.0,0.0,0,0.0,0.0,0.0,0,0.0,0.0,0.0,1,furniture,1,3,2,0.0,0.0,0.0,0.0,1,0,1,0,0,img_009,0,34.08670401573181
clock__u01,72989,57760,clock,device,clock_watch,full,full,success,,5,3,2,0.4,0.6666666666666666,0.5,2,0.4,0.6666666666666666,0.5,1,0.2,0.3333333333333333,0.25,4,3,2,0.5,0.6666666666666666,0.5714285714285715,2,0.5,0.6666666666666666,0.5714285714285715,1,0.25,0.3333333333333333,0.28571428571428575,1,device,1,5,4,0.9562177907237285,0.8990043942858069,0.9562177907237285,0.8990043942858069,1,1,1,1,1,img_007,0,32.30151557922363
cup__u01,163138,87909,cup,container,drinkware,full,full,success,,14,4,1,0.07142857142857142,0.25,0.11111111111111112,1,0.07142857142857142,0.25,0.11111111111111112,0,0.0,0.0,0.0,11,4,1,0.09090909090909091,0.25,0.13333333333333333,1,0.09090909090909091,0.25,0.13333333333333333,0,0.0,0.0,0.0,1,container,1,15,11,0.030988332404351393,0.03611367600287268,0.030990855568082176,0.03611367600287268,1,0,1,0,0,img_016,0,36.255722999572754
glass_drink_container__u01,85089,40606,glass_(drink_container),container,drinkware,full,full,success,,3,4,0,0.0,0.0,0.0,0,0.0,0.0,0.0,0,0.0,0.0,0.0,2,4,0,0.0,0.0,0.0,0,0.0,0.0,0.0,0,0.0,0.0,0.0,1,container,1,3,2,0.0024438370051230065,0.2069967316305532,0.0024449877750611247,0.2069967316305532,1,1,1,0,0,img_018,0,30.16077446937561
guitar__u01,92041,192151,guitar,tool_prop,guitar,full,full,success,,3,5,2,0.6666666666666666,0.4,0.5,0,0.0,0.0,0.0,0,0.0,0.0,0.0,3,5,2,0.6666666666666666,0.4,0.5,0,0.0,0.0,0.0,0,0.0,0.0,0.0,1,tool_prop,1,3,3,0.6463379048730669,0.7204371584699454,0.6463379048730669,0.7204371584699454,1,1,1,1,1,img_041,0,33.59391927719116
handbag__u01,475995,53054,handbag,container,bag,full,full,success,,11,4,0,0.0,0.0,0.0,0,0.0,0.0,0.0,0,0.0,0.0,0.0,4,4,0,0.0,0.0,0.0,0,0.0,0.0,0.0,0,0.0,0.0,0.0,1,character,1,11,4,0.0,0.0,0.0,0.0,0,0,1,0,0,img_020,0,29.388263463974
hat__u01,468519,224917,hat,daily_object,headwear,full,full,success,,1,2,1,1.0,0.5,0.6666666666666666,1,1.0,0.5,0.6666666666666666,0,0.0,0.0,0.0,2,2,1,0.5,0.5,0.5,1,0.5,0.5,0.5,0,0.0,0.0,0.0,1,daily_object,1,2,2,0.9454499748617395,0.9366750113791534,0.9454499748617395,0.9366750113791534,1,1,1,1,1,img_030,0,32.71181869506836
helmet__u01,221343,154250,helmet,daily_object,headwear,full,full,success,,4,3,0,0.0,0.0,0.0,0,0.0,0.0,0.0,0,0.0,0.0,0.0,5,3,0,0.0,0.0,0.0,0,0.0,0.0,0.0,0,0.0,0.0,0.0,1,daily_object,1,5,5,0.21173976058833002,0.14712092607313196,0.21173976058833002,0.14712092607313196,1,1,1,0,0,img_031,0,35.232160568237305
jar__u01,223444,71734,jar,container,bottle_jar,full,full,success,,6,5,0,0.0,0.0,0.0,0,0.0,0.0,0.0,0,0.0,0.0,0.0,4,5,0,0.0,0.0,0.0,0,0.0,0.0,0.0,0,0.0,0.0,0.0,1,device,1,6,4,0.0,0.0,0.0,0.0,0,0,1,0,0,img_014,0,35.977898597717285
knife__u01,370728,210603,knife,tool_prop,knife,full,full,success,,1,2,1,1.0,0.5,0.6666666666666666,1,1.0,0.5,0.6666666666666666,1,1.0,0.5,0.6666666666666666,1,2,1,1.0,0.5,0.6666666666666666,1,1.0,0.5,0.6666666666666666,1,1.0,0.5,0.6666666666666666,1,tool_prop,1,1,1,0.9542189212224522,0.9453729109503617,0.9544494965898019,0.9453729109503617,1,1,1,1,1,img_037,0,30.947327375411987
ladder__u01,327988,148550,ladder,tool_prop,ladder,full,full,success,,19,3,0,0.0,0.0,0.0,0,0.0,0.0,0.0,0,0.0,0.0,0.0,16,3,0,0.0,0.0,0.0,0,0.0,0.0,0.0,0,0.0,0.0,0.0,1,vehicle,1,19,16,0.0,0.005476875414914804,0.0,0.005476875414914804,0,0,1,0,0,img_040,0,42.303353786468506
laptop_computer__u01,578775,187692,laptop_computer,device,laptop,full,full,success,,8,7,3,0.375,0.42857142857142855,0.39999999999999997,2,0.25,0.2857142857142857,0.26666666666666666,2,0.25,0.2857142857142857,0.26666666666666666,7,7,3,0.42857142857142855,0.42857142857142855,0.42857142857142855,2,0.2857142857142857,0.2857142857142857,0.2857142857142857,1,0.14285714285714285,0.14285714285714285,0.14285714285714285,1,device,1,9,7,0.9654586389716029,0.9942766986774425,0.9654851830331203,0.9942766986774425,1,1,1,1,1,img_002,0,33.74789571762085
mug__u01,2592,15210,mug,container,drinkware,full,full,success,,5,6,4,0.8,0.6666666666666666,0.7272727272727272,2,0.4,0.3333333333333333,0.3636363636363636,1,0.2,0.16666666666666666,0.1818181818181818,5,6,4,0.8,0.6666666666666666,0.7272727272727272,2,0.4,0.3333333333333333,0.3636363636363636,1,0.2,0.16666666666666666,0.1818181818181818,1,container,1,5,5,0.9690477713116327,0.9625754527162977,0.9690998656515898,0.9625754527162977,1,1,1,1,1,img_017,0,35.502325773239136
pan_for_cooking__u01,143510,115950,pan_(for_cooking),tool_prop,pan,full,full,success,,0,5,0,0.0,0.0,0.0,0,0.0,0.0,0.0,0,0.0,0.0,0.0,1,5,1,1.0,0.2,0.33333333333333337,0,0.0,0.0,0.0,0,0.0,0.0,0.0,1,tool_prop,1,1,1,0.7304808883287338,0.9763454516589934,0.7304808883287338,0.9763454516589934,1,1,1,1,1,img_042,0,32.1963095664978
pencil__u01,287285,118123,pencil,daily_object,writing_tool,full,full,success,,3,2,0,0.0,0.0,0.0,0,0.0,0.0,0.0,0,0.0,0.0,0.0,3,2,0,0.0,0.0,0.0,0,0.0,0.0,0.0,0,0.0,0.0,0.0,1,tool_prop,1,3,3,0.0,0.2170961460873226,0.0,0.2170961460873226,0,0,1,0,0,img_028,0,32.34212040901184
plastic_bag__u01,283131,93155,plastic_bag,container,bag,full,full,success,,4,3,2,0.5,0.6666666666666666,0.5714285714285715,1,0.25,0.3333333333333333,0.28571428571428575,1,0.25,0.3333333333333333,0.28571428571428575,4,3,2,0.5,0.6666666666666666,0.5714285714285715,1,0.25,0.3333333333333333,0.28571428571428575,1,0.25,0.3333333333333333,0.28571428571428575,1,container,1,4,4,0.9474995653937532,0.9433962264150944,0.9474995653937532,0.9433962264150944,1,1,1,1,1,img_021,0,29.277499198913574
pliers__u01,528119,161597,pliers,tool_prop,scissors_pliers,full,full,success,,3,3,0,0.0,0.0,0.0,0,0.0,0.0,0.0,0,0.0,0.0,0.0,3,3,0,0.0,0.0,0.0,0,0.0,0.0,0.0,0,0.0,0.0,0.0,1,tool_prop,1,4,3,0.0,0.0,0.0,0.0,1,1,1,0,0,img_039,0,34.67603397369385
remote_control__u01,229111,17499,remote_control,device,controls,full,full,success,,7,3,0,0.0,0.0,0.0,0,0.0,0.0,0.0,0,0.0,0.0,0.0,4,3,0,0.0,0.0,0.0,0,0.0,0.0,0.0,0,0.0,0.0,0.0,1,device,1,8,4,0.6182436176894374,0.6426436399867154,0.61813278161599,0.6426436399867154,1,1,1,1,1,img_004,0,30.319122314453125
scarf__u01,434689,73790,scarf,daily_object,soft_good,full,full,success,,17,2,1,0.058823529411764705,0.5,0.10526315789473684,0,0.0,0.0,0.0,0,0.0,0.0,0.0,6,2,0,0.0,0.0,0.0,0,0.0,0.0,0.0,0,0.0,0.0,0.0,1,character,1,17,6,0.1810146086029727,0.3348824494259158,0.18103977661139883,0.3348824494259158,0,0,1,0,0,img_034,0,32.87056922912598
scissors__u01,351096,759,scissors,tool_prop,scissors_pliers,full,full,success,,4,4,2,0.5,0.5,0.5,1,0.25,0.25,0.25,1,0.25,0.25,0.25,4,4,3,0.75,0.75,0.75,1,0.25,0.25,0.25,1,0.25,0.25,0.25,1,tool_prop,1,5,4,0.7858696039639255,0.9743998702422145,0.7856557230955691,0.9743998702422145,1,1,1,1,1,img_038,0,30.3471999168396
screwdriver__u01,537081,64448,knife,tool_prop,knife,full,full,success,,2,2,0,0.0,0.0,0.0,0,0.0,0.0,0.0,0,0.0,0.0,0.0,2,2,0,0.0,0.0,0.0,0,0.0,0.0,0.0,0,0.0,0.0,0.0,1,container,1,2,2,0.0017118890695882907,0.15834401487138533,0.0017118890695882907,0.15834401487138533,0,0,1,0,0,img_035,0,33.76304602622986
shoe__u01,35197,30158,shoe,daily_object,footwear,full,full,success,,2,9,1,0.5,0.1111111111111111,0.1818181818181818,1,0.5,0.1111111111111111,0.1818181818181818,0,0.0,0.0,0.0,3,9,2,0.6666666666666666,0.2222222222222222,0.3333333333333333,1,0.3333333333333333,0.1111111111111111,0.16666666666666666,0,0.0,0.0,0.0,1,daily_object,1,3,3,0.9488353305506935,0.9748057452319284,0.9488353305506935,0.9748057452319284,1,1,1,1,1,img_032,0,33.08086347579956
slipper_footwear__u01,281774,150053,book,daily_object,book,full,full,success,,3,2,0,0.0,0.0,0.0,0,0.0,0.0,0.0,0,0.0,0.0,0.0,1,2,0,0.0,0.0,0.0,0,0.0,0.0,0.0,0,0.0,0.0,0.0,1,daily_object,1,4,1,0.0,0.2513037000248324,0.0,0.2513037000248324,1,1,1,0,0,img_033,0,31.045141220092773
stool__u01,441411,104289,stool,furniture,chair,full,full,success,,8,3,0,0.0,0.0,0.0,0,0.0,0.0,0.0,0,0.0,0.0,0.0,6,3,0,0.0,0.0,0.0,0,0.0,0.0,0.0,0,0.0,0.0,0.0,1,daily_object,1,8,6,0.0,0.04289357755622537,0.0,0.04289357755622537,0,0,1,0,0,img_011,0,32.328777551651
table__u01,68162,116675,table,furniture,table,full,full,success,,3,5,0,0.0,0.0,0.0,0,0.0,0.0,0.0,0,0.0,0.0,0.0,3,5,0,0.0,0.0,0.0,0,0.0,0.0,0.0,0,0.0,0.0,0.0,1,furniture,1,4,3,0.07021397194275188,0.49709536872680327,0.07038352272727273,0.49709536872680327,1,0,1,0,0,img_012,0,35.76480150222778
telephone__u01,523919,102790,telephone,device,controls,full,full,success,,4,4,0,0.0,0.0,0.0,0,0.0,0.0,0.0,0,0.0,0.0,0.0,3,4,0,0.0,0.0,0.0,0,0.0,0.0,0.0,0,0.0,0.0,0.0,1,device,1,5,3,0.0,0.0,0.0,0.0,1,0,1,0,0,img_006,0,32.450512170791626
television_set__u01,347389,92753,television_set,device,display,full,full,success,,6,5,2,0.3333333333333333,0.4,0.3636363636363636,0,0.0,0.0,0.0,0,0.0,0.0,0.0,5,5,2,0.4,0.4,0.4000000000000001,0,0.0,0.0,0.0,0,0.0,0.0,0.0,1,device,1,7,5,0.9808818092186344,0.9753973046237651,0.9796647769287651,0.9753973046237651,1,1,1,1,1,img_003,0,31.35956573486328
watch__u01,195188,148791,watch,device,clock_watch,full,full,success,,8,5,3,0.375,0.6,0.4615384615384615,2,0.25,0.4,0.3076923076923077,0,0.0,0.0,0.0,5,5,3,0.6,0.6,0.6,2,0.4,0.4,0.4000000000000001,0,0.0,0.0,0.0,1,device,1,8,5,0.843033893874706,0.9165419161676647,0.843033893874706,0.9165419161676647,1,1,1,1,1,img_008,0,30.760409593582153
wrench__u01,68344,153190,knife,tool_prop,knife,full,full,success,,3,2,0,0.0,0.0,0.0,0,0.0,0.0,0.0,0,0.0,0.0,0.0,2,2,0,0.0,0.0,0.0,0,0.0,0.0,0.0,0,0.0,0.0,0.0,1,container,1,3,2,0.0035883034679504325,0.10504894325765414,0.0035883034679504325,0.10504894325765414,0,0,1,0,0,img_036,0,34.953856229782104
