case_id,image_id,source_image_sha256,crop_image_sha256
bench__u01,545181,404501181b4a8680947c027cd2959c49f40b913c89d2f3927e5b108ee49439c7,f36291fd2b3f5e3c2bc4142a9acadc8ab08706a0215401c0f15e944adee631b7
bicycle__u01,358242,3e337db620bc9c6da8a90b2c43ca13c74581394b27ad01fdf2f045e552898b2b,3e337db620bc9c6da8a90b2c43ca13c74581394b27ad01fdf2f045e552898b2b
bicycle__u02,453138,ece3bac661734fe6b2cff4be61c7b41058536f970bfb155daffcc4d594a2a03c,853ff5ec10d67e9fa987c8028c61e45e8445a3c30607c2b88ec67db177c6a2a1
bottle__u01,460841,7505dfcf5b3eef7d320bef1832b7b9dc61cd3234e7140b6aa8834547f992a2c9,69920d93d8bc2029ee67eb47fc99ed25b4497248e4dbf8808d4297574330e043
bowl__u01,319996,8a1bf996989ea56b38f2807f8e66c5be1a4e0a6d8047e32d3003edb815809c99,368c5a7fcce9a275c429e76baf870c35042a6b00f525dd24ced24d384845d1d0
box__u01,291898,705de98442a4a4f63afcf404b3a6dac5138861192bdd162fedc4939692b8746f,510c783495aa27ee22dbf78b630bf0c409a086da519c75c747717dd0e3ab4407
calculator__u01,104982,445eeb9a9787c5e480f39b77ec8bbeec14f8617495ca3d025d5fccbb30cbab8e,8cdccabb89a5508328c197645703e6b99828f48c78624e5e32c417c6bc961496
can__u01,172012,370c7f184bb3e1d2267f8c89ef690cbacfc6210ae28601cdbd8d2a308c8feba9,cdcdd44b8d2ed7d54b09f7bc6bd1c8b3503ae78a6649ac558f88773ad1176210
car_automobile__u01,67616,5151ffc71baf9d79a3b524de0a6f05430f688f537f59da2171d27daf129a3396,ce4fb83f5026d6f92ffc403485260abc7aa4a59faf3b79b8e733ed89502341bb
car_automobile__u02,246750,ab355f94f5fb0039bcdd89cf5caed8c498dd79442d5a50309c26a8fef4e6c57a,e5969e384b88a62e1566f6e616ea73a1de88f726a278a8b93982d46ae9288007
cellular_telephone__u01,444746,524c66f753fc81007e388eb0502fcbe69d5a16d88d8e5ab153fc45318691ee3d,3cb9d0b742c3b8bee8b433a1e2df7a5ba4e22a2e060d72e8e28bfb69a8ec5003
chair__u01,73549,050fc3ecb845d2399a554e4a844b6999f7f7f771308a0a2c1a2d3807cca965cf,78fa61c3ef0b96adc1cd7ca4d0f47bef87f78d344509505f5a0541bf1fe876bc
clock__u01,72989,3aff7b2f7f68b35590c9e094c2f197199377d566485324cc7db8ea143dfc9195,56ac37f1532f1ca6c6286203ff3c10e392b741314e8f4d6e034ee2c82d364fde
cup__u01,163138,819b25c23bc0b8c3b0c29fee6bd1dcc965c74cc3ef2e106c4bed276e2a63b7aa,cb4bf900364ff64fe05498b34332c9b0e6fa82f6c7a9476635a6183c79e94776
glass_drink_container__u01,85089,fe5315edf93fb2180ef4487b75cec81af540511a2cbd8d325c6eb2d88e600a17,ca5277058c2d48aa97993bfdbc1d9c207c6a15f890bcf448763ebe04b2d8ab52
guitar__u01,92041,6559e1206c1ce7f64ec14fbe818c2a013e4e8e02a6609a4e10ca5ce80bd5005c,e2bdc399d9395e03af15cd4282474f77c1fed3895db22d8868f7bf9d534c610f
handbag__u01,475995,58050a392e92efbb8afc32f46cf7dc20c90718e3229b6c6c5d88aa42fa1fac5b,8eb89b494369f6f881028aa31e812aa67e90da0c5894ec08e5f8db83417f6cc1
helmet__u01,221343,f9d04e1351ed447c03a575c5600c1a02c775d68afad06adef3617bf685be5fc3,0092df1eff3f4c01912a5bd6d2be7007d58487068a1ceee91b14f0dac1f4bbc0
jar__u01,223444,e9ca71938bbc1ecd8218b06fcf028dfb0757d66b2c198fcadeea9eac20a70abc,36b5c765b3918d6c159b7dbf1fe37bf18f51f1e4dc921e6c96939ad6610eab6c
knife__u01,370728,c9f8cab421496a0d0b9394388287f8d758529f904f53fd4c0df16cfe5d39b2bd,bc31e3756a1f910402213bae5d36eaf74caa99527a08e9297c7a8c05240acaa6
ladder__u01,327988,b846599efd5fa8fb46a37b9f5369f753f7340f407bb0c5f75eaa39e3b682a54e,6cb26f6cf4f5335363295fe80f49349b2045226297e63f63f122ecedc5da6426
laptop_computer__u01,578775,6bfd0713895de5ef735114dfca52ffde2dcd083d641b9353195bcb327ebe2d89,265f05ff34566dcc0c6f78e5588e08266513a7b84c6c2373d39b01d95adb1f4b
mug__u01,2592,b696a7583cfed377ca8694357f641b5ca3cd247580d8b1d8146ea8dfbaca1fe8,89c0dfa74d8520841fbb91e3542f2890369266804086708b1a52be7ce6273124
pan_for_cooking__u01,143510,4d6785366a155f18bc5820549ed92ead9162622f79a2b1f93e001f8cae329c85,a382b389ea9ec68204d663af12d3102c7f868ef72affe211661553ddea2503c6
plastic_bag__u01,283131,06ade2b5ca314c4fcb3ddc182d5b55b2f5ca81c982a24dd1c261f1979393b83c,14477ee6e2670e9224acd5be258541c42c5445cae3badaa2eb4bb9ad3def71e2
pliers__u01,528119,c54a04137c70b2c6d7c9d717a5cb5360987df341ed954b7f83a23a5ea68af5d2,8075d4c5c099ecacdc2c40655f6e018df5e96ab3af1abb8b01dc42a44d89bc34
remote_control__u01,229111,e9b62286bd593e51a30d98f52c2b30c45be293d2b63251a6155fa1d6f4935eb5,473d5a31138a8b2530c07730599c0fe7f26b34b138a6934b82d6c359035b2357
scissors__u01,351096,46076e9d4dcc8560dabf0e58c59cf42a2195dd9681305b68235145270a784dcf,6ce9491765eb37dec4f0c62bc44d8a1ed9d50773da917b1974744cc3e4079847
screwdriver__u01,537081,e3eae2e23b5ed6011b3db3a2deba17aed7d404f22b1ff011e050c00be7f05e99,fcf620bba4fe3f56d451c750428328b472c2d0edb1ace0bb3da8e4367fd304fe
shoe__u01,35197,b92f5dc04b3e77d12c0eac55252dcc30ff66ce1d58a8dbe3050db1f674a8f390,d95e153a9ba2cc65036c8e0af4bcda3655589249f11471381b49c81b632f04d8
slipper_footwear__u01,281774,5cceeb90a80e3b25d166fbf3e2a82accdadf62431cd8442f6e2f85283b9554fc,7f2e690841276dcabc4aa3020cdc75dd6b2e075ad0b7f2762c400908c8381abd
stool__u01,441411,40d92b190b67533a067d463b9cedcafa750d89d32247f85465891743631c914c,7a6f7432bf3895e0f347fa1f86f8ffdbbeca4187a91af2d87a84438210cb9f1e
table__u01,68162,6d946de749ab91e4068215cd7cae63e0d4e40bc77e4c79da26f0f697d40c3b9e,0c4376120216e2d440837197c9510bafb8fb540141bdf3eab9ac350eedc6157f
telephone__u01,523919,93c6ce6ed8f3fc2b45f5b79bec4d64cfc97f9d52c9daea12bf7f4856786c5b7d,cdcfcc864fa8f02dce04f310a807ad794e9e7496e2f383b20a344a3e2222bd53
television_set__u01,347389,938799b99eff11b051552014bae1403a6dc19bce3acb0eaa20e42824e6838038,b7f6bd7cc98927a9d52a4297489de419712361eb8179b4c9b34dc2c7014b1a7f
watch__u01,195188,ad6867a45895a3ee8a63748cb1a80c741a396e0bf88b0080648b169ee93698d7,4f58f017fff37259b58c16d99ffd12fdd8f2df0522938a10a77e26f41dd96660
wrench__u01,68344,c9390b6f5eb0d09a1b1a6d9b6d07d73d02eca064e397712100c8baa2d69204a5,62342d3f6b29e5f448678c406586dfec6beb0d083919cc732711fdc46d50aff4
