case_id,method,all_old_routing_metrics_exact_tolerance,selected_identity_exact,review_option_rule_exact
bench__u01,raw_proposals,1e-12,True,True
bench__u01,greedy_nms,1e-12,True,True
bench__u01,dbscan_fusion,1e-12,True,True
bench__u01,local_pairwise_crf,1e-12,True,True
bench__u01,hpid_split_group_ids,1e-12,True,True
bicycle__u01,raw_proposals,1e-12,True,True
bicycle__u01,greedy_nms,1e-12,True,True
bicycle__u01,dbscan_fusion,1e-12,True,True
bicycle__u01,local_pairwise_crf,1e-12,True,True
bicycle__u01,hpid_split_group_ids,1e-12,True,True
bicycle__u02,raw_proposals,1e-12,True,True
bicycle__u02,greedy_nms,1e-12,True,True
bicycle__u02,dbscan_fusion,1e-12,True,True
bicycle__u02,local_pairwise_crf,1e-12,True,True
bicycle__u02,hpid_split_group_ids,1e-12,True,True
bottle__u01,raw_proposals,1e-12,True,True
bottle__u01,greedy_nms,1e-12,True,True
bottle__u01,dbscan_fusion,1e-12,True,True
bottle__u01,local_pairwise_crf,1e-12,True,True
bottle__u01,hpid_split_group_ids,1e-12,True,True
bowl__u01,raw_proposals,1e-12,True,True
bowl__u01,greedy_nms,1e-12,True,True
bowl__u01,dbscan_fusion,1e-12,True,True
bowl__u01,local_pairwise_crf,1e-12,True,True
bowl__u01,hpid_split_group_ids,1e-12,True,True
box__u01,raw_proposals,1e-12,True,True
box__u01,greedy_nms,1e-12,True,True
box__u01,dbscan_fusion,1e-12,True,True
box__u01,local_pairwise_crf,1e-12,True,True
box__u01,hpid_split_group_ids,1e-12,True,True
calculator__u01,raw_proposals,1e-12,True,True
calculator__u01,greedy_nms,1e-12,True,True
calculator__u01,dbscan_fusion,1e-12,True,True
calculator__u01,local_pairwise_crf,1e-12,True,True
calculator__u01,hpid_split_group_ids,1e-12,True,True
can__u01,raw_proposals,1e-12,True,True
can__u01,greedy_nms,1e-12,True,True
can__u01,dbscan_fusion,1e-12,True,True
can__u01,local_pairwise_crf,1e-12,True,True
can__u01,hpid_split_group_ids,1e-12,True,True
car_automobile__u01,raw_proposals,1e-12,True,True
car_automobile__u01,greedy_nms,1e-12,True,True
car_automobile__u01,dbscan_fusion,1e-12,True,True
car_automobile__u01,local_pairwise_crf,1e-12,True,True
car_automobile__u01,hpid_split_group_ids,1e-12,True,True
car_automobile__u02,raw_proposals,1e-12,True,True
car_automobile__u02,greedy_nms,1e-12,True,True
car_automobile__u02,dbscan_fusion,1e-12,True,True
car_automobile__u02,local_pairwise_crf,1e-12,True,True
car_automobile__u02,hpid_split_group_ids,1e-12,True,True
cellular_telephone__u01,raw_proposals,1e-12,True,True
cellular_telephone__u01,greedy_nms,1e-12,True,True
cellular_telephone__u01,dbscan_fusion,1e-12,True,True
cellular_telephone__u01,local_pairwise_crf,1e-12,True,True
cellular_telephone__u01,hpid_split_group_ids,1e-12,True,True
chair__u01,raw_proposals,1e-12,True,True
chair__u01,greedy_nms,1e-12,True,True
chair__u01,dbscan_fusion,1e-12,True,True
chair__u01,local_pairwise_crf,1e-12,True,True
chair__u01,hpid_split_group_ids,1e-12,True,True
clock__u01,raw_proposals,1e-12,True,True
clock__u01,greedy_nms,1e-12,True,True
clock__u01,dbscan_fusion,1e-12,True,True
clock__u01,local_pairwise_crf,1e-12,True,True
clock__u01,hpid_split_group_ids,1e-12,True,True
cup__u01,raw_proposals,1e-12,True,True
cup__u01,greedy_nms,1e-12,True,True
cup__u01,dbscan_fusion,1e-12,True,True
cup__u01,local_pairwise_crf,1e-12,True,True
cup__u01,hpid_split_group_ids,1e-12,True,True
glass_drink_container__u01,raw_proposals,1e-12,True,True
glass_drink_container__u01,greedy_nms,1e-12,True,True
glass_drink_container__u01,dbscan_fusion,1e-12,True,True
glass_drink_container__u01,local_pairwise_crf,1e-12,True,True
glass_drink_container__u01,hpid_split_group_ids,1e-12,True,True
guitar__u01,raw_proposals,1e-12,True,True
guitar__u01,greedy_nms,1e-12,True,True
guitar__u01,dbscan_fusion,1e-12,True,True
guitar__u01,local_pairwise_crf,1e-12,True,True
guitar__u01,hpid_split_group_ids,1e-12,True,True
handbag__u01,raw_proposals,1e-12,True,True
handbag__u01,greedy_nms,1e-12,True,True
handbag__u01,dbscan_fusion,1e-12,True,True
handbag__u01,local_pairwise_crf,1e-12,True,True
handbag__u01,hpid_split_group_ids,1e-12,True,True
helmet__u01,raw_proposals,1e-12,True,True
helmet__u01,greedy_nms,1e-12,True,True
helmet__u01,dbscan_fusion,1e-12,True,True
helmet__u01,local_pairwise_crf,1e-12,True,True
helmet__u01,hpid_split_group_ids,1e-12,True,True
jar__u01,raw_proposals,1e-12,True,True
jar__u01,greedy_nms,1e-12,True,True
jar__u01,dbscan_fusion,1e-12,True,True
jar__u01,local_pairwise_crf,1e-12,True,True
jar__u01,hpid_split_group_ids,1e-12,True,True
knife__u01,raw_proposals,1e-12,True,True
knife__u01,greedy_nms,1e-12,True,True
knife__u01,dbscan_fusion,1e-12,True,True
knife__u01,local_pairwise_crf,1e-12,True,True
knife__u01,hpid_split_group_ids,1e-12,True,True
ladder__u01,raw_proposals,1e-12,True,True
ladder__u01,greedy_nms,1e-12,True,True
ladder__u01,dbscan_fusion,1e-12,True,True
ladder__u01,local_pairwise_crf,1e-12,True,True
ladder__u01,hpid_split_group_ids,1e-12,True,True
laptop_computer__u01,raw_proposals,1e-12,True,True
laptop_computer__u01,greedy_nms,1e-12,True,True
laptop_computer__u01,dbscan_fusion,1e-12,True,True
laptop_computer__u01,local_pairwise_crf,1e-12,True,True
laptop_computer__u01,hpid_split_group_ids,1e-12,True,True
mug__u01,raw_proposals,1e-12,True,True
mug__u01,greedy_nms,1e-12,True,True
mug__u01,dbscan_fusion,1e-12,True,True
mug__u01,local_pairwise_crf,1e-12,True,True
mug__u01,hpid_split_group_ids,1e-12,True,True
pan_for_cooking__u01,raw_proposals,1e-12,True,True
pan_for_cooking__u01,greedy_nms,1e-12,True,True
pan_for_cooking__u01,dbscan_fusion,1e-12,True,True
pan_for_cooking__u01,local_pairwise_crf,1e-12,True,True
pan_for_cooking__u01,hpid_split_group_ids,1e-12,True,True
plastic_bag__u01,raw_proposals,1e-12,True,True
plastic_bag__u01,greedy_nms,1e-12,True,True
plastic_bag__u01,dbscan_fusion,1e-12,True,True
plastic_bag__u01,local_pairwise_crf,1e-12,True,True
plastic_bag__u01,hpid_split_group_ids,1e-12,True,True
pliers__u01,raw_proposals,1e-12,True,True
pliers__u01,greedy_nms,1e-12,True,True
pliers__u01,dbscan_fusion,1e-12,True,True
pliers__u01,local_pairwise_crf,1e-12,True,True
pliers__u01,hpid_split_group_ids,1e-12,True,True
remote_control__u01,raw_proposals,1e-12,True,True
remote_control__u01,greedy_nms,1e-12,True,True
remote_control__u01,dbscan_fusion,1e-12,True,True
remote_control__u01,local_pairwise_crf,1e-12,True,True
remote_control__u01,hpid_split_group_ids,1e-12,True,True
scissors__u01,raw_proposals,1e-12,True,True
scissors__u01,greedy_nms,1e-12,True,True
scissors__u01,dbscan_fusion,1e-12,True,True
scissors__u01,local_pairwise_crf,1e-12,True,True
scissors__u01,hpid_split_group_ids,1e-12,True,True
screwdriver__u01,raw_proposals,1e-12,True,True
screwdriver__u01,greedy_nms,1e-12,True,True
screwdriver__u01,dbscan_fusion,1e-12,True,True
screwdriver__u01,local_pairwise_crf,1e-12,True,True
screwdriver__u01,hpid_split_group_ids,1e-12,True,True
shoe__u01,raw_proposals,1e-12,True,True
shoe__u01,greedy_nms,1e-12,True,True
shoe__u01,dbscan_fusion,1e-12,True,True
shoe__u01,local_pairwise_crf,1e-12,True,True
shoe__u01,hpid_split_group_ids,1e-12,True,True
slipper_footwear__u01,raw_proposals,1e-12,True,True
slipper_footwear__u01,greedy_nms,1e-12,True,True
slipper_footwear__u01,dbscan_fusion,1e-12,True,True
slipper_footwear__u01,local_pairwise_crf,1e-12,True,True
slipper_footwear__u01,hpid_split_group_ids,1e-12,True,True
stool__u01,raw_proposals,1e-12,True,True
stool__u01,greedy_nms,1e-12,True,True
stool__u01,dbscan_fusion,1e-12,True,True
stool__u01,local_pairwise_crf,1e-12,True,True
stool__u01,hpid_split_group_ids,1e-12,True,True
table__u01,raw_proposals,1e-12,True,True
table__u01,greedy_nms,1e-12,True,True
table__u01,dbscan_fusion,1e-12,True,True
table__u01,local_pairwise_crf,1e-12,True,True
table__u01,hpid_split_group_ids,1e-12,True,True
telephone__u01,raw_proposals,1e-12,True,True
telephone__u01,greedy_nms,1e-12,True,True
telephone__u01,dbscan_fusion,1e-12,True,True
telephone__u01,local_pairwise_crf,1e-12,True,True
telephone__u01,hpid_split_group_ids,1e-12,True,True
television_set__u01,raw_proposals,1e-12,True,True
television_set__u01,greedy_nms,1e-12,True,True
television_set__u01,dbscan_fusion,1e-12,True,True
television_set__u01,local_pairwise_crf,1e-12,True,True
television_set__u01,hpid_split_group_ids,1e-12,True,True
watch__u01,raw_proposals,1e-12,True,True
watch__u01,greedy_nms,1e-12,True,True
watch__u01,dbscan_fusion,1e-12,True,True
watch__u01,local_pairwise_crf,1e-12,True,True
watch__u01,hpid_split_group_ids,1e-12,True,True
wrench__u01,raw_proposals,1e-12,True,True
wrench__u01,greedy_nms,1e-12,True,True
wrench__u01,dbscan_fusion,1e-12,True,True
wrench__u01,local_pairwise_crf,1e-12,True,True
wrench__u01,hpid_split_group_ids,1e-12,True,True
