population,family,candidate_n,case_n,category_n,sparse_fewer_than_10_categories,sparse_fewer_than_30_candidates,iou_threshold,sum_w,matched_n,Brier_sum_squared_error,ECE_weighted_absolute_gap_numerator,valid_bootstrap_draws,zero_denominator_draws,mean_w,mean_w_ci95_low,mean_w_ci95_high,matched_fraction,matched_fraction_ci95_low,matched_fraction_ci95_high,Brier_if_weight_interpreted_as_probability,Brier_if_weight_interpreted_as_probability_ci95_low,Brier_if_weight_interpreted_as_probability_ci95_high,ECE10_if_weight_interpreted_as_probability,ECE10_if_weight_interpreted_as_probability_ci95_low,ECE10_if_weight_interpreted_as_probability_ci95_high
primary_conditional_semantic,ALL,892,172,56,0,0,0.25,496.33496964238515,318,225.40432911774823,178.33496964238518,10000,0,0.5564293381641089,0.5470500803741356,0.5675389349787421,0.35650224215246634,0.27021430590521167,0.44110854503464203,0.25269543623065943,0.24026450450951256,0.26619943540610547,0.19992709601164257,0.12001407529232169,0.2852686038881072
primary_conditional_semantic,ALL,892,172,56,0,0,0.5,496.33496964238515,202,243.6067431315066,294.3349696423852,10000,0,0.5564293381641089,0.5470500803741356,0.5675389349787421,0.226457399103139,0.16753291115207966,0.2871012482662968,0.2731017299680567,0.2623517336059103,0.2841680897017671,0.32997193906096994,0.27186647850020595,0.3875577959827611
primary_conditional_semantic,grounded-sam2[IDEA-Research/grounding-dino|facebook/sam2.1-hiera-tiny],91,80,30,0,0,0.25,66.46328456680818,62,18.801906845021325,10.959668402415977,10000,0,0.7303657644704196,0.6828254870225225,0.7724244194128037,0.6813186813186813,0.581081081081081,0.7727272727272727,0.20661436093430027,0.15705767902854478,0.2600983842649796,0.12043591651006567,0.07469316170335605,0.2185418012929764
primary_conditional_semantic,grounded-sam2[IDEA-Research/grounding-dino|facebook/sam2.1-hiera-tiny],91,80,30,0,0,0.5,66.46328456680818,43,29.31058088677678,23.463284566808177,10000,0,0.7303657644704196,0.6828254870225225,0.7724244194128037,0.4725274725274725,0.3763440860215054,0.5694488396624472,0.32209429545908547,0.26171000394738986,0.38321044858051057,0.257838291942947,0.18385331342093347,0.36095352508369744
primary_conditional_semantic,grounded-sam2[IDEA-Research/grounding-dino|facebook/sam2.1-hiera-tiny]/profile-dense,25,11,4,1,1,0.25,10.488726520075721,2,5.12948653623744,8.488726520075723,9851,149,0.41954906080302884,0.3700197798269857,0.4655219894803985,0.08,0.0,0.4,0.2051794614494976,0.15384464146678148,0.2565537505104609,0.33954906080302893,0.2087067199340321,0.4655219894803985
primary_conditional_semantic,grounded-sam2[IDEA-Research/grounding-dino|facebook/sam2.1-hiera-tiny]/profile-dense,25,11,4,1,1,0.5,10.488726520075721,1,4.81126641295471,9.488726520075723,9851,149,0.41954906080302884,0.3700197798269857,0.4655219894803985,0.04,0.0,0.2,0.1924506565181884,0.15384464146678148,0.22287797297356282,0.3795490608030289,0.2655291236858865,0.4655219894803985
primary_conditional_semantic,grounded-sam2[IDEA-Research/grounding-dino|facebook/sam2.1-hiera-tiny]/profile-refine,249,108,45,0,0,0.25,133.8425794773793,121,60.591281517059755,14.463687447864963,10000,0,0.5375203995075474,0.5273150078012743,0.5496039509639604,0.4859437751004016,0.39037433155080214,0.5657910783055199,0.2433384799881918,0.23406513453236186,0.25381493938015237,0.05808709818419664,0.03968521012063514,0.1559559920563765
primary_conditional_semantic,grounded-sam2[IDEA-Research/grounding-dino|facebook/sam2.1-hiera-tiny]/profile-refine,249,108,45,0,0,0.5,133.8425794773793,84,63.70121324584611,49.84257947737932,10000,0,0.5375203995075474,0.5273150078012743,0.5496039509639604,0.3373493975903614,0.2736842105263158,0.4,0.25582816564596833,0.24568583245721487,0.26673613667402696,0.200171001917186,0.14384357359760166,0.26610958550755626
primary_conditional_semantic,hpid-appearance-contour,0,0,0,1,1,0.25,0.0,0,0.0,0.0,0,10000,,,,,,,,,,,,
primary_conditional_semantic,hpid-appearance-contour,0,0,0,1,1,0.5,0.0,0,0.0,0.0,0,10000,,,,,,,,,,,,
primary_conditional_semantic,hpid-repetitive-physical-detail-v1,45,5,2,1,0,0.25,28.148549617490985,0,17.653127414802135,28.14854961749099,8712,1288,0.625523324833133,0.6222683252490692,0.6261229300196711,0.0,0.0,0.0,0.39229172032893633,0.38865971478009315,0.3929607739826706,0.6255233248331331,0.6222683252490692,0.6261229300196712
primary_conditional_semantic,hpid-repetitive-physical-detail-v1,45,5,2,1,0,0.5,28.148549617490985,0,17.653127414802135,28.14854961749099,8712,1288,0.625523324833133,0.6222683252490692,0.6261229300196711,0.0,0.0,0.0,0.39229172032893633,0.38865971478009315,0.3929607739826706,0.6255233248331331,0.6222683252490692,0.6261229300196712
primary_conditional_semantic,hpid-structural-fusion-v1,1,1,1,1,1,0.25,0.6976363503649636,1,0.09142377662061903,0.30236364963503637,6313,3687,0.6976363503649636,0.6976363503649635,0.6976363503649636,1.0,1.0,1.0,0.09142377662061903,0.09142377662061903,0.09142377662061903,0.30236364963503637,0.30236364963503637,0.3023636496350364
primary_conditional_semantic,hpid-structural-fusion-v1,1,1,1,1,1,0.5,0.6976363503649636,1,0.09142377662061903,0.30236364963503637,6313,3687,0.6976363503649636,0.6976363503649635,0.6976363503649636,1.0,1.0,1.0,0.09142377662061903,0.09142377662061903,0.09142377662061903,0.30236364963503637,0.30236364963503637,0.3023636496350364
primary_conditional_semantic,hpid-structural-fusion-v2,1,1,1,1,1,0.25,0.6854281979349074,0,0.4698118145242946,0.6854281979349074,6329,3671,0.6854281979349074,0.6854281979349074,0.6854281979349074,0.0,0.0,0.0,0.4698118145242946,0.4698118145242946,0.4698118145242946,0.6854281979349074,0.6854281979349074,0.6854281979349074
primary_conditional_semantic,hpid-structural-fusion-v2,1,1,1,1,1,0.5,0.6854281979349074,0,0.4698118145242946,0.6854281979349074,6329,3671,0.6854281979349074,0.6854281979349074,0.6854281979349074,0.0,0.0,0.0,0.4698118145242946,0.4698118145242946,0.4698118145242946,0.6854281979349074,0.6854281979349074,0.6854281979349074
primary_conditional_semantic,hpid-topology-v1,6,6,3,1,1,0.25,3.4386175786179303,5,1.2122814045630477,1.5613824213820697,9531,469,0.573102929769655,0.5399635877627134,0.5856506333050131,0.8333333333333334,0.0,1.0,0.20204690076050794,0.1728636701101755,0.3091932235381909,0.26023040356367827,0.04800752269893882,0.5560514576351643
primary_conditional_semantic,hpid-topology-v1,6,6,3,1,1,0.5,3.4386175786179303,2,1.6014962311016103,1.4386175786179303,9531,469,0.573102929769655,0.5399635877627134,0.5856506333050131,0.3333333333333333,0.0,0.5,0.2669160385169351,0.2501855828634595,0.3091932235381909,0.2397695964363217,0.08565063330501316,0.5560514576351643
primary_conditional_semantic,sam2-amg[facebook/sam2.1-hiera-tiny],474,145,53,0,0,0.25,252.57014733371315,127,121.4550098089196,125.57014733371315,10000,0,0.5328484120964413,0.5232443123301292,0.5432893645548095,0.2679324894514768,0.2013128207515749,0.33625894894186137,0.25623419790911306,0.24964500724310373,0.2638229892497092,0.26491592264496444,0.2029411480386902,0.323996444652402
primary_conditional_semantic,sam2-amg[facebook/sam2.1-hiera-tiny],474,145,53,0,0,0.5,252.57014733371315,71,125.96782334888032,181.57014733371315,10000,0,0.5328484120964413,0.5232443123301292,0.5432893645548095,0.14978902953586498,0.1047094890646467,0.19956627689385828,0.26575490157991627,0.25808552336510554,0.2747372670559073,0.38305938256057626,0.3383407355006839,0.422782584067602
secondary_evaluation_geometry,ALL,1830,221,60,0,0,0.25,993.940275049517,744,455.70590185155675,256.14682703535414,10000,0,0.5431367623221405,0.537539047904663,0.5489597675017034,0.4065573770491803,0.34356778183022796,0.47059009092596027,0.24901961849811843,0.24059053620573703,0.2575997217477849,0.1399709437351662,0.08324806732363817,0.2031415965009169
secondary_evaluation_geometry,ALL,1830,221,60,0,0,0.5,993.940275049517,417,488.28973674484536,576.9402750495169,10000,0,0.5431367623221405,0.537539047904663,0.5489597675017034,0.2278688524590164,0.18406162251642239,0.27403158161934854,0.2668249927567461,0.2595091302199001,0.2740161017813534,0.315267909863124,0.2704733470800684,0.3584424891923369
secondary_evaluation_geometry,grounded-sam2[IDEA-Research/grounding-dino|facebook/sam2.1-hiera-tiny],137,122,46,0,0,0.25,96.74690954039735,99,25.580871967199034,9.295217639221734,10000,0,0.7061818214627544,0.6715922633489304,0.7373552695995181,0.7226277372262774,0.6363636363636364,0.7984496124031008,0.18672169319123383,0.14916370298558115,0.2291756928277948,0.06784830393592507,0.048556473597746404,0.14498704252985486
secondary_evaluation_geometry,grounded-sam2[IDEA-Research/grounding-dino|facebook/sam2.1-hiera-tiny],137,122,46,0,0,0.5,96.74690954039735,63,42.65604887281738,33.74690954039734,10000,0,0.7061818214627544,0.6715922633489304,0.7373552695995181,0.45985401459854014,0.3617021276595745,0.5540698902027025,0.3113580209694699,0.2624641166963572,0.3615409339327617,0.24632780686421415,0.1678072437046556,0.3415706577118754
secondary_evaluation_geometry,grounded-sam2[IDEA-Research/grounding-dino|facebook/sam2.1-hiera-tiny]/profile-dense,39,18,9,1,0,0.25,14.98099305389634,15,9.274040723168392,8.355763913982122,10000,0,0.38412802702298304,0.31092195359466046,0.4345800245841772,0.38461538461538464,0.2205820039880359,0.75,0.23779591597867672,0.18660502760689635,0.29540189194687777,0.21425035676877235,0.17110364150695107,0.3932850274885156
secondary_evaluation_geometry,grounded-sam2[IDEA-Research/grounding-dino|facebook/sam2.1-hiera-tiny]/profile-dense,39,18,9,1,0,0.5,14.98099305389634,5,6.733680555493288,10.238440721518849,10000,0,0.38412802702298304,0.31092195359466046,0.4345800245841772,0.1282051282051282,0.022222222222222223,0.36363636363636365,0.17265847578187918,0.13204234764471748,0.221820456288307,0.2625241210645859,0.1288529574374418,0.3798379344296473
secondary_evaluation_geometry,grounded-sam2[IDEA-Research/grounding-dino|facebook/sam2.1-hiera-tiny]/profile-refine,474,153,56,0,0,0.25,251.9683899614482,267,116.0971569609874,21.815251716022324,10000,0,0.5315788817752072,0.5251926842785795,0.5383946956762793,0.5632911392405063,0.4866663244353183,0.6342145532614653,0.24493071088815907,0.23683677311518941,0.2539471566680923,0.04602373779751545,0.01676415834506145,0.11103619090189654
secondary_evaluation_geometry,grounded-sam2[IDEA-Research/grounding-dino|facebook/sam2.1-hiera-tiny]/profile-refine,474,153,56,0,0,0.5,251.9683899614482,176,120.83507366195239,75.96838996144818,10000,0,0.5315788817752072,0.5251926842785795,0.5383946956762793,0.37130801687763715,0.30483094352982826,0.4401711813393529,0.2549263157425156,0.24566922019663573,0.26406669136462313,0.16027086489757,0.09264393251839219,0.22679608144299299
secondary_evaluation_geometry,hpid-appearance-contour,42,11,9,1,0,0.25,20.827026541258913,3,10.138438885214581,17.82702654125891,10000,0,0.4958815843156884,0.4858984564720445,0.5060481124563304,0.07142857142857142,0.0,0.17647058823529413,0.2413914020289186,0.23211364875750298,0.2540141782984463,0.4244530128871169,0.32568469856523585,0.5001106973975925
secondary_evaluation_geometry,hpid-appearance-contour,42,11,9,1,0,0.5,20.827026541258913,0,10.374934127649441,20.82702654125891,10000,0,0.4958815843156884,0.4858984564720445,0.5060481124563304,0.0,0.0,0.0,0.2470222411345105,0.23695182922706204,0.2574274857166293,0.49588158431568835,0.4858984564720444,0.5060481124563304
secondary_evaluation_geometry,hpid-repetitive-physical-detail-v1,53,6,3,1,0,0.25,32.72572336376007,0,20.27371930654065,32.725723363760075,9571,429,0.6174664785615107,0.5721467182836348,0.6261229300196711,0.0,0.0,0.0,0.38252300578378584,0.3275739864673142,0.3929607739826706,0.6174664785615108,0.5721467182836348,0.6261229300196712
secondary_evaluation_geometry,hpid-repetitive-physical-detail-v1,53,6,3,1,0,0.5,32.72572336376007,0,20.27371930654065,32.725723363760075,9571,429,0.6174664785615107,0.5721467182836348,0.6261229300196711,0.0,0.0,0.0,0.38252300578378584,0.3275739864673142,0.3929607739826706,0.6174664785615108,0.5721467182836348,0.6261229300196712
secondary_evaluation_geometry,hpid-structural-fusion-v1,2,2,2,1,1,0.25,1.3785448481374019,2,0.19324316341446102,0.6214551518625981,8658,1342,0.6892724240687009,0.6809084977724383,0.6976363503649636,1.0,1.0,1.0,0.09662158170723051,0.09142377662061903,0.10181938679384199,0.31072757593129907,0.30236364963503637,0.3190915022275617
secondary_evaluation_geometry,hpid-structural-fusion-v1,2,2,2,1,1,0.5,1.3785448481374019,1,0.5550601589593377,0.37854484813740186,8658,1342,0.6892724240687009,0.6809084977724383,0.6976363503649636,0.5,0.0,1.0,0.27753007947966885,0.09142377662061903,0.4636363823387187,0.18927242406870093,0.025393732834121902,0.6809084977724383
secondary_evaluation_geometry,hpid-structural-fusion-v2,3,2,2,1,1,0.25,2.078574191223623,3,0.2830913113852496,0.9214258087763771,8704,1296,0.6928580637412076,0.6854281979349074,0.6965729966443578,1.0,1.0,1.0,0.09436377046174987,0.09206794636538491,0.09895541865447981,0.3071419362587924,0.3034270033556422,0.31457180206509266
secondary_evaluation_geometry,hpid-structural-fusion-v2,3,2,2,1,1,0.5,2.078574191223623,1,1.0693832979626807,1.0785741912236229,8704,1296,0.6928580637412076,0.6854281979349074,0.6965729966443578,0.3333333333333333,0.0,1.0,0.3564610993208936,0.09895541865447981,0.4852139396541005,0.3595247304078743,0.08988611741868749,0.6965729966443578
secondary_evaluation_geometry,hpid-topology-v1,13,13,7,1,1,0.25,7.6180456623268125,8,2.9655261004158957,0.9568011074829101,9991,9,0.5860035124866779,0.5450502262954487,0.6079806458341982,0.6153846153846154,0.2,0.9090909090909091,0.22811739233968428,0.18328496169983274,0.28189489766085485,0.07360008519099309,0.028883269604980943,0.5035207366293669
secondary_evaluation_geometry,hpid-topology-v1,13,13,7,1,1,0.5,7.6180456623268125,4,3.596399875659655,3.6180456623268125,9991,9,0.5860035124866779,0.5450502262954487,0.6079806458341982,0.3076923076923077,0.0,0.4444444444444444,0.2766461442815119,0.2560957049685933,0.33281080205880476,0.2783112047943702,0.1470063988007605,0.5760840744464526
secondary_evaluation_geometry,sam2-amg[facebook/sam2.1-hiera-tiny],1067,207,60,0,0,0.25,565.6160678870682,347,270.89981343323115,218.6160678870683,10000,0,0.5300994075792579,0.5254631015533774,0.5351446493834634,0.3252108716026242,0.2731727221118365,0.3795930270305365,0.253889234707808,0.24938561585358388,0.2587534945361242,0.20488853597663384,0.1560426984790571,0.2560428481505466
secondary_evaluation_geometry,sam2-amg[facebook/sam2.1-hiera-tiny],1067,207,60,0,0,0.5,565.6160678870682,167,282.19543688781056,398.61606788706825,10000,0,0.5300994075792579,0.5254631015533774,0.5351446493834634,0.15651358950328023,0.1248807451588018,0.19047619047619047,0.2644755734656144,0.2599656619759803,0.2693554685216419,0.37358581807597774,0.3419393416334171,0.40324494066380734
