candidate_count,case_id,expected_domain,fusion_seconds,ground_truth_used_in_inference,mean_matched_boundary_f1_at_025,mean_matched_iou_at_025,object_category,object_iou,object_precision,object_recall,oversegmentation_ratio,part_f1_at_025,part_f1_at_050,part_precision_at_025,part_precision_at_050,part_recall_at_025,part_recall_at_050,predicted_part_count,semantic_part_recall_at_025,variant
16,cellular_telephone,device,0.13955449999775738,False,0.0,0.0,cellular_telephone,0.9845442055923711,0.99693132300894,0.9875369837474162,0.25,0.0,0.0,0.0,0.0,0.0,0.0,1.0,0.0,A0_independent_max
16,cellular_telephone,device,0.15947319997940212,False,0.0,0.0,cellular_telephone,0.9845839899785832,0.9969721148141328,0.9875369837474162,0.25,0.0,0.0,0.0,0.0,0.0,0.0,1.0,0.0,A1_cross_source_consensus
16,cellular_telephone,device,0.20580950001021847,False,0.16008139121353038,0.4804186224937439,cellular_telephone,0.9845442055923711,0.99693132300894,0.9875369837474162,0.75,0.28571428571428575,0.0,0.3333333333333333,0.0,0.25,0.0,3.0,0.25,A2_consensus_hierarchy
16,cellular_telephone,device,0.2290060999803245,False,0.3505290458286365,0.47649726271629333,cellular_telephone,0.9845442055923711,0.99693132300894,0.9875369837474162,2.5,0.28571428571428575,0.14285714285714288,0.2,0.1,0.5,0.25,10.0,0.5,A3_full_fusion
25,laptop_computer,device,0.2647193999728188,False,0.0,0.0,laptop_computer,0.9428853007574802,0.9978655023952459,0.9447908413425655,0.0,0.0,0.0,0.0,0.0,0.0,0.0,0.0,0.0,A0_independent_max
25,laptop_computer,device,0.266664499999024,False,0.0,0.0,laptop_computer,0.9435818160998511,0.9970597488081698,0.9462147048353945,0.14285714285714285,0.0,0.0,0.0,0.0,0.0,0.0,1.0,0.0,A1_cross_source_consensus
25,laptop_computer,device,0.37667149998014793,False,0.45935028150062107,0.48390159010887146,laptop_computer,0.9530778377389555,0.9954978086150686,0.9572037158244054,1.1428571428571428,0.26666666666666666,0.13333333333333333,0.25,0.125,0.2857142857142857,0.14285714285714285,8.0,0.2857142857142857,A2_consensus_hierarchy
25,laptop_computer,device,0.4042718000127934,False,0.5610369920121911,0.5558741986751556,laptop_computer,0.9528714999485497,0.995508678046275,0.9569855431924398,1.8571428571428572,0.4,0.2,0.3076923076923077,0.15384615384615385,0.5714285714285714,0.2857142857142857,13.0,0.5714285714285714,A3_full_fusion
6,television_set,device,0.01895440003136173,False,0.0,0.0,television_set,0.9667817649372787,0.9999095881741332,0.9668662849149801,0.0,0.0,0.0,0.0,0.0,0.0,0.0,0.0,0.0,A0_independent_max
6,television_set,device,0.021042100037448108,False,0.0,0.0,television_set,0.9667817649372787,0.9999095881741332,0.9668662849149801,0.0,0.0,0.0,0.0,0.0,0.0,0.0,0.0,0.0,A1_cross_source_consensus
6,television_set,device,0.027759699965827167,False,0.7820224719101123,0.550058901309967,television_set,0.9664758075090695,0.999909559555033,0.9665603007387332,0.8,0.22222222222222224,0.22222222222222224,0.25,0.25,0.2,0.2,4.0,0.0,A2_consensus_hierarchy
6,television_set,device,0.03260149998823181,False,0.6078164122476917,0.49276408553123474,television_set,0.9667817649372787,0.9999095881741332,0.9668662849149801,0.6,0.5,0.25,0.6666666666666666,0.3333333333333333,0.4,0.2,3.0,0.0,A3_full_fusion
25,remote_control,device,0.05461759999161586,False,0.0,0.0,remote_control,0.6295955479602121,0.7894071754299214,0.7566884348009268,0.0,0.0,0.0,0.0,0.0,0.0,0.0,0.0,0.0,A0_independent_max
25,remote_control,device,0.05673209996894002,False,0.0,0.0,remote_control,0.6295955479602121,0.7894071754299214,0.7566884348009268,0.0,0.0,0.0,0.0,0.0,0.0,0.0,0.0,0.0,A1_cross_source_consensus
25,remote_control,device,0.06741070002317429,False,0.6333231052470083,0.3207547068595886,remote_control,0.6615435739802277,0.7579478393299067,0.8387402570044239,6.0,0.09523809523809525,0.0,0.05555555555555555,0.0,0.3333333333333333,0.0,18.0,0.0,A2_consensus_hierarchy
25,remote_control,device,0.07055969996144995,False,0.6333231052470083,0.3207547068595886,remote_control,0.6615851125695771,0.7579593584923618,0.838792921845376,7.333333333333333,0.08,0.0,0.045454545454545456,0.0,0.3333333333333333,0.0,22.0,0.0,A3_full_fusion
35,calculator,device,0.0895232999464497,False,0.36515112150342083,0.6600193977355957,calculator,0.8205906795371731,1.0,0.8205906795371731,1.5,0.4,0.4,0.3333333333333333,0.3333333333333333,0.5,0.5,3.0,0.0,A0_independent_max
35,calculator,device,0.08802170003764331,False,0.32702509850153566,0.7556759715080261,calculator,0.821549574889727,1.0,0.821549574889727,1.5,0.4,0.4,0.3333333333333333,0.3333333333333333,0.5,0.5,3.0,0.0,A1_cross_source_consensus
35,calculator,device,0.10858269996242598,False,0.10139560642951735,0.5525192022323608,calculator,0.9756230031948881,0.9995417498608884,0.976059579364572,17.0,0.05555555555555555,0.05555555555555555,0.029411764705882353,0.029411764705882353,0.5,0.5,34.0,0.5,A2_consensus_hierarchy
35,calculator,device,0.10915239999303594,False,0.3329330230426603,0.42167967557907104,calculator,0.9754952076677317,0.9995416898549776,0.9759317266508981,17.0,0.1111111111111111,0.05555555555555555,0.058823529411764705,0.029411764705882353,1.0,0.5,34.0,0.0,A3_full_fusion
37,telephone,device,0.11146580002969131,False,0.0,0.0,telephone,0.7050212417464299,1.0,0.7050212417464299,0.25,0.0,0.0,0.0,0.0,0.0,0.0,1.0,0.0,A0_independent_max
37,telephone,device,0.10707310005091131,False,0.499540822040542,0.6006301641464233,telephone,0.705635460920305,1.0,0.705635460920305,0.5,0.3333333333333333,0.3333333333333333,0.5,0.5,0.25,0.25,2.0,0.0,A1_cross_source_consensus
37,telephone,device,0.12486310000531375,False,0.6792988407652467,0.6674476861953735,telephone,0.7580891330891331,0.9920772303595207,0.7627066591595434,3.75,0.2105263157894737,0.10526315789473685,0.13333333333333333,0.06666666666666667,0.5,0.25,15.0,0.0,A2_consensus_hierarchy
37,telephone,device,0.13271660002646968,False,0.6788545658045827,0.6619874686002731,telephone,0.7582926332926333,0.9920793397231097,0.7629113988841685,4.0,0.2,0.1,0.125,0.0625,0.5,0.25,16.0,0.0,A3_full_fusion
4,clock,device,0.027570599981117994,False,0.4025241864230711,0.37358585000038147,clock,0.38272563427145434,1.0,0.38272563427145434,0.25,0.4,0.0,1.0,0.0,0.25,0.0,1.0,0.25,A0_independent_max
4,clock,device,0.02317509998101741,False,0.4025241864230711,0.37358585000038147,clock,0.38272563427145434,1.0,0.38272563427145434,0.25,0.4,0.0,1.0,0.0,0.25,0.0,1.0,0.25,A1_cross_source_consensus
4,clock,device,0.03632740001194179,False,0.8014536097318923,0.6129796504974365,clock,0.4338011825164392,0.9918509159823121,0.4353528351587412,0.75,0.28571428571428575,0.28571428571428575,0.3333333333333333,0.3333333333333333,0.25,0.25,3.0,0.25,A2_consensus_hierarchy
4,clock,device,0.03561879997141659,False,0.8014536097318923,0.6129796504974365,clock,0.4338011825164392,0.9918509159823121,0.4353528351587412,0.75,0.28571428571428575,0.28571428571428575,0.3333333333333333,0.3333333333333333,0.25,0.25,3.0,0.25,A3_full_fusion
17,watch,device,0.059299000015016645,False,0.30445175102682026,0.4302065968513489,watch,0.8871266496874276,0.9996086616227498,0.887434858135495,0.6666666666666666,0.4,0.0,0.5,0.0,0.3333333333333333,0.0,2.0,0.3333333333333333,A0_independent_max
17,watch,device,0.068248100054916,False,0.3196290672805342,0.3972640931606293,watch,0.8924133672918114,0.9996109790360925,0.8927234124686354,1.0,0.3333333333333333,0.0,0.3333333333333333,0.0,0.3333333333333333,0.0,3.0,0.3333333333333333,A1_cross_source_consensus
17,watch,device,0.08133830002043396,False,0.3384964940998266,0.4144957363605499,watch,0.917430133189622,0.996946373295407,0.9200154410345494,1.3333333333333333,0.28571428571428575,0.0,0.25,0.0,0.3333333333333333,0.0,4.0,0.3333333333333333,A2_consensus_hierarchy
17,watch,device,0.08510399999795482,False,0.33397709398475456,0.3806906044483185,watch,0.917430133189622,0.996946373295407,0.9200154410345494,2.0,0.4444444444444444,0.0,0.3333333333333333,0.0,0.6666666666666666,0.0,6.0,0.0,A3_full_fusion
6,earphone,device,0.009047799976542592,False,0.42127385937671546,0.5195176005363464,earphone,0.7639515554500119,0.9975193798449612,0.7654056626219368,0.8,0.22222222222222224,0.22222222222222224,0.25,0.25,0.2,0.2,4.0,0.0,A0_independent_max
6,earphone,device,0.009470099990721792,False,0.42127385937671546,0.5195176005363464,earphone,0.7639515554500119,0.9975193798449612,0.7654056626219368,0.8,0.22222222222222224,0.22222222222222224,0.25,0.25,0.2,0.2,4.0,0.0,A1_cross_source_consensus
6,earphone,device,0.012617000029422343,False,0.6999666989232581,0.577501654624939,earphone,0.930565329580108,0.9851005711447728,0.9438496312157982,1.0,0.4000000000000001,0.4000000000000001,0.4,0.4,0.4,0.4,5.0,0.2,A2_consensus_hierarchy
6,earphone,device,0.013191700039897114,False,0.6999666989232581,0.577501654624939,earphone,0.930565329580108,0.9851005711447728,0.9438496312157982,1.0,0.4000000000000001,0.4000000000000001,0.4,0.4,0.4,0.4,5.0,0.2,A3_full_fusion
8,fan,device,0.009501299995463341,False,0.6990789449151527,0.468723326921463,fan,0.5835678109172763,0.9913957934990439,0.5865384615384616,0.5,0.4444444444444444,0.2222222222222222,0.6666666666666666,0.3333333333333333,0.3333333333333333,0.16666666666666666,3.0,0.3333333333333333,A0_independent_max
8,fan,device,0.009896699979435652,False,0.7137127358264126,0.5346374958753586,fan,0.6082068577852726,0.989935956084172,0.6119909502262444,0.5,0.4444444444444444,0.2222222222222222,0.6666666666666666,0.3333333333333333,0.3333333333333333,0.16666666666666666,3.0,0.3333333333333333,A1_cross_source_consensus
8,fan,device,0.011926800012588501,False,0.7909698996655519,0.6004179120063782,fan,0.6986149584487534,0.9714946070878274,0.7132352941176471,0.5,0.4444444444444444,0.2222222222222222,0.6666666666666666,0.3333333333333333,0.3333333333333333,0.16666666666666666,3.0,0.16666666666666666,A2_consensus_hierarchy
8,fan,device,0.012382499990053475,False,0.8139325678054538,0.6343063910802206,fan,0.6986149584487534,0.9714946070878274,0.7132352941176471,0.6666666666666666,0.6,0.4,0.75,0.5,0.5,0.3333333333333333,4.0,0.3333333333333333,A3_full_fusion
7,lamp,device,0.011121999996248633,False,0.0,0.0,lamp,0.7996464348850914,0.9930479326747165,0.8041481481481482,0.0,0.0,0.0,0.0,0.0,0.0,0.0,0.0,0.0,A0_independent_max
7,lamp,device,0.012275199987925589,False,0.0,0.0,lamp,0.7996464348850914,0.9930479326747165,0.8041481481481482,0.0,0.0,0.0,0.0,0.0,0.0,0.0,0.0,0.0,A1_cross_source_consensus
7,lamp,device,0.01702670002123341,False,0.8880547495038167,0.6293399035930634,lamp,0.9132207338380897,0.9815336463223787,0.9291851851851852,1.0,0.6,0.4000000000000001,0.6,0.4,0.6,0.4,5.0,0.2,A2_consensus_hierarchy
7,lamp,device,0.016447899979539216,False,0.8880547495038167,0.6293399035930634,lamp,0.9132207338380897,0.9815336463223787,0.9291851851851852,1.0,0.6,0.4000000000000001,0.6,0.4,0.6,0.4,5.0,0.2,A3_full_fusion
15,blender,device,0.19040760002098978,False,0.4187331766801452,0.307874470949173,blender,0.904393128696142,0.9999299441888705,0.9044504368764565,0.14285714285714285,0.25,0.0,1.0,0.0,0.14285714285714285,0.0,1.0,0.14285714285714285,A0_independent_max
15,blender,device,0.185706400021445,False,0.6693534820102839,0.7660577297210693,blender,0.9099141570503799,0.9993122420907841,0.910484330885511,0.2857142857142857,0.22222222222222224,0.22222222222222224,0.5,0.5,0.14285714285714285,0.14285714285714285,2.0,0.14285714285714285,A1_cross_source_consensus
15,blender,device,0.2731128999730572,False,0.6100893642111396,0.5111017599701881,blender,0.9300044990580097,0.9983322768571342,0.9314515845132401,1.0,0.5714285714285714,0.14285714285714285,0.5714285714285714,0.14285714285714285,0.5714285714285714,0.14285714285714285,7.0,0.42857142857142855,A2_consensus_hierarchy
15,blender,device,0.29655840003397316,False,0.6139094248936663,0.49419525265693665,blender,0.9300044990580097,0.9983322768571342,0.9314515845132401,1.1428571428571428,0.5333333333333333,0.13333333333333333,0.5,0.125,0.5714285714285714,0.14285714285714285,8.0,0.42857142857142855,A3_full_fusion
28,microwave_oven,device,0.6744959999923594,False,0.0,0.0,microwave_oven,0.7732100240660595,0.9951835880115284,0.7761143383180522,0.6,0.0,0.0,0.0,0.0,0.0,0.0,3.0,0.0,A0_independent_max
28,microwave_oven,device,0.6701903999783099,False,0.2763691894000382,0.6203024983406067,microwave_oven,0.7742257240689108,0.9951813449210515,0.7771390558487853,1.2,0.1818181818181818,0.1818181818181818,0.16666666666666666,0.16666666666666666,0.2,0.2,6.0,0.0,A1_cross_source_consensus
28,microwave_oven,device,0.872164900007192,False,0.017571802908082003,0.4743174612522125,microwave_oven,0.8165067319789073,0.9949889912745657,0.8198781762043791,2.2,0.12500000000000003,0.0,0.09090909090909091,0.0,0.2,0.0,11.0,0.0,A2_consensus_hierarchy
28,microwave_oven,device,0.9363537000026554,False,0.012932256905711748,0.4485812485218048,microwave_oven,0.8174536256323778,0.9949947667007408,0.820828979683715,3.4,0.0909090909090909,0.0,0.058823529411764705,0.0,0.2,0.0,17.0,0.0,A3_full_fusion
6,kettle,device,0.01611399999819696,False,0.42192392196570144,0.6348100304603577,kettle,0.9443073669369052,0.9953927324069257,0.9484528782836508,0.2,0.33333333333333337,0.33333333333333337,1.0,1.0,0.2,0.2,1.0,0.2,A0_independent_max
6,kettle,device,0.015689799969550222,False,0.42192392196570144,0.6348100304603577,kettle,0.9443073669369052,0.9953927324069257,0.9484528782836508,0.2,0.33333333333333337,0.33333333333333337,1.0,1.0,0.2,0.2,1.0,0.2,A1_cross_source_consensus
6,kettle,device,0.028954399982467294,False,0.6140252473480164,0.5566152930259705,kettle,0.9443073669369052,0.9953927324069257,0.9484528782836508,1.0,0.4000000000000001,0.20000000000000004,0.4,0.2,0.4,0.2,5.0,0.4,A2_consensus_hierarchy
6,kettle,device,0.028976300032809377,False,0.5807971765805873,0.49359163641929626,kettle,0.9443073669369052,0.9953927324069257,0.9484528782836508,1.0,0.8000000000000002,0.20000000000000004,0.8,0.2,0.8,0.2,5.0,0.4,A3_full_fusion
3,mouse_computer_equipment,device,0.020296999951824546,False,0.7113248662449384,0.8986178040504456,mouse_(computer_equipment),0.943295574288725,0.9823281971560514,0.959579267067152,0.2,0.33333333333333337,0.33333333333333337,1.0,1.0,0.2,0.2,1.0,0.2,A0_independent_max
3,mouse_computer_equipment,device,0.019795000029262155,False,0.7113248662449384,0.8986178040504456,mouse_(computer_equipment),0.943295574288725,0.9823281971560514,0.959579267067152,0.2,0.33333333333333337,0.33333333333333337,1.0,1.0,0.2,0.2,1.0,0.2,A1_cross_source_consensus
3,mouse_computer_equipment,device,0.02615790005074814,False,0.6647368156340288,0.8910530209541321,mouse_(computer_equipment),0.943295574288725,0.9823281971560514,0.959579267067152,0.6,0.25,0.25,0.3333333333333333,0.3333333333333333,0.2,0.2,3.0,0.2,A2_consensus_hierarchy
3,mouse_computer_equipment,device,0.025491400039754808,False,0.6647368156340288,0.8910530209541321,mouse_(computer_equipment),0.943295574288725,0.9823281971560514,0.959579267067152,0.6,0.25,0.25,0.3333333333333333,0.3333333333333333,0.2,0.2,3.0,0.2,A3_full_fusion
32,chair,furniture,0.7558160000480711,False,0.0878844946641557,0.269021213054657,chair,0.815213540641606,0.9276560006718737,0.8705594291689217,1.4285714285714286,0.11764705882352941,0.0,0.1,0.0,0.14285714285714285,0.0,10.0,0.0,A0_independent_max
32,chair,furniture,0.8167844000272453,False,0.30400980178966835,0.5253809690475464,chair,0.8197313033557575,0.9274844625459725,0.8758663086712309,1.4285714285714286,0.11764705882352941,0.11764705882352941,0.1,0.1,0.14285714285714285,0.14285714285714285,10.0,0.0,A1_cross_source_consensus
32,chair,furniture,0.9378632000298239,False,0.642759063330459,0.6287845075130463,chair,0.8568552328081629,0.9245305900776681,0.9212952989454547,2.857142857142857,0.14814814814814817,0.07407407407407408,0.1,0.05,0.2857142857142857,0.14285714285714285,20.0,0.0,A2_consensus_hierarchy
32,chair,furniture,1.0040247999713756,False,0.6828125368886855,0.7096256017684937,chair,0.8566988545291059,0.9245178540351543,0.9211271601889459,3.142857142857143,0.13793103448275862,0.13793103448275862,0.09090909090909091,0.09090909090909091,0.2857142857142857,0.2857142857142857,22.0,0.0,A3_full_fusion
34,bench,furniture,0.4028425999567844,False,0.0,0.0,bench,0.8110893546385606,0.9945459395903526,0.8147131907178529,2.0,0.0,0.0,0.0,0.0,0.0,0.0,10.0,0.0,A0_independent_max
34,bench,furniture,0.4187030000030063,False,0.5374078408691689,0.37916214019060135,bench,0.8193319267503101,0.9938557418043996,0.8235032254409181,3.2,0.38095238095238093,0.09523809523809523,0.25,0.0625,0.8,0.2,16.0,0.6,A1_cross_source_consensus
34,bench,furniture,0.6393431999604218,False,0.5410360116984538,0.5235622723897299,bench,0.8340648142947694,0.9896797288548688,0.8413827712081846,4.4,0.22222222222222218,0.14814814814814814,0.13636363636363635,0.09090909090909091,0.6,0.4,22.0,0.6,A2_consensus_hierarchy
34,bench,furniture,0.6847326999995857,False,0.6050430746428299,0.5318419992923736,bench,0.8336757129788634,0.9898151676829269,0.8408890399760419,5.0,0.33333333333333337,0.13333333333333333,0.2,0.08,1.0,0.4,25.0,1.0,A3_full_fusion
13,stool,furniture,0.04076070000883192,False,0.0,0.0,stool,0.0,0.0,0.0,2.0,0.0,0.0,0.0,0.0,0.0,0.0,6.0,0.0,A0_independent_max
13,stool,furniture,0.04719179996754974,False,0.0,0.0,stool,0.0,0.0,0.0,1.3333333333333333,0.0,0.0,0.0,0.0,0.0,0.0,4.0,0.0,A1_cross_source_consensus
13,stool,furniture,0.07344710000324994,False,0.0,0.0,stool,0.0010350238723247972,0.001671339227949105,0.0027112121742172467,3.3333333333333335,0.0,0.0,0.0,0.0,0.0,0.0,10.0,0.0,A2_consensus_hierarchy
13,stool,furniture,0.06954310002038255,False,0.0,0.0,stool,0.0010350238723247972,0.001671339227949105,0.0027112121742172467,3.3333333333333335,0.0,0.0,0.0,0.0,0.0,0.0,10.0,0.0,A3_full_fusion
20,table,furniture,0.07696090004174039,False,0.0,0.0,table,0.3692623268054803,0.3814264012153194,0.9205016883743367,0.25,0.0,0.0,0.0,0.0,0.0,0.0,1.0,0.0,A0_independent_max
20,table,furniture,0.07427929999539629,False,0.0,0.0,table,0.36016453451073627,0.37168003738608923,0.9207911239749156,0.75,0.0,0.0,0.0,0.0,0.0,0.0,3.0,0.0,A1_cross_source_consensus
20,table,furniture,0.09268519998295233,False,0.304289078388249,0.4232891798019409,table,0.3437604886889978,0.34518553469717905,0.9881331403762663,2.5,0.14285714285714288,0.0,0.1,0.0,0.25,0.0,10.0,0.25,A2_consensus_hierarchy
20,table,furniture,0.10727899998892099,False,0.5193624191638583,0.4975334703922272,table,0.34386542206702037,0.34530312226043564,0.98803666184274,3.5,0.11111111111111112,0.0,0.07142857142857142,0.0,0.25,0.0,14.0,0.25,A3_full_fusion
5,bottle,container,0.008773899986408651,False,0.35659391331079,0.5152245163917542,bottle,0.8667832677452266,1.0,0.8667832677452266,0.2857142857142857,0.22222222222222224,0.22222222222222224,0.5,0.5,0.14285714285714285,0.14285714285714285,2.0,0.0,A0_independent_max
5,bottle,container,0.010093700024299324,False,0.4774485049770851,0.5772852003574371,bottle,0.8749817863907912,0.9996670551023805,0.875236845940825,0.2857142857142857,0.4444444444444445,0.4444444444444445,1.0,1.0,0.2857142857142857,0.2857142857142857,2.0,0.0,A1_cross_source_consensus
5,bottle,container,0.01136679999763146,False,0.48281237752481293,0.6544508039951324,bottle,0.9177187636047018,0.9952785646836638,0.9217315260166157,0.2857142857142857,0.4444444444444445,0.4444444444444445,1.0,1.0,0.2857142857142857,0.2857142857142857,2.0,0.0,A2_consensus_hierarchy
5,bottle,container,0.010953099990729243,False,0.48281237752481293,0.6544508039951324,bottle,0.9177187636047018,0.9952785646836638,0.9217315260166157,0.2857142857142857,0.4444444444444445,0.4444444444444445,1.0,1.0,0.2857142857142857,0.2857142857142857,2.0,0.0,A3_full_fusion
10,jar,container,0.02529670001240447,False,0.7238391741597197,0.6979271769523621,jar,0.9382504288164666,0.9996027331956142,0.9386004177857356,0.4,0.28571428571428575,0.28571428571428575,0.5,0.5,0.2,0.2,2.0,0.2,A0_independent_max
10,jar,container,0.02280490001430735,False,0.6956011218762539,0.5685933629671732,jar,0.9510922239618281,0.9992950023499921,0.9517308266189197,0.6,0.7499999999999999,0.5,1.0,0.6666666666666666,0.6,0.4,3.0,0.6,A1_cross_source_consensus
10,jar,container,0.027151399990543723,False,0.9158423114732432,0.8637508153915405,jar,0.9654915960136844,0.9967751842751843,0.9685168606386153,0.8,0.6666666666666665,0.6666666666666665,0.75,0.75,0.6,0.6,4.0,0.6,A2_consensus_hierarchy
10,jar,container,0.028567400004249066,False,0.9158423114732432,0.8637508153915405,jar,0.9654915960136844,0.9967751842751843,0.9685168606386153,0.8,0.6666666666666665,0.6666666666666665,0.75,0.75,0.6,0.6,4.0,0.6,A3_full_fusion
7,can,container,0.023303199966903776,False,0.0,0.44093939661979675,can,0.9680639471610313,0.999689970547202,0.9683546679680168,0.16666666666666666,0.2857142857142857,0.0,1.0,0.0,0.16666666666666666,0.0,1.0,0.16666666666666666,A0_independent_max
7,can,container,0.0226433000061661,False,0.0,0.44093939661979675,can,0.9680639471610313,0.999689970547202,0.9683546679680168,0.16666666666666666,0.2857142857142857,0.0,1.0,0.0,0.16666666666666666,0.0,1.0,0.16666666666666666,A1_cross_source_consensus
7,can,container,0.03007939999224618,False,0.15946644940321772,0.4173497259616852,can,0.9790230746179203,0.9978238460657427,0.9811179098314501,0.6666666666666666,0.4,0.0,0.5,0.0,0.3333333333333333,0.0,4.0,0.0,A2_consensus_hierarchy
7,can,container,0.031196099997032434,False,0.17683012786344782,0.41105909645557404,can,0.9790230746179203,0.9978238460657427,0.9811179098314501,0.6666666666666666,0.4,0.0,0.5,0.0,0.3333333333333333,0.0,4.0,0.0,A3_full_fusion
3,cup,container,0.03139710001414642,False,0.0,0.0,cup,0.6476434849289211,1.0,0.6476434849289211,0.0,0.0,0.0,0.0,0.0,0.0,0.0,0.0,0.0,A0_independent_max
3,cup,container,0.030948600033298135,False,0.0,0.0,cup,0.6476434849289211,1.0,0.6476434849289211,0.0,0.0,0.0,0.0,0.0,0.0,0.0,0.0,0.0,A1_cross_source_consensus
3,cup,container,0.050963599991519004,False,0.3816559253990004,0.353695809841156,cup,0.8835985060141752,0.9967818990113463,0.8861263493187047,0.6666666666666666,0.4,0.0,0.5,0.0,0.3333333333333333,0.0,2.0,0.0,A2_consensus_hierarchy
3,cup,container,0.05096119997324422,False,0.3816559253990004,0.353695809841156,cup,0.8835985060141752,0.9967818990113463,0.8861263493187047,0.6666666666666666,0.4,0.0,0.5,0.0,0.3333333333333333,0.0,2.0,0.0,A3_full_fusion
7,mug,container,0.014363100053742528,False,0.3862367614863438,0.3992439806461334,mug,0.8283010645583017,0.9964053021792856,0.8307836403371839,0.16666666666666666,0.2857142857142857,0.0,1.0,0.0,0.16666666666666666,0.0,1.0,0.16666666666666666,A0_independent_max
7,mug,container,0.014444600034039468,False,0.3862367614863438,0.3992439806461334,mug,0.8283010645583017,0.9964053021792856,0.8307836403371839,0.16666666666666666,0.2857142857142857,0.0,1.0,0.0,0.16666666666666666,0.0,1.0,0.16666666666666666,A1_cross_source_consensus
7,mug,container,0.021575699967797846,False,0.6069166514331222,0.537416954835256,mug,0.8283010645583017,0.9964053021792856,0.8307836403371839,0.6666666666666666,0.6,0.4,0.75,0.5,0.5,0.3333333333333333,4.0,0.5,A2_consensus_hierarchy
7,mug,container,0.023299299995414913,False,0.6996483589310983,0.5885650416215261,mug,0.8283010645583017,0.9964053021792856,0.8307836403371839,0.6666666666666666,0.6,0.4,0.75,0.5,0.5,0.3333333333333333,4.0,0.5,A3_full_fusion
7,glass_drink_container,container,0.0261857999721542,False,0.3863973374633407,0.3879936933517456,glass_(drink_container),0.9388118371282356,0.9998420221169037,0.9389511163860248,0.2,0.33333333333333337,0.0,1.0,0.0,0.2,0.0,1.0,0.0,A0_independent_max
7,glass_drink_container,container,0.026448499993421137,False,0.3863973374633407,0.3879936933517456,glass_(drink_container),0.9388118371282356,0.9998420221169037,0.9389511163860248,0.2,0.33333333333333337,0.0,1.0,0.0,0.2,0.0,1.0,0.0,A1_cross_source_consensus
7,glass_drink_container,container,0.03390370000852272,False,0.3356843116449004,0.4060639888048172,glass_(drink_container),0.9438421110661913,0.9904736192533169,0.9524886877828054,1.0,0.4000000000000001,0.0,0.4,0.0,0.4,0.0,5.0,0.2,A2_consensus_hierarchy
7,glass_drink_container,container,0.034501500020269305,False,0.6019751812045877,0.6089329123497009,glass_(drink_container),0.9438421110661913,0.9904736192533169,0.9524886877828054,1.2,0.5454545454545454,0.3636363636363636,0.5,0.3333333333333333,0.6,0.4,6.0,0.2,A3_full_fusion
4,bowl,container,0.013711999985389411,False,0.41323231042353537,0.3659002482891083,bowl,0.4867983009987372,0.5429925091235034,0.8246791131855309,0.2,0.33333333333333337,0.0,1.0,0.0,0.2,0.0,1.0,0.2,A0_independent_max
4,bowl,container,0.014480799960438162,False,0.41323231042353537,0.3659002482891083,bowl,0.4867983009987372,0.5429925091235034,0.8246791131855309,0.2,0.33333333333333337,0.0,1.0,0.0,0.2,0.0,1.0,0.2,A1_cross_source_consensus
4,bowl,container,0.02009800000814721,False,0.4266881073512899,0.3818966746330261,bowl,0.534486582390774,0.5542778288868445,0.9373784519642162,0.8,0.22222222222222224,0.0,0.25,0.0,0.2,0.0,4.0,0.2,A2_consensus_hierarchy
4,bowl,container,0.019938700017519295,False,0.379616124327185,0.3699641227722168,bowl,0.534486582390774,0.5542778288868445,0.9373784519642162,0.8,0.22222222222222224,0.0,0.25,0.0,0.2,0.0,4.0,0.2,A3_full_fusion
9,handbag,container,0.020289700012654066,False,0.6596992912065459,0.8083135485649109,handbag,0.8441613588110404,0.9851337958374629,0.8550537634408603,0.2,0.33333333333333337,0.33333333333333337,1.0,1.0,0.2,0.2,1.0,0.2,A0_independent_max
9,handbag,container,0.024946500023361295,False,0.6596992912065459,0.8083135485649109,handbag,0.8441613588110404,0.9851337958374629,0.8550537634408603,0.2,0.33333333333333337,0.33333333333333337,1.0,1.0,0.2,0.2,1.0,0.2,A1_cross_source_consensus
9,handbag,container,0.031231399974785745,False,0.7161956858213676,0.3672908693552017,handbag,0.8819246597024375,0.9792618629173989,0.8987096774193548,1.2,0.3636363636363636,0.0,0.3333333333333333,0.0,0.4,0.0,6.0,0.2,A2_consensus_hierarchy
9,handbag,container,0.029134200012777,False,0.6491604355795311,0.31323909759521484,handbag,0.8819246597024375,0.9792618629173989,0.8987096774193548,1.2,0.3636363636363636,0.0,0.3333333333333333,0.0,0.4,0.0,6.0,0.2,A3_full_fusion
5,plastic_bag,container,0.04906160000246018,False,0.6853070159551569,0.7574943900108337,plastic_bag,0.5321209204253758,0.9994834154846208,0.5322673085740486,0.3333333333333333,0.5,0.5,1.0,1.0,0.3333333333333333,0.3333333333333333,1.0,0.3333333333333333,A0_independent_max
5,plastic_bag,container,0.04703819996211678,False,0.6853070159551569,0.7574943900108337,plastic_bag,0.5321209204253758,0.9994834154846208,0.5322673085740486,0.3333333333333333,0.5,0.5,1.0,1.0,0.3333333333333333,0.3333333333333333,1.0,0.3333333333333333,A1_cross_source_consensus
5,plastic_bag,container,0.08054729999275878,False,0.6003414889874504,0.6846349239349365,plastic_bag,0.5321209204253758,0.9994834154846208,0.5322673085740486,1.3333333333333333,0.28571428571428575,0.28571428571428575,0.25,0.25,0.3333333333333333,0.3333333333333333,4.0,0.3333333333333333,A2_consensus_hierarchy
5,plastic_bag,container,0.09825899999123067,False,0.3118412820709222,0.3772772401571274,plastic_bag,0.5320292445911258,0.9994833265161137,0.5321756075194864,1.6666666666666667,0.5,0.0,0.4,0.0,0.6666666666666666,0.0,5.0,0.3333333333333333,A3_full_fusion
5,box,container,0.13835439999820665,False,0.0,0.0,box,0.12015637785253205,1.0,0.12015637785253205,0.25,0.0,0.0,0.0,0.0,0.0,0.0,1.0,0.0,A0_independent_max
5,box,container,0.14108260005014017,False,0.0,0.0,box,0.12550231839258114,1.0,0.12550231839258114,0.5,0.0,0.0,0.0,0.0,0.0,0.0,2.0,0.0,A1_cross_source_consensus
5,box,container,0.19720440002856776,False,0.0,0.0,box,0.14066127223687003,1.0,0.14066127223687003,1.0,0.0,0.0,0.0,0.0,0.0,0.0,4.0,0.0,A2_consensus_hierarchy
5,box,container,0.21490859996993095,False,0.0,0.0,box,0.14066127223687003,1.0,0.14066127223687003,1.0,0.0,0.0,0.0,0.0,0.0,0.0,4.0,0.0,A3_full_fusion
9,carton,container,0.027111200033687055,False,0.7333872271624898,0.47920432686805725,carton,0.8433345099423462,0.9999302455357143,0.8433841266105784,0.75,0.28571428571428575,0.0,0.3333333333333333,0.0,0.25,0.0,3.0,0.25,A0_independent_max
9,carton,container,0.025799900002311915,False,0.7333872271624898,0.47920432686805725,carton,0.8656312507353806,0.999932042133877,0.8656821792080955,1.0,0.25,0.0,0.25,0.0,0.25,0.0,4.0,0.25,A1_cross_source_consensus
9,carton,container,0.036781299975700676,False,0.5386857381396107,0.3916042447090149,carton,0.9572014051522248,0.9949488802336903,0.9618756251103135,1.25,0.6666666666666665,0.22222222222222224,0.6,0.2,0.75,0.25,5.0,0.5,A2_consensus_hierarchy
9,carton,container,0.03518950002035126,False,0.47484699083097864,0.38699136177698773,carton,0.9572014051522248,0.9949488802336903,0.9618756251103135,1.25,0.6666666666666665,0.22222222222222224,0.6,0.2,0.75,0.25,5.0,0.5,A3_full_fusion
14,crate,container,0.11654490005457774,False,0.0,0.0,crate,0.8203342249529914,0.9021800865044345,0.9004229589686197,1.6666666666666667,0.0,0.0,0.0,0.0,0.0,0.0,5.0,0.0,A0_independent_max
14,crate,container,0.1184977000229992,False,0.0,0.0,crate,0.8114203392050291,0.8913249892101855,0.9005101670033866,2.0,0.0,0.0,0.0,0.0,0.0,0.0,6.0,0.0,A1_cross_source_consensus
14,crate,container,0.18249169999035075,False,0.8442795825327598,0.7579935193061829,crate,0.8784147498992315,0.8928448708799196,0.981933402130783,3.0,0.16666666666666666,0.16666666666666666,0.1111111111111111,0.1111111111111111,0.3333333333333333,0.3333333333333333,9.0,0.0,A2_consensus_hierarchy
14,crate,container,0.18533249996835366,False,0.5779144712534439,0.6458366513252258,crate,0.8781581992900147,0.892880280293515,0.9815700353192541,2.6666666666666665,0.36363636363636365,0.18181818181818182,0.25,0.125,0.6666666666666666,0.3333333333333333,8.0,0.3333333333333333,A3_full_fusion
3,basket,container,0.004266900010406971,False,0.0,0.0,basket,0.8156368221941992,1.0,0.8156368221941992,0.2,0.0,0.0,0.0,0.0,0.0,0.0,1.0,0.0,A0_independent_max
3,basket,container,0.004406200023368001,False,0.0,0.0,basket,0.8156368221941992,1.0,0.8156368221941992,0.2,0.0,0.0,0.0,0.0,0.0,0.0,1.0,0.0,A1_cross_source_consensus
3,basket,container,0.005423499969765544,False,0.0,0.0,basket,0.8712522045855379,0.998844598497978,0.8721311475409836,0.2,0.0,0.0,0.0,0.0,0.0,0.0,1.0,0.0,A2_consensus_hierarchy
3,basket,container,0.005471399985253811,False,0.0,0.0,basket,0.8712522045855379,0.998844598497978,0.8721311475409836,0.2,0.0,0.0,0.0,0.0,0.0,0.0,1.0,0.0,A3_full_fusion
11,bucket,container,0.06376310001360252,False,0.4963352378055157,0.7064784169197083,bucket,0.7594347954077126,0.8943664413243196,0.8342657568799923,0.4,0.28571428571428575,0.28571428571428575,0.5,0.5,0.2,0.2,2.0,0.2,A0_independent_max
11,bucket,container,0.06469310005195439,False,0.43750418985050615,0.6229900121688843,bucket,0.7594347954077126,0.8943664413243196,0.8342657568799923,0.6,0.25,0.25,0.3333333333333333,0.3333333333333333,0.2,0.2,3.0,0.2,A1_cross_source_consensus
11,bucket,container,0.08830880001187325,False,0.23869420999047586,0.46809718012809753,bucket,0.7989462167453645,0.87930160339692,0.8973579536267503,1.0,0.20000000000000004,0.0,0.2,0.0,0.2,0.0,5.0,0.2,A2_consensus_hierarchy
11,bucket,container,0.09904980001738295,False,0.23726047073417555,0.43056678771972656,bucket,0.798658297823333,0.8792633447445163,0.8970345697377357,1.0,0.20000000000000004,0.0,0.2,0.0,0.2,0.0,5.0,0.0,A3_full_fusion
10,trash_can,container,0.049997300026007,False,0.1495300484192538,0.42318692803382874,trash_can,0.6531972749334815,0.9850956874503924,0.659717095354812,0.5,0.3333333333333333,0.0,0.5,0.0,0.25,0.0,2.0,0.25,A0_independent_max
10,trash_can,container,0.048366100003477186,False,0.1431688028361058,0.42834988236427307,trash_can,0.6531972749334815,0.9850956874503924,0.659717095354812,1.0,0.25,0.0,0.25,0.0,0.25,0.0,4.0,0.25,A1_cross_source_consensus
10,trash_can,container,0.06605320004746318,False,0.4656245677133766,0.48242881894111633,trash_can,0.8236785981900974,0.9716131225565188,0.8439890145586628,1.25,0.22222222222222224,0.0,0.2,0.0,0.25,0.0,5.0,0.25,A2_consensus_hierarchy
10,trash_can,container,0.06813080003485084,False,0.4872949898306507,0.4847418467203776,trash_can,0.8234480373508559,0.9716054000748121,0.8437527685084015,1.5,0.6,0.2,0.5,0.16666666666666666,0.75,0.25,6.0,0.25,A3_full_fusion
3,plate,container,0.01204099995084107,False,0.4376729350970849,0.46169959008693695,plate,0.7219907668055399,0.9984428526938648,0.7228046443467478,0.4,0.5714285714285715,0.28571428571428575,1.0,0.5,0.4,0.2,2.0,0.0,A0_independent_max
3,plate,container,0.011793500045314431,False,0.4376729350970849,0.46169959008693695,plate,0.7219907668055399,0.9984428526938648,0.7228046443467478,0.4,0.5714285714285715,0.28571428571428575,1.0,0.5,0.4,0.2,2.0,0.0,A1_cross_source_consensus
3,plate,container,0.01527829997939989,False,0.4000289400217755,0.4559384286403656,plate,0.8478429632915604,0.9812604286997818,0.8617968661932138,0.4,0.5714285714285715,0.0,1.0,0.0,0.4,0.0,2.0,0.0,A2_consensus_hierarchy
3,plate,container,0.013854800025001168,False,0.40042003825147043,0.4558354467153549,plate,0.8480647665520683,0.9812652380341332,0.8620223199188367,0.4,0.5714285714285715,0.0,1.0,0.0,0.4,0.0,2.0,0.0,A3_full_fusion
1,tray,container,0.03710219997446984,False,0.0,0.0,tray,0.37556423903523545,0.9995517303209611,0.37562750581179877,0.0,0.0,0.0,0.0,0.0,0.0,0.0,0.0,0.0,A0_independent_max
1,tray,container,0.036655600008089095,False,0.0,0.0,tray,0.37556423903523545,0.9995517303209611,0.37562750581179877,0.0,0.0,0.0,0.0,0.0,0.0,0.0,0.0,0.0,A1_cross_source_consensus
1,tray,container,0.04741759999888018,False,0.0,0.0,tray,0.634595868661407,0.9572366796701397,0.6531114180789057,0.0,0.0,0.0,0.0,0.0,0.0,0.0,0.0,0.0,A2_consensus_hierarchy
1,tray,container,0.04330139997182414,False,0.0,0.0,tray,0.634595868661407,0.9572366796701397,0.6531114180789057,0.0,0.0,0.0,0.0,0.0,0.0,0.0,0.0,0.0,A3_full_fusion
10,vase,container,0.04426579998107627,False,0.42369698715327114,0.5864541530609131,vase,0.767838266384778,0.8904928282456785,0.8479003122537718,0.4,0.28571428571428575,0.28571428571428575,0.5,0.5,0.2,0.2,2.0,0.2,A0_independent_max
10,vase,container,0.048371999990195036,False,0.5487675391262392,0.4485790431499481,vase,0.767838266384778,0.8904928282456785,0.8479003122537718,0.4,0.5714285714285715,0.28571428571428575,1.0,0.5,0.4,0.2,2.0,0.2,A1_cross_source_consensus
10,vase,container,0.0648077999940142,False,0.651085141903172,0.2637900412082672,vase,0.767838266384778,0.8904928282456785,0.8479003122537718,1.6,0.15384615384615385,0.0,0.125,0.0,0.2,0.0,8.0,0.2,A2_consensus_hierarchy
10,vase,container,0.06550040002912283,False,0.651085141903172,0.2637900412082672,vase,0.767838266384778,0.8904928282456785,0.8479003122537718,1.6,0.15384615384615385,0.0,0.125,0.0,0.2,0.0,8.0,0.2,A3_full_fusion
9,car_automobile,vehicle,0.13484949996927753,False,0.0,0.0,car_(automobile),0.5952014324082363,0.905381849874714,0.6346800061096686,0.17647058823529413,0.0,0.0,0.0,0.0,0.0,0.0,3.0,0.0,A0_independent_max
9,car_automobile,vehicle,0.13502270000753924,False,0.0,0.0,car_(automobile),0.5952014324082363,0.905381849874714,0.6346800061096686,0.17647058823529413,0.0,0.0,0.0,0.0,0.0,0.0,3.0,0.0,A1_cross_source_consensus
9,car_automobile,vehicle,0.22811080003157258,False,0.4407832194990814,0.4573163688182831,car_(automobile),0.6784179354033464,0.900545491489395,0.7333638816760858,0.47058823529411764,0.15999999999999998,0.07999999999999999,0.25,0.125,0.11764705882352941,0.058823529411764705,8.0,0.11764705882352941,A2_consensus_hierarchy
9,car_automobile,vehicle,0.23110360000282526,False,0.5540635345942927,0.5378767251968384,car_(automobile),0.6784179354033464,0.900545491489395,0.7333638816760858,0.47058823529411764,0.15999999999999998,0.07999999999999999,0.25,0.125,0.11764705882352941,0.058823529411764705,8.0,0.11764705882352941,A3_full_fusion
13,bicycle,vehicle,0.03283880004892126,False,0.0,0.0,bicycle,0.8835798255593478,0.9829149968361105,0.8973618332370499,0.0,0.0,0.0,0.0,0.0,0.0,0.0,0.0,0.0,A0_independent_max
13,bicycle,vehicle,0.033207900007255375,False,0.7426138782460622,0.42471590638160706,bicycle,0.8835798255593478,0.9829149968361105,0.8973618332370499,0.07692307692307693,0.14285714285714288,0.0,1.0,0.0,0.07692307692307693,0.0,1.0,0.07692307692307693,A1_cross_source_consensus
13,bicycle,vehicle,0.049339900026097894,False,0.8997812087337435,0.5734948337078094,bicycle,0.8829161926431551,0.9829023746701847,0.8966878490275371,0.46153846153846156,0.5263157894736842,0.3157894736842105,0.8333333333333334,0.5,0.38461538461538464,0.23076923076923078,6.0,0.15384615384615385,A2_consensus_hierarchy
13,bicycle,vehicle,0.05086349998600781,False,0.817546484612666,0.5437709937493006,bicycle,0.8828213879408419,0.9829005699810006,0.8965915655690352,0.5384615384615384,0.6,0.3,0.8571428571428571,0.42857142857142855,0.46153846153846156,0.23076923076923078,7.0,0.23076923076923078,A3_full_fusion
8,book,daily_object,0.19131189998006448,False,0.0,0.0,book,0.9810769844435581,0.9999512131659403,0.9811239468981363,0.0,0.0,0.0,0.0,0.0,0.0,0.0,0.0,0.0,A0_independent_max
8,book,daily_object,0.20200469996780157,False,0.0,0.0,book,0.9810769844435581,0.9999512131659403,0.9811239468981363,0.0,0.0,0.0,0.0,0.0,0.0,0.0,0.0,0.0,A1_cross_source_consensus
8,book,daily_object,0.2650953000411391,False,0.5299554296616928,0.532102108001709,book,0.9912493032884784,0.9980278505976574,0.9931947281082462,2.5,0.28571428571428575,0.28571428571428575,0.2,0.2,0.5,0.5,5.0,0.5,A2_consensus_hierarchy
8,book,daily_object,0.2802366000250913,False,0.4331932852046847,0.4857326000928879,book,0.9908193327494227,0.9980269964630303,0.9927639137094715,2.5,0.5714285714285715,0.28571428571428575,0.4,0.2,1.0,0.5,5.0,1.0,A3_full_fusion
4,newspaper,daily_object,0.11443150002742186,False,0.0,0.0,newspaper,0.4138285522469474,0.9993920048639611,0.4139327634689909,0.0,0.0,0.0,0.0,0.0,0.0,0.0,0.0,0.0,A0_independent_max
4,newspaper,daily_object,0.120761499973014,False,0.0,0.0,newspaper,0.4138285522469474,0.9993920048639611,0.4139327634689909,0.0,0.0,0.0,0.0,0.0,0.0,0.0,0.0,0.0,A1_cross_source_consensus
4,newspaper,daily_object,0.16473239997867495,False,0.0,0.0,newspaper,0.4325956156227507,0.9977274558787976,0.4330222862658963,1.0,0.0,0.0,0.0,0.0,0.0,0.0,1.0,0.0,A2_consensus_hierarchy
4,newspaper,daily_object,0.1750389999942854,False,0.0,0.0,newspaper,0.43251874576342253,0.9977270529064707,0.43294534058954376,1.0,0.0,0.0,0.0,0.0,0.0,0.0,1.0,0.0,A3_full_fusion
6,pen,daily_object,0.014577299996744841,False,0.0,0.0,pen,0.8871446754348749,0.9944514901712111,0.8915577032404776,0.0,0.0,0.0,0.0,0.0,0.0,0.0,0.0,0.0,A0_independent_max
6,pen,daily_object,0.013400700001511723,False,0.0,0.0,pen,0.8871446754348749,0.9944514901712111,0.8915577032404776,0.0,0.0,0.0,0.0,0.0,0.0,0.0,0.0,0.0,A1_cross_source_consensus
6,pen,daily_object,0.027026399970054626,False,0.8105141708884481,0.4928044527769089,pen,0.8871446754348749,0.9944514901712111,0.8915577032404776,1.25,0.4444444444444445,0.22222222222222224,0.4,0.2,0.5,0.25,5.0,0.0,A2_consensus_hierarchy
6,pen,daily_object,0.02620969997951761,False,0.8105141708884481,0.4928044527769089,pen,0.8871446754348749,0.9944514901712111,0.8915577032404776,1.25,0.4444444444444445,0.22222222222222224,0.4,0.2,0.5,0.25,5.0,0.0,A3_full_fusion
6,pencil,daily_object,0.020041999989189208,False,0.28376925833034755,0.37078502774238586,pencil,0.38289296909986564,0.49572401797361937,0.627177700348432,1.0,0.3333333333333333,0.0,0.3333333333333333,0.0,0.3333333333333333,0.0,3.0,0.3333333333333333,A0_independent_max
6,pencil,daily_object,0.02064010000322014,False,0.28376925833034755,0.37078502774238586,pencil,0.38289296909986564,0.49572401797361937,0.627177700348432,1.0,0.3333333333333333,0.0,0.3333333333333333,0.0,0.3333333333333333,0.0,3.0,0.3333333333333333,A1_cross_source_consensus
6,pencil,daily_object,0.02940369996940717,False,0.5453287197231834,0.3645320236682892,pencil,0.40933384233632375,0.4604895855701095,0.7865395195305337,1.3333333333333333,0.28571428571428575,0.0,0.25,0.0,0.3333333333333333,0.0,4.0,0.3333333333333333,A2_consensus_hierarchy
6,pencil,daily_object,0.028780900000128895,False,0.5453287197231834,0.3645320236682892,pencil,0.40933384233632375,0.4604895855701095,0.7865395195305337,1.3333333333333333,0.28571428571428575,0.0,0.25,0.0,0.3333333333333333,0.0,4.0,0.3333333333333333,A3_full_fusion
6,wallet,daily_object,0.019174700020812452,False,0.0,0.0,wallet,0.861665172568355,1.0,0.861665172568355,0.0,0.0,0.0,0.0,0.0,0.0,0.0,0.0,0.0,A0_independent_max
6,wallet,daily_object,0.017882499960251153,False,0.6060606060606061,0.6020667552947998,wallet,0.8760645450470641,1.0,0.8760645450470641,0.5,0.6666666666666666,0.6666666666666666,1.0,1.0,0.5,0.5,1.0,0.5,A1_cross_source_consensus
6,wallet,daily_object,0.0248468000208959,False,0.7476269627654638,0.7964627146720886,wallet,0.9281801922646993,0.9973575160651011,0.9304683998207082,1.5,0.4,0.4,0.3333333333333333,0.3333333333333333,0.5,0.5,3.0,0.5,A2_consensus_hierarchy
6,wallet,daily_object,0.023860799963586032,False,0.5723809169118468,0.7527810335159302,wallet,0.9280084958917891,0.9974167968280668,0.9302442850739578,1.5,0.4,0.4,0.3333333333333333,0.3333333333333333,0.5,0.5,3.0,0.5,A3_full_fusion
9,belt,daily_object,0.01425160001963377,False,0.0,0.0,belt,0.20683644080642716,0.2077180697214188,0.9798922800718133,0.6666666666666666,0.0,0.0,0.0,0.0,0.0,0.0,4.0,0.0,A0_independent_max
9,belt,daily_object,0.015558499959297478,False,0.0,0.0,belt,0.20683644080642716,0.2077180697214188,0.9798922800718133,0.6666666666666666,0.0,0.0,0.0,0.0,0.0,0.0,4.0,0.0,A1_cross_source_consensus
9,belt,daily_object,0.019672500027809292,False,0.0,0.0,belt,0.20092378752886836,0.20093828942619993,0.999640933572711,1.1666666666666667,0.0,0.0,0.0,0.0,0.0,0.0,7.0,0.0,A2_consensus_hierarchy
9,belt,daily_object,0.022161300003062934,False,0.0,0.0,belt,0.20125786163522014,0.2012724117987276,0.999640933572711,1.1666666666666667,0.0,0.0,0.0,0.0,0.0,0.0,7.0,0.0,A3_full_fusion
9,hat,daily_object,0.046227999962866306,False,0.0,0.0,hat,0.8783451185685822,0.9953515140782716,0.8819629687745175,0.6666666666666666,0.0,0.0,0.0,0.0,0.0,0.0,2.0,0.0,A0_independent_max
9,hat,daily_object,0.04466910002520308,False,0.0,0.0,hat,0.8783451185685822,0.9953515140782716,0.8819629687745175,0.6666666666666666,0.0,0.0,0.0,0.0,0.0,0.0,2.0,0.0,A1_cross_source_consensus
9,hat,daily_object,0.060499199957121164,False,0.3834912870681749,0.33273041248321533,hat,0.9433719934615086,0.9917351990507753,0.9508473246508709,2.6666666666666665,0.18181818181818182,0.0,0.125,0.0,0.3333333333333333,0.0,8.0,0.0,A2_consensus_hierarchy
9,hat,daily_object,0.059630999981891364,False,0.3834912870681749,0.33273041248321533,hat,0.9433719934615086,0.9917351990507753,0.9508473246508709,2.6666666666666665,0.18181818181818182,0.0,0.125,0.0,0.3333333333333333,0.0,8.0,0.0,A3_full_fusion
9,helmet,daily_object,0.017553600016981363,False,0.5392560294318027,0.3022269308567047,helmet,0.8688633055445283,0.999239080809618,0.8694385593220338,0.6666666666666666,0.4,0.0,0.5,0.0,0.3333333333333333,0.0,2.0,0.0,A0_independent_max
9,helmet,daily_object,0.018899899965617806,False,0.885898659248597,0.6447507739067078,helmet,0.8793171893608575,0.9992481203007518,0.8798993644067796,0.6666666666666666,0.4,0.4,0.5,0.5,0.3333333333333333,0.3333333333333333,2.0,0.0,A1_cross_source_consensus
9,helmet,daily_object,0.021866800030693412,False,1.0,0.8114407062530518,helmet,0.9377889314489499,0.9973310858266611,0.9401483050847458,1.3333333333333333,0.28571428571428575,0.28571428571428575,0.25,0.25,0.3333333333333333,0.3333333333333333,4.0,0.0,A2_consensus_hierarchy
9,helmet,daily_object,0.022593399975448847,False,1.0,0.8230932354927063,helmet,0.9377889314489499,0.9973310858266611,0.9401483050847458,1.6666666666666667,0.25,0.25,0.2,0.2,0.3333333333333333,0.3333333333333333,5.0,0.0,A3_full_fusion
5,shoe,daily_object,0.008112599956803024,False,0.0,0.0,shoe,0.9274583557227297,0.9891117478510029,0.9370249728555917,0.0,0.0,0.0,0.0,0.0,0.0,0.0,0.0,0.0,A0_independent_max
5,shoe,daily_object,0.007935200002975762,False,0.0,0.0,shoe,0.9274583557227297,0.9891117478510029,0.9370249728555917,0.0,0.0,0.0,0.0,0.0,0.0,0.0,0.0,0.0,A1_cross_source_consensus
5,shoe,daily_object,0.010912500030826777,False,0.6129786878295503,0.3824473172426224,shoe,0.9274583557227297,0.9891117478510029,0.9370249728555917,0.375,0.36363636363636365,0.0,0.6666666666666666,0.0,0.25,0.0,3.0,0.0,A2_consensus_hierarchy
5,shoe,daily_object,0.01159650000045076,False,0.6416251612816668,0.4270923510193825,shoe,0.9274583557227297,0.9891117478510029,0.9370249728555917,0.5,0.6666666666666666,0.16666666666666666,1.0,0.25,0.5,0.125,4.0,0.0,A3_full_fusion
3,slipper_footwear,daily_object,0.006716699979733676,False,0.0,0.0,slipper_(footwear),0.004667792233588241,0.02365374937091092,0.005781768975273711,0.0,0.0,0.0,0.0,0.0,0.0,0.0,0.0,0.0,A0_independent_max
3,slipper_footwear,daily_object,0.006152300047688186,False,0.0,0.0,slipper_(footwear),0.004667792233588241,0.02365374937091092,0.005781768975273711,0.0,0.0,0.0,0.0,0.0,0.0,0.0,0.0,0.0,A1_cross_source_consensus
3,slipper_footwear,daily_object,0.008655300014652312,False,0.0,0.0,slipper_(footwear),0.01920699819340116,0.077992277992278,0.024849304957559354,0.5,0.0,0.0,0.0,0.0,0.0,0.0,2.0,0.0,A2_consensus_hierarchy
3,slipper_footwear,daily_object,0.009122800023760647,False,0.0,0.0,slipper_(footwear),0.01920699819340116,0.077992277992278,0.024849304957559354,0.5,0.0,0.0,0.0,0.0,0.0,0.0,2.0,0.0,A3_full_fusion
12,scarf,daily_object,0.058694400009699166,False,0.19003494895612988,0.5498513579368591,scarf,0.856860694783316,0.9998644251626898,0.8569602602835231,0.5,0.6666666666666666,0.6666666666666666,1.0,1.0,0.5,0.5,1.0,0.5,A0_independent_max
12,scarf,daily_object,0.05960049998247996,False,0.19003494895612988,0.5498513579368591,scarf,0.856860694783316,0.9998644251626898,0.8569602602835231,0.5,0.6666666666666666,0.6666666666666666,1.0,1.0,0.5,0.5,1.0,0.5,A1_cross_source_consensus
12,scarf,daily_object,0.07392489997437224,False,0.42114446734656324,0.582615852355957,scarf,0.9433256351039261,0.9934332133476019,0.9492447129909366,2.5,0.28571428571428575,0.28571428571428575,0.2,0.2,0.5,0.5,5.0,0.5,A2_consensus_hierarchy
12,scarf,daily_object,0.07606250001117587,False,0.4286019098139753,0.5648233294487,scarf,0.9433256351039261,0.9934332133476019,0.9492447129909366,4.5,0.1818181818181818,0.1818181818181818,0.1111111111111111,0.1111111111111111,0.5,0.5,9.0,0.5,A3_full_fusion
12,sweater,daily_object,0.08109190000686795,False,0.0,0.0,sweater,0.6010465566267899,0.641777905535294,0.9044918215425128,0.5714285714285714,0.0,0.0,0.0,0.0,0.0,0.0,4.0,0.0,A0_independent_max
12,sweater,daily_object,0.08826340001542121,False,0.28285648309120703,0.3941797465085983,sweater,0.6247378047757287,0.6494095483960997,0.9426748366840533,0.7142857142857143,0.3333333333333333,0.0,0.4,0.0,0.2857142857142857,0.0,5.0,0.0,A1_cross_source_consensus
12,sweater,daily_object,0.14158699999097735,False,0.35375692067562425,0.4907372146844864,sweater,0.6296784911560637,0.638338974655329,0.9789081885856079,1.1428571428571428,0.26666666666666666,0.13333333333333333,0.25,0.125,0.2857142857142857,0.14285714285714285,8.0,0.0,A2_consensus_hierarchy
12,sweater,daily_object,0.13833729998441413,False,0.35375692067562425,0.4907372146844864,sweater,0.6296784911560637,0.638338974655329,0.9789081885856079,1.1428571428571428,0.26666666666666666,0.13333333333333333,0.25,0.125,0.2857142857142857,0.14285714285714285,8.0,0.0,A3_full_fusion
8,towel,daily_object,0.03232719999505207,False,0.10513615994484661,0.8308855891227722,towel,0.8943247244612601,1.0,0.8943247244612601,0.5,0.3333333333333333,0.3333333333333333,0.5,0.5,0.25,0.25,2.0,0.0,A0_independent_max
8,towel,daily_object,0.03526330000022426,False,0.0948879304249452,0.8191978931427002,towel,0.8943247244612601,1.0,0.8943247244612601,0.75,0.28571428571428575,0.28571428571428575,0.3333333333333333,0.3333333333333333,0.25,0.25,3.0,0.0,A1_cross_source_consensus
8,towel,daily_object,0.052071699989028275,False,0.1168729980088304,0.42084363102912903,towel,0.9740481587332873,0.998451021988753,0.9755222898503043,1.75,0.18181818181818182,0.0,0.14285714285714285,0.0,0.25,0.0,7.0,0.0,A2_consensus_hierarchy
8,towel,daily_object,0.05274109996389598,False,0.11324706008698919,0.38725417852401733,towel,0.9741138595972537,0.9984511263005489,0.9755880901464057,1.75,0.18181818181818182,0.0,0.14285714285714285,0.0,0.25,0.0,7.0,0.0,A3_full_fusion
13,pillow,daily_object,0.0960958999930881,False,0.07905138339920949,0.37017470598220825,pillow,0.5050752359092069,0.535808013852439,0.8980184101936245,10.0,0.18181818181818182,0.0,0.1,0.0,1.0,0.0,10.0,0.0,A0_independent_max
13,pillow,daily_object,0.09912609995808452,False,0.07905138339920949,0.37017470598220825,pillow,0.5050752359092069,0.535808013852439,0.8980184101936245,10.0,0.18181818181818182,0.0,0.1,0.0,1.0,0.0,10.0,0.0,A1_cross_source_consensus
13,pillow,daily_object,0.14007540000602603,False,0.1758241758241758,0.37726134061813354,pillow,0.5287960033712394,0.5341064709148109,0.9815444610710561,12.0,0.15384615384615385,0.0,0.08333333333333333,0.0,1.0,0.0,12.0,0.0,A2_consensus_hierarchy
13,pillow,daily_object,0.14987819996895269,False,0.35424386736034164,0.4478423595428467,pillow,0.5286494277443232,0.5340374862727194,0.9812723892440938,12.0,0.15384615384615385,0.0,0.08333333333333333,0.0,1.0,0.0,12.0,0.0,A3_full_fusion
8,soap,daily_object,0.01621010003145784,False,0.5983874972476891,0.5480294227600098,soap,0.8563829787234043,0.9925507320832263,0.8619228195404863,0.5,0.2222222222222222,0.2222222222222222,0.3333333333333333,0.3333333333333333,0.16666666666666666,0.16666666666666666,3.0,0.0,A0_independent_max
8,soap,daily_object,0.019393499998841435,False,0.6530723318086207,0.5091348737478256,soap,0.8678262796366054,0.992398327632079,0.8736337274146777,0.5,0.4444444444444444,0.2222222222222222,0.6666666666666666,0.3333333333333333,0.3333333333333333,0.16666666666666666,3.0,0.0,A1_cross_source_consensus
8,soap,daily_object,0.020982799993362278,False,0.6910946869027194,0.5789743587374687,soap,0.9459989112683723,0.9754153569824876,0.9691055097033237,0.6666666666666666,0.8,0.6,1.0,0.75,0.6666666666666666,0.5,4.0,0.0,A2_consensus_hierarchy
8,soap,daily_object,0.02016769995680079,False,0.6910946869027194,0.5789743587374687,soap,0.9459989112683723,0.9754153569824876,0.9691055097033237,0.6666666666666666,0.8,0.6,1.0,0.75,0.6666666666666666,0.5,4.0,0.0,A3_full_fusion
4,drill,tool_prop,0.0060538999969139695,False,0.9300699300699301,0.8070443868637085,drill,0.6352848101265823,1.0,0.6352848101265823,0.5,0.6666666666666666,0.6666666666666666,1.0,1.0,0.5,0.5,1.0,0.5,A0_independent_max
4,drill,tool_prop,0.005608100036624819,False,0.9300699300699301,0.8070443868637085,drill,0.6352848101265823,1.0,0.6352848101265823,0.5,0.6666666666666666,0.6666666666666666,1.0,1.0,0.5,0.5,1.0,0.5,A1_cross_source_consensus
4,drill,tool_prop,0.008394400007091463,False,0.8274736014111028,0.676262617111206,drill,0.7243009058684522,0.994054054054054,0.7274525316455697,1.5,0.4,0.4,0.3333333333333333,0.3333333333333333,0.5,0.5,3.0,0.5,A2_consensus_hierarchy
4,drill,tool_prop,0.008857300039380789,False,0.824972855591748,0.6545454263687134,drill,0.7243009058684522,0.994054054054054,0.7274525316455697,1.5,0.4,0.4,0.3333333333333333,0.3333333333333333,0.5,0.5,3.0,0.5,A3_full_fusion
7,screwdriver,tool_prop,0.01427240000339225,False,1.0,0.5861027240753174,screwdriver,0.7314741035856573,0.99836867862969,0.7323494216194655,0.3333333333333333,0.5,0.5,1.0,1.0,0.3333333333333333,0.3333333333333333,1.0,0.0,A0_independent_max
7,screwdriver,tool_prop,0.01483530004043132,False,1.0,0.5861027240753174,screwdriver,0.7346613545816733,0.9983757444504602,0.7355404866374152,0.6666666666666666,0.4,0.4,0.5,0.5,0.3333333333333333,0.3333333333333333,2.0,0.0,A1_cross_source_consensus
7,screwdriver,tool_prop,0.01857759995618835,False,0.9705882352941176,0.5635837912559509,screwdriver,0.805435210712879,0.9845931632161772,0.8157159952134024,1.3333333333333333,0.28571428571428575,0.28571428571428575,0.25,0.25,0.3333333333333333,0.3333333333333333,4.0,0.0,A2_consensus_hierarchy
7,screwdriver,tool_prop,0.018970000033732504,False,0.9705882352941176,0.5635837912559509,screwdriver,0.805435210712879,0.9845931632161772,0.8157159952134024,1.3333333333333333,0.28571428571428575,0.28571428571428575,0.25,0.25,0.3333333333333333,0.3333333333333333,4.0,0.0,A3_full_fusion
6,wrench,tool_prop,0.011110299965366721,False,0.0,0.0,wrench,0.7294493216280926,1.0,0.7294493216280926,0.0,0.0,0.0,0.0,0.0,0.0,0.0,0.0,0.0,A0_independent_max
6,wrench,tool_prop,0.012223700003232807,False,0.0,0.0,wrench,0.7250598563447725,1.0,0.7250598563447725,0.0,0.0,0.0,0.0,0.0,0.0,0.0,0.0,0.0,A1_cross_source_consensus
6,wrench,tool_prop,0.018123899993952364,False,0.8314773922497809,0.33618055284023285,wrench,0.8388756927949327,0.9906498363721365,0.8455706304868316,2.5,0.5714285714285715,0.0,0.4,0.0,1.0,0.0,5.0,0.0,A2_consensus_hierarchy
6,wrench,tool_prop,0.019134500005748123,False,0.8521044034704663,0.3945443034172058,wrench,0.8345209817893904,0.9906015037593985,0.8411811652035116,2.0,0.6666666666666666,0.3333333333333333,0.5,0.25,1.0,0.5,4.0,0.0,A3_full_fusion
5,broom,tool_prop,0.01870369998505339,False,1.0,0.7469879388809204,broom,0.48955392433653305,0.9936962750716333,0.49107901444350044,0.25,0.4,0.4,1.0,1.0,0.25,0.25,1.0,0.0,A0_independent_max
5,broom,tool_prop,0.018559399992227554,False,1.0,0.7469879388809204,broom,0.48955392433653305,0.9936962750716333,0.49107901444350044,0.25,0.4,0.4,1.0,1.0,0.25,0.25,1.0,0.0,A1_cross_source_consensus
5,broom,tool_prop,0.023110600013751537,False,0.9379629629629629,0.6731660068035126,broom,0.7229016120066704,0.974887556221889,0.7366185216652507,0.75,0.5714285714285715,0.28571428571428575,0.6666666666666666,0.3333333333333333,0.5,0.25,3.0,0.25,A2_consensus_hierarchy
5,broom,tool_prop,0.024757400038652122,False,0.9165448074215252,0.6381911635398865,broom,0.719810795770729,0.9762264150943396,0.7326536391956953,1.0,0.75,0.5,0.75,0.5,0.75,0.5,4.0,0.25,A3_full_fusion
3,hammer,tool_prop,0.010419099999126047,False,0.0,0.0,hammer,0.4136576040781648,1.0,0.4136576040781648,0.25,0.0,0.0,0.0,0.0,0.0,0.0,1.0,0.0,A0_independent_max
3,hammer,tool_prop,0.01049860002240166,False,0.0,0.0,hammer,0.4136576040781648,1.0,0.4136576040781648,0.25,0.0,0.0,0.0,0.0,0.0,0.0,1.0,0.0,A1_cross_source_consensus
3,hammer,tool_prop,0.014811799977906048,False,0.7648140230867894,0.6333666443824768,hammer,0.5434782608695652,0.9972757345787118,0.54428632115548,0.25,0.4,0.4,1.0,1.0,0.25,0.25,1.0,0.25,A2_consensus_hierarchy
3,hammer,tool_prop,0.01480710000032559,False,0.7648140230867894,0.6333666443824768,hammer,0.5434782608695652,0.9972757345787118,0.54428632115548,0.25,0.4,0.4,1.0,1.0,0.25,0.25,1.0,0.25,A3_full_fusion
2,knife,tool_prop,0.021105899999383837,False,0.0,0.0,knife,0.0,0.0,0.0,0.5,0.0,0.0,0.0,0.0,0.0,0.0,1.0,0.0,A0_independent_max
2,knife,tool_prop,0.021760799980256706,False,0.0,0.0,knife,0.0,0.0,0.0,0.5,0.0,0.0,0.0,0.0,0.0,0.0,1.0,0.0,A1_cross_source_consensus
2,knife,tool_prop,0.0336574999964796,False,0.0,0.0,knife,0.0,0.0,0.0,1.0,0.0,0.0,0.0,0.0,0.0,0.0,2.0,0.0,A2_consensus_hierarchy
2,knife,tool_prop,0.0304869000101462,False,0.0,0.0,knife,0.0,0.0,0.0,1.0,0.0,0.0,0.0,0.0,0.0,0.0,2.0,0.0,A3_full_fusion
11,scissors,tool_prop,0.3089475000160746,False,0.0,0.0,scissors,0.6478436010199934,0.9960793226887892,0.6494998147462023,0.0,0.0,0.0,0.0,0.0,0.0,0.0,0.0,0.0,A0_independent_max
11,scissors,tool_prop,0.28280879999510944,False,0.6637539831128415,0.4261583685874939,scissors,0.6472099513890173,0.9964996158114915,0.6486846980363098,0.5,0.3333333333333333,0.0,0.5,0.0,0.25,0.0,2.0,0.0,A1_cross_source_consensus
11,scissors,tool_prop,0.38717990001896396,False,0.5120971989888744,0.29953014850616455,scissors,0.6476142957460177,0.9961909093493277,0.649221934049648,1.75,0.36363636363636365,0.0,0.2857142857142857,0.0,0.5,0.0,7.0,0.25,A2_consensus_hierarchy
11,scissors,tool_prop,0.3837879999773577,False,0.5784606335595032,0.444801390171051,scissors,0.6477066932771557,0.9961914506593906,0.6493145609484995,1.5,0.4,0.0,0.3333333333333333,0.0,0.5,0.0,6.0,0.25,A3_full_fusion
6,ladder,tool_prop,0.012807899969629943,False,0.0,0.0,ladder,0.16458219338700852,0.16458219338700852,1.0,0.25,0.0,0.0,0.0,0.0,0.0,0.0,1.0,0.0,A0_independent_max
6,ladder,tool_prop,0.0151344999903813,False,0.0,0.0,ladder,0.16458219338700852,0.16458219338700852,1.0,0.25,0.0,0.0,0.0,0.0,0.0,0.0,1.0,0.0,A1_cross_source_consensus
6,ladder,tool_prop,0.0213586000027135,False,0.0,0.0,ladder,0.15811211654714077,0.15811211654714077,1.0,1.25,0.0,0.0,0.0,0.0,0.0,0.0,5.0,0.0,A2_consensus_hierarchy
6,ladder,tool_prop,0.020842200028710067,False,0.0,0.0,ladder,0.15815962441314554,0.15815962441314554,1.0,1.25,0.0,0.0,0.0,0.0,0.0,0.0,5.0,0.0,A3_full_fusion
11,guitar,tool_prop,0.04982289997860789,False,0.0,0.0,guitar,0.3800581265369998,0.4336365955275912,0.7546611423498076,0.7777777777777778,0.0,0.0,0.0,0.0,0.0,0.0,7.0,0.0,A0_independent_max
11,guitar,tool_prop,0.050302900024689734,False,0.0,0.0,guitar,0.3800581265369998,0.4336365955275912,0.7546611423498076,0.7777777777777778,0.0,0.0,0.0,0.0,0.0,0.0,7.0,0.0,A1_cross_source_consensus
11,guitar,tool_prop,0.07096650003222749,False,0.47035442199403776,0.4223322868347168,guitar,0.43974839211251676,0.4570631014471461,0.9206865936667653,1.0,0.1111111111111111,0.0,0.1111111111111111,0.0,0.1111111111111111,0.0,9.0,0.0,A2_consensus_hierarchy
11,guitar,tool_prop,0.07299009995767847,False,0.47035442199403776,0.4223322868347168,guitar,0.43974839211251676,0.4570631014471461,0.9206865936667653,1.0,0.1111111111111111,0.0,0.1111111111111111,0.0,0.1111111111111111,0.0,9.0,0.0,A3_full_fusion
7,pan_for_cooking,tool_prop,0.12867740000365302,False,0.0,0.0,pan_(for_cooking),0.7299308878256247,0.9513213019658395,0.7582517787881123,0.25,0.0,0.0,0.0,0.0,0.0,0.0,1.0,0.0,A0_independent_max
7,pan_for_cooking,tool_prop,0.13645799999358132,False,0.03418052198540004,0.408323734998703,pan_(for_cooking),0.7343632160033629,0.9516008875573748,0.7628560787033469,0.5,0.3333333333333333,0.0,0.5,0.0,0.25,0.0,2.0,0.0,A1_cross_source_consensus
7,pan_for_cooking,tool_prop,0.197229299985338,False,0.30652256347596757,0.29567980766296387,pan_(for_cooking),0.76694143378478,0.9373417721518987,0.8083853484369783,1.25,0.22222222222222224,0.0,0.2,0.0,0.25,0.0,5.0,0.0,A2_consensus_hierarchy
7,pan_for_cooking,tool_prop,0.20322679996024817,False,0.39711490494334384,0.40472888946533203,pan_(for_cooking),0.7669048794009955,0.9373389727016843,0.8083468187305746,1.25,0.22222222222222224,0.0,0.2,0.0,0.25,0.0,5.0,0.0,A3_full_fusion
4,spoon,tool_prop,0.020687899959739298,False,0.0,0.0,spoon,0.8782596854361,0.9988384698776521,0.8791575790621592,0.25,0.0,0.0,0.0,0.0,0.0,0.0,1.0,0.0,A0_independent_max
4,spoon,tool_prop,0.021811000013258308,False,0.8958543983822043,0.8262500166893005,spoon,0.9064753094817032,0.9977539866736542,0.9083287895310797,0.25,0.4,0.4,1.0,1.0,0.25,0.25,1.0,0.0,A1_cross_source_consensus
4,spoon,tool_prop,0.03239489998668432,False,0.824074074074074,0.7957408428192139,spoon,0.9398119970244133,0.9917927490722238,0.9471782988004362,0.5,0.3333333333333333,0.3333333333333333,0.5,0.5,0.25,0.25,2.0,0.0,A2_consensus_hierarchy
4,spoon,tool_prop,0.03158090001670644,False,0.8173533171444055,0.792548418045044,spoon,0.9398119970244133,0.9917927490722238,0.9471782988004362,0.5,0.3333333333333333,0.3333333333333333,0.5,0.5,0.25,0.25,2.0,0.0,A3_full_fusion
