case_id,reference_index,domain,category,reference_semantic,reference_pixels,threshold,paired_assignment_state,dbscan_only_subtype,hpid_hungarian_iou,dbscan_hungarian_iou,hpid_best_iou,dbscan_best_iou,hpid_best_identity,dbscan_best_identity,hpid_best_semantic,dbscan_best_semantic,hpid_best_semantic_iou,dbscan_best_semantic_iou,hpid_semantic_hungarian_iou,dbscan_semantic_hungarian_iou,hpid_semantic_union_recall,dbscan_semantic_union_recall,detail_gate_best_iou_delta,detail_gate_best_iou_decreased,input_pool_supported,any_actual_stage_supported,first_observed_actual_threshold_loss,last_observed_actual_threshold_loss,threshold_loss_event_count,threshold_recovery_event_count,recovered_after_first_loss,interpretation,input_pool_best_iou,after_same_source_dedup_best_iou,after_instance_cap_best_iou,after_hierarchy_duplicate_filter_best_iou,actual_semantic_argmax_best_iou,after_direct_detail_gate_best_iou,after_cleanup_best_iou,after_root_restoration_best_iou,identity_supported_before_remainder_best_iou,identity_plus_eligible_remainder_best_iou,after_remainder_attachment_before_filter_best_iou,final_hpid_best_iou
basket__01,1,container,basket,outer_side,16528,0.25,dbscan_only,no_hpid_geometry_at_threshold,0.0,0.3768986761569977,0.08908805955529435,0.3768986751259563,container/container_outer_side/center/01,container_outer_side/right/01,outer_side,outer_side,0.08908805955529435,0.3768986751259563,0.0890880599617958,0.3768986761569977,0.11005566311713456,0.6110237173281704,0.08912297893189614,0,1,1,after_hierarchy_duplicate_filter -> actual_semantic_argmax,after_hierarchy_duplicate_filter -> actual_semantic_argmax,1,0,0,Observed representation transitions; first loss may recover; not causal or additive.,0.3768986751259563,0.3768986751259563,0.3768986751259563,0.3768986751259563,0.0,0.08912297893189614,0.08908805955529435,0.08908805955529435,0.08908805955529435,0.08908805955529435,0.08908805955529435,0.08908805955529435
basket__01,2,container,basket,inner_wall,6039,0.25,dbscan_only,no_hpid_geometry_at_threshold,0.14275383949279785,0.40157198905944824,0.14275383280300838,0.4015719899964273,container/container_handle/left/01,container_handle/left/01,handle,handle,0.0,0.0,0.0,0.0,0.0,0.0,0.08987375726004332,0,1,1,after_hierarchy_duplicate_filter -> actual_semantic_argmax,after_hierarchy_duplicate_filter -> actual_semantic_argmax,1,0,0,Observed representation transitions; first loss may recover; not causal or additive.,0.4015719899964273,0.4015719899964273,0.4015719899964273,0.4015719899964273,0.05288007554296506,0.14275383280300838,0.14275383280300838,0.14275383280300838,0.14275383280300838,0.14275383280300838,0.14275383280300838,0.14275383280300838
basket__04,3,container,basket,inner_wall,2425,0.25,dbscan_only,no_hpid_geometry_at_threshold,0.0054580895230174065,0.29233333468437195,0.005458089668615985,0.29233333333333333,container/container_body/left/01,container_inner_wall/center/01,body,inner_wall,0.0,0.29233333333333333,0.0,0.29233333468437195,0.0,0.3616494845360825,0.0,0,1,1,after_hierarchy_duplicate_filter -> actual_semantic_argmax,after_hierarchy_duplicate_filter -> actual_semantic_argmax,1,0,0,Observed representation transitions; first loss may recover; not causal or additive.,0.3209288478713903,0.3209288478713903,0.3209288478713903,0.3209288478713903,0.005458089668615985,0.005458089668615985,0.005458089668615985,0.005458089668615985,0.005458089668615985,0.005458089668615985,0.005458089668615985,0.005458089668615985
bench__03,3,furniture,bench,leg,7782,0.25,dbscan_only,no_hpid_geometry_at_threshold,0.1819068193435669,0.5441493988037109,0.1819068255687974,0.5441493853805011,furniture/furniture_leg/right/03,furniture_leg/right/02,leg,leg,0.1819068255687974,0.5441493853805011,0.1819068193435669,0.5441493988037109,0.21575430480596247,0.7451811873554356,0.04593455898446049,0,1,1,after_hierarchy_duplicate_filter -> actual_semantic_argmax,after_hierarchy_duplicate_filter -> actual_semantic_argmax,1,0,0,Observed representation transitions; first loss may recover; not causal or additive.,0.5441493853805011,0.5441493853805011,0.5441493853805011,0.5441493853805011,0.0,0.04593455898446049,0.045919483645115416,0.045919483645115416,0.1819068255687974,0.1819068255687974,0.1819068255687974,0.1819068255687974
bicycle__02,4,vehicle,bicycle,seat_tube,5781,0.25,dbscan_only,no_hpid_geometry_at_threshold,0.20006917417049408,0.48552563786506653,0.20006916825177243,0.4855256475368207,vehicle_frame/vehicle_stem/right/01,vehicle_stem/right/01,stem,stem,0.0,0.0,0.0,0.0,0.0,0.0,0.2005879301400657,0,1,1,after_hierarchy_duplicate_filter -> actual_semantic_argmax,after_hierarchy_duplicate_filter -> actual_semantic_argmax,1,0,0,Observed representation transitions; first loss may recover; not causal or additive.,0.4855256475368207,0.4855256475368207,0.4855256475368207,0.4855256475368207,0.0,0.2005879301400657,0.20006916825177243,0.20006916825177243,0.20006916825177243,0.20006916825177243,0.20006916825177243,0.20006916825177243
bicycle__02,5,vehicle,bicycle,pedal,3345,0.25,dbscan_only,no_hpid_geometry_at_threshold,0.23947447538375854,0.5258313417434692,0.2394744699910421,0.5258313539192399,vehicle/vehicle_gear/center/01,vehicle_gear/center/01,gear,gear,0.0,0.0,0.0,0.0,0.0,0.0,0.1886523474200406,0,1,1,after_hierarchy_duplicate_filter -> actual_semantic_argmax,after_hierarchy_duplicate_filter -> actual_semantic_argmax,1,0,0,Observed representation transitions; first loss may recover; not causal or additive.,0.5258313539192399,0.5258313539192399,0.5258313539192399,0.5258313539192399,0.05082212257100149,0.2394744699910421,0.2394744699910421,0.2394744699910421,0.2394744699910421,0.2394744699910421,0.2394744699910421,0.2394744699910421
bicycle__03,8,vehicle,bicycle,tire,34130,0.25,dbscan_only,no_hpid_geometry_at_threshold,0.023349152877926826,0.5285036563873291,0.08175473579262213,0.5285036778939218,vehicle/vehicle_visual_panel_02/left/01,vehicle_fork/right/01,visual_panel_02,fork,0.0,0.0,0.0,0.0,0.0,0.0,0.000413387036247298,0,1,1,after_hierarchy_duplicate_filter -> actual_semantic_argmax,after_hierarchy_duplicate_filter -> actual_semantic_argmax,1,0,0,Observed representation transitions; first loss may recover; not causal or additive.,0.727314368370299,0.727314368370299,0.727314368370299,0.727314368370299,0.08134134875637483,0.08175473579262213,0.08175473579262213,0.08175473579262213,0.08175473579262213,0.08175473579262213,0.08175473579262213,0.08175473579262213
bicycle__04,11,vehicle,bicycle,gear,2137,0.25,dbscan_only,no_hpid_geometry_at_threshold,0.18825721740722656,0.28105995059013367,0.18825722273998136,0.28105994787141614,vehicle_frame/vehicle_chain/center/01,vehicle_chain/center/01,chain,chain,0.0,0.0,0.0,0.0,0.0,0.0,0.1395908680371269,0,1,1,after_hierarchy_duplicate_filter -> actual_semantic_argmax,after_hierarchy_duplicate_filter -> actual_semantic_argmax,1,0,0,Observed representation transitions; first loss may recover; not causal or additive.,0.28105994787141614,0.28105994787141614,0.28105994787141614,0.28105994787141614,0.04866635470285447,0.18825722273998136,0.18825722273998136,0.18825722273998136,0.18825722273998136,0.18825722273998136,0.18825722273998136,0.18825722273998136
blender__01,1,device,blender,jar,28844,0.25,dbscan_only,no_hpid_geometry_at_threshold,0.0,0.786731481552124,0.0019992369324685236,0.7867314552144482,device/device_base/center/01,device_jar/center/01,base,jar,0.0,0.7867314552144482,0.0,0.786731481552124,0.0,0.9710858410761337,0.0,0,1,1,after_hierarchy_duplicate_filter -> actual_semantic_argmax,after_hierarchy_duplicate_filter -> actual_semantic_argmax,1,0,0,Observed representation transitions; first loss may recover; not causal or additive.,0.7868157177765919,0.7868157177765919,0.7868157177765919,0.7868157177765919,0.0019992369324685236,0.0019992369324685236,0.0019992369324685236,0.0019992369324685236,0.0019992369324685236,0.0019992369324685236,0.0019992369324685236,0.0019992369324685236
blender__02,6,device,blender,base,3858,0.25,dbscan_only,no_hpid_geometry_at_threshold,0.1907724142074585,0.6192289590835571,0.19077242094349403,0.6192289386006663,device/device_button/center/01,device_lid/left/01,button,lid,0.0,0.0,0.0,0.0,0.0,0.0,0.09097978227060652,0,1,1,after_hierarchy_duplicate_filter -> actual_semantic_argmax,after_hierarchy_duplicate_filter -> actual_semantic_argmax,1,0,0,Observed representation transitions; first loss may recover; not causal or additive.,0.6192289386006663,0.6192289386006663,0.6192289386006663,0.6192289386006663,0.09979263867288751,0.19077242094349403,0.19098211972013476,0.19098211972013476,0.19077242094349403,0.19077242094349403,0.19077242094349403,0.19077242094349403
book__02,0,daily_object,book,cover,42484,0.25,dbscan_only,no_hpid_geometry_at_threshold,0.0,0.8021672368049622,0.0,0.8021672621966884,,daily_object_page/center/01,,page,0.0,0.0,0.0,0.0,0.0,0.0,0.0,0,1,1,after_hierarchy_duplicate_filter -> actual_semantic_argmax,after_hierarchy_duplicate_filter -> actual_semantic_argmax,1,0,0,Observed representation transitions; first loss may recover; not causal or additive.,0.8021672621966884,0.8021672621966884,0.8021672621966884,0.8021672621966884,0.0,0.0,0.0,0.0,0.0,0.0,0.0,0.0
bottle__01,4,container,bottle,neck,9660,0.25,dbscan_only,no_hpid_geometry_at_threshold,0.0,0.32125967741012573,0.24061288915124607,0.32125968062504284,container/container/center/01,container/left/01,body,body,0.0,0.0,0.0,0.0,0.0,0.0,0.012365081173040943,0,0,0,no_observed_threshold_loss_never_supported,no_observed_threshold_loss_never_supported,0,0,0,Observed representation transitions; first loss may recover; not causal or additive.,0.14396498771498772,0.14396498771498772,0.14396498771498772,0.14396498771498772,0.22829104368577413,0.24065612485881507,0.24061288915124607,0.24061288915124607,0.24061288915124607,0.24061288915124607,0.24061288915124607,0.24061288915124607
bottle__01,5,container,bottle,shoulder,7910,0.25,dbscan_only,no_hpid_geometry_at_threshold,0.23405763506889343,0.26331019401550293,0.23405762871988664,0.2633101851851852,container/container_visual_panel_02/center/01,container_visual_panel_02/right/01,visual_panel_02,visual_panel_02,0.0,0.0,0.0,0.0,0.0,0.0,0.01722028649554752,0,1,1,after_hierarchy_duplicate_filter -> actual_semantic_argmax,after_hierarchy_duplicate_filter -> actual_semantic_argmax,1,0,0,Observed representation transitions; first loss may recover; not causal or additive.,0.2633101851851852,0.2633101851851852,0.2633101851851852,0.2633101851851852,0.21683734222433912,0.23405762871988664,0.23405762871988664,0.23405762871988664,0.23405762871988664,0.23405762871988664,0.23405762871988664,0.23405762871988664
bottle__02,2,container,bottle,lid,3363,0.25,dbscan_only,no_hpid_geometry_at_threshold,0.1406482309103012,0.8256364464759827,0.1782951238554901,0.8256364712847839,container/container/center/01,container_label/right/01,body,label,0.0,0.0,0.0,0.0,0.0,0.0,-0.046688094843832545,1,1,1,after_hierarchy_duplicate_filter -> actual_semantic_argmax,after_hierarchy_duplicate_filter -> actual_semantic_argmax,1,0,0,Observed representation transitions; first loss may recover; not causal or additive.,0.8256364712847839,0.8256364712847839,0.8256364712847839,0.8256364712847839,0.22495791245791247,0.17826981761407992,0.17832043728260097,0.1782951238554901,0.1782951238554901,0.1782951238554901,0.1782951238554901,0.1782951238554901
bottle__04,1,container,bottle,neck,687,0.25,dbscan_only,no_hpid_geometry_at_threshold,0.10437235236167908,0.6439588665962219,0.10437235543018336,0.6439588688946015,container/container_shoulder/center/01,container_bottom/right/01,shoulder,bottom,0.0,0.0,0.0,0.0,0.0,0.0,0.014502601450443853,0,0,0,no_observed_threshold_loss_never_supported,no_observed_threshold_loss_never_supported,0,0,0,Observed representation transitions; first loss may recover; not causal or additive.,0.11383464894058995,0.11383464894058995,0.11383464894058995,0.11383464894058995,0.08986975397973951,0.10437235543018336,0.10235131396957123,0.10235131396957123,0.10437235543018336,0.10437235543018336,0.10437235543018336,0.10437235543018336
bottle__04,2,container,bottle,shoulder,1721,0.25,dbscan_only,no_hpid_geometry_at_threshold,0.1867154836654663,0.4112582802772522,0.22409232988699207,0.4112582781456954,container_body/container_inner/center/01,container_visual_panel_01/right/01,inner,visual_panel_01,0.012256267409470752,0.014460511679644048,0.012256267480552197,0.01446051150560379,0.012783265543288786,0.015107495642068565,-0.07540502436542842,1,1,1,actual_semantic_argmax -> after_direct_detail_gate,actual_semantic_argmax -> after_direct_detail_gate,1,0,0,Observed representation transitions; first loss may recover; not causal or additive.,0.4112582781456954,0.4112582781456954,0.4112582781456954,0.4112582781456954,0.2998211091234347,0.22441608475800626,0.22409232988699207,0.22409232988699207,0.22409232988699207,0.22409232988699207,0.22409232988699207,0.22409232988699207
box__02,0,container,box,bottom,10348,0.25,dbscan_only,no_hpid_geometry_at_threshold,0.15204137563705444,0.27530521154403687,0.1520413818584888,0.2753052004229549,container/container_visual_panel_03/right/01,container_bottom/right/01,visual_panel_03,bottom,0.05402010050251256,0.2753052004229549,0.054020099341869354,0.27530521154403687,0.05402010050251256,0.2767684576729803,0.001897637075033376,0,1,1,after_hierarchy_duplicate_filter -> actual_semantic_argmax,after_hierarchy_duplicate_filter -> actual_semantic_argmax,1,0,0,Observed representation transitions; first loss may recover; not causal or additive.,0.2753052004229549,0.2753052004229549,0.2753052004229549,0.2753052004229549,0.15014374478345544,0.1520413818584888,0.1520413818584888,0.1520413818584888,0.1520413818584888,0.1520413818584888,0.1520413818584888,0.1520413818584888
box__02,3,container,box,lid,48390,0.25,dbscan_only,no_hpid_geometry_at_threshold,0.05689900368452072,0.8878366947174072,0.05689900426742532,0.8878367087096646,container/container_shoulder/right/01,container_side/left/01,shoulder,side,0.0,0.00022389578668837777,0.0,0.0002238957822555676,0.0,0.00022731969415168424,0.0,0,1,1,after_hierarchy_duplicate_filter -> actual_semantic_argmax,after_hierarchy_duplicate_filter -> actual_semantic_argmax,1,0,0,Observed representation transitions; first loss may recover; not causal or additive.,0.8021622902003248,0.8021622902003248,0.8021622902003248,0.8021622902003248,0.05689900426742532,0.05689900426742532,0.05728125322065341,0.05728125322065341,0.05689900426742532,0.05689900426742532,0.05689900426742532,0.05689900426742532
broom__01,0,tool_prop,broom,shaft,780,0.25,dbscan_only,no_hpid_geometry_at_threshold,0.2112332135438919,0.6531986594200134,0.21123321123321123,0.6531986531986532,tool_prop/tool_prop_visual_strip_02/center/01,tool_prop_shaft/left/01,visual_strip_02,shaft,0.0,0.6531986531986532,0.0,0.6531986594200134,0.0,0.7461538461538462,0.1746031746031746,0,1,1,after_hierarchy_duplicate_filter -> actual_semantic_argmax,after_hierarchy_duplicate_filter -> actual_semantic_argmax,1,0,0,Observed representation transitions; first loss may recover; not causal or additive.,0.8193548387096774,0.8193548387096774,0.8193548387096774,0.8193548387096774,0.0,0.1746031746031746,0.21123321123321123,0.21123321123321123,0.21123321123321123,0.21123321123321123,0.21123321123321123,0.21123321123321123
broom__03,0,tool_prop,broom,lower_bristles,2957,0.25,dbscan_only,no_hpid_geometry_at_threshold,0.0,0.9477189183235168,0.0,0.9477189477189477,tool_prop/tool_prop_ring/left/01,tool_prop_lower_bristles/center/01,ring,lower_bristles,0.0,0.9477189477189477,0.0,0.9477189183235168,0.0,0.9624619546838011,0.0,0,1,1,after_hierarchy_duplicate_filter -> actual_semantic_argmax,after_hierarchy_duplicate_filter -> actual_semantic_argmax,1,0,0,Observed representation transitions; first loss may recover; not causal or additive.,0.9477189477189477,0.9477189477189477,0.9477189477189477,0.9477189477189477,0.0,0.0,0.0,0.0,0.0,0.0,0.0,0.0
can__03,1,container,can,lid,853,0.25,dbscan_only,no_hpid_geometry_at_threshold,0.0,0.424468070268631,0.10503832139716045,0.42446808510638295,container/container/center/01,container_pull_tab/center/01,body,pull_tab,0.0,0.0,0.0,0.0,0.0,0.0,0.002612445386378781,0,1,1,after_hierarchy_duplicate_filter -> actual_semantic_argmax,after_hierarchy_duplicate_filter -> actual_semantic_argmax,1,0,0,Observed representation transitions; first loss may recover; not causal or additive.,0.42446808510638295,0.42446808510638295,0.42446808510638295,0.42446808510638295,0.10242587601078167,0.10503832139716045,0.10521016863830858,0.10503832139716045,0.10503832139716045,0.10503832139716045,0.10503832139716045,0.10503832139716045
can__04,3,container,can,lid,8279,0.25,dbscan_only,no_hpid_geometry_at_threshold,0.19954434037208557,0.42280223965644836,0.19954434184056813,0.4228022401479731,container/container/center/01,container/left/01,body,body,0.0,0.0,0.0,0.0,0.0,0.0,0.0009769317133734579,0,0,0,no_observed_threshold_loss_never_supported,no_observed_threshold_loss_never_supported,0,0,0,Observed representation transitions; first loss may recover; not causal or additive.,0.1105603505865377,0.1105603505865377,0.1105603505865377,0.1105603505865377,0.19856257386103274,0.1995395055744062,0.19954434184056813,0.19954434184056813,0.19954434184056813,0.19954434184056813,0.19954434184056813,0.19954434184056813
car_automobile__02,7,vehicle,car_(automobile),badge,141,0.25,dbscan_only,no_hpid_geometry_at_threshold,0.0,0.40425533056259155,0.022377400412632916,0.40425531914893614,vehicle/vehicle_fender/center/01,vehicle_visual_detail_06/left/01,fender,visual_detail_06,0.0,0.0,0.0,0.0,0.0,0.0,0.0009602292965468738,0,1,1,after_hierarchy_duplicate_filter -> actual_semantic_argmax,after_hierarchy_duplicate_filter -> actual_semantic_argmax,1,0,0,Observed representation transitions; first loss may recover; not causal or additive.,0.8611111111111112,0.8611111111111112,0.8611111111111112,0.8611111111111112,0.021206096752816435,0.02216632604936331,0.022377400412632916,0.022377400412632916,0.022377400412632916,0.022377400412632916,0.022377400412632916,0.022377400412632916
car_automobile__04,3,vehicle,car_(automobile),fender,15940,0.25,dbscan_only,no_hpid_geometry_at_threshold,0.0,0.2515869736671448,0.1106329816768462,0.2602139390226662,vehicle/vehicle_door/center/01,vehicle_hood/left/01,door,hood,0.0,0.0,0.0,0.0,0.0,0.0,0.08384346630327182,0,0,0,no_observed_threshold_loss_never_supported,no_observed_threshold_loss_never_supported,0,0,0,Observed representation transitions; first loss may recover; not causal or additive.,0.2470055506865323,0.2470055506865323,0.2470055506865323,0.2470055506865323,0.026792586890875717,0.11063605319414753,0.1106329816768462,0.1106329816768462,0.1106329816768462,0.1106329816768462,0.1106329816768462,0.1106329816768462
car_automobile__04,14,vehicle,car_(automobile),rim,2589,0.25,dbscan_only,no_hpid_geometry_at_threshold,0.021629972383379936,0.5401683449745178,0.021629972962533797,0.540168324407039,vehicle_wheel/vehicle_rim/left/01,vehicle_rim/left/01,rim,rim,0.021629972962533797,0.540168324407039,0.021629972383379936,0.5401683449745178,0.021629972962533797,0.5453843182696022,0.021629972962533797,0,1,1,after_hierarchy_duplicate_filter -> actual_semantic_argmax,after_hierarchy_duplicate_filter -> actual_semantic_argmax,1,0,0,Observed representation transitions; first loss may recover; not causal or additive.,0.6180713743356112,0.6180713743356112,0.6180713743356112,0.6180713743356112,0.0,0.021629972962533797,0.021629972962533797,0.021629972962533797,0.021629972962533797,0.021629972962533797,0.021629972962533797,0.021629972962533797
chair__03,5,furniture,chair,stretcher,644,0.25,dbscan_only,no_hpid_geometry_at_threshold,0.16925466060638428,0.3613744080066681,0.16925465838509315,0.3613744075829384,furniture_leg/furniture_stretcher/center/01,furniture_stile/left/01,stretcher,stile,0.16925465838509315,0.11645299145299146,0.16925466060638428,0.11645299196243286,0.16925465838509315,0.16925465838509315,0.0,0,1,1,after_hierarchy_duplicate_filter -> actual_semantic_argmax,after_hierarchy_duplicate_filter -> actual_semantic_argmax,1,0,0,Observed representation transitions; first loss may recover; not causal or additive.,0.2791666666666667,0.2791666666666667,0.2791666666666667,0.2791666666666667,0.16925465838509315,0.16925465838509315,0.16925465838509315,0.16925465838509315,0.16925465838509315,0.16925465838509315,0.16925465838509315,0.16925465838509315
chair__04,3,furniture,chair,seat,1412,0.25,dbscan_only,no_hpid_geometry_at_threshold,0.03966005519032478,0.6002805233001709,0.039660056657223795,0.6002805049088359,furniture_leg/furniture_stretcher/center/01,furniture_stretcher/left/01,stretcher,stretcher,0.0,0.0,0.0,0.0,0.0,0.0,0.03358941648062336,0,1,1,after_hierarchy_duplicate_filter -> actual_semantic_argmax,after_hierarchy_duplicate_filter -> actual_semantic_argmax,1,0,0,Observed representation transitions; first loss may recover; not causal or additive.,0.6002805049088359,0.6002805049088359,0.6002805049088359,0.6002805049088359,0.006070640176600441,0.039660056657223795,0.039660056657223795,0.039660056657223795,0.039660056657223795,0.039660056657223795,0.039660056657223795,0.039660056657223795
clock__03,2,device,clock,base,4996,0.25,dbscan_only,no_hpid_geometry_at_threshold,0.10817287117242813,0.8897228837013245,0.10817286747407859,0.8897228637413395,device/device/center/01,device_base/center/01,body,base,0.0,0.8897228637413395,0.0,0.8897228837013245,0.0,0.9253402722177743,0.0012437946520640342,0,1,1,after_hierarchy_duplicate_filter -> actual_semantic_argmax,after_hierarchy_duplicate_filter -> actual_semantic_argmax,1,0,0,Observed representation transitions; first loss may recover; not causal or additive.,0.8335097001763668,0.8335097001763668,0.8335097001763668,0.8335097001763668,0.10692907282201455,0.10817286747407859,0.10817286747407859,0.10817286747407859,0.10817286747407859,0.10817286747407859,0.10817286747407859,0.10817286747407859
fan__01,2,device,fan,motor,857,0.25,dbscan_only,no_hpid_geometry_at_threshold,0.009760858491063118,0.4490908980369568,0.037012557832121616,0.4490909090909091,device/device_bulb/center/01,device_bulb/left/01,bulb,bulb,0.0,0.0,0.0,0.0,0.0,0.0,0.0237616912418512,0,1,1,after_hierarchy_duplicate_filter -> actual_semantic_argmax,after_hierarchy_duplicate_filter -> actual_semantic_argmax,1,0,0,Observed representation transitions; first loss may recover; not causal or additive.,0.43920044419766796,0.43920044419766796,0.43920044419766796,0.43920044419766796,0.012589928057553957,0.036351619299405155,0.037012557832121616,0.037012557832121616,0.037012557832121616,0.037012557832121616,0.037012557832121616,0.037012557832121616
fan__02,2,device,fan,bracket,404,0.25,dbscan_only,no_hpid_geometry_at_threshold,0.05340699851512909,0.31700801849365234,0.053406998158379376,0.3170080142475512,device_body/device_rod/center/01,device_rod/center/02,rod,rod,0.0,0.0,0.0,0.0,0.0,0.0,0.059001512859304085,0,1,1,after_hierarchy_duplicate_filter -> actual_semantic_argmax,after_hierarchy_duplicate_filter -> actual_semantic_argmax,1,0,0,Observed representation transitions; first loss may recover; not causal or additive.,0.2545710267229255,0.2545710267229255,0.2545710267229255,0.2545710267229255,0.0,0.059001512859304085,0.0445468509984639,0.0445468509984639,0.053406998158379376,0.053406998158379376,0.053406998158379376,0.053406998158379376
handbag__01,0,container,handbag,handle,10331,0.25,dbscan_only,no_hpid_geometry_at_threshold,0.166464701294899,0.3680555522441864,0.16646470766434412,0.3680555555555556,container/container_pocket/center/01,container_strap/left/01,pocket,strap,0.0,0.0,0.0,0.0,0.0,0.0,-0.014880841485871321,1,1,1,after_hierarchy_duplicate_filter -> actual_semantic_argmax,after_hierarchy_duplicate_filter -> actual_semantic_argmax,1,0,0,Observed representation transitions; first loss may recover; not causal or additive.,0.6356395739372421,0.6356395739372421,0.6356395739372421,0.6356395739372421,0.18889150665567206,0.17401066516980074,0.1734331150608045,0.1734331150608045,0.16646470766434412,0.16646470766434412,0.16646470766434412,0.16646470766434412
kettle__02,0,device,kettle,lid,858,0.25,dbscan_only,no_hpid_geometry_at_threshold,0.22723403573036194,0.7202796936035156,0.2272340425531915,0.7202797202797203,device/device/center/01,device_lid/left/01,body,lid,0.0,0.7202797202797203,0.0,0.7202796936035156,0.0,0.7202797202797203,0.0005145407133952951,0,1,1,after_hierarchy_duplicate_filter -> actual_semantic_argmax,after_hierarchy_duplicate_filter -> actual_semantic_argmax,1,0,0,Observed representation transitions; first loss may recover; not causal or additive.,0.8391608391608392,0.8391608391608392,0.8391608391608392,0.8391608391608392,0.2267195018397962,0.2272340425531915,0.2272340425531915,0.2272340425531915,0.2272340425531915,0.2272340425531915,0.2272340425531915,0.2272340425531915
kettle__04,2,device,kettle,handle,980,0.25,dbscan_only,no_hpid_geometry_at_threshold,0.1061224490404129,0.608216404914856,0.13903225806451613,0.6082164328657315,device/device/center/01,device_spout/right/01,body,spout,0.0,0.0,0.0,0.0,0.0,0.0,-0.01660251171002977,1,1,1,after_hierarchy_duplicate_filter -> actual_semantic_argmax,after_hierarchy_duplicate_filter -> actual_semantic_argmax,1,0,0,Observed representation transitions; first loss may recover; not causal or additive.,0.6653306613226453,0.6653306613226453,0.6653306613226453,0.6653306613226453,0.15588187832822334,0.13927936661819357,0.13903225806451613,0.13903225806451613,0.13903225806451613,0.13903225806451613,0.13903225806451613,0.13903225806451613
ladder__01,1,tool_prop,ladder,rail,2313,0.25,dbscan_only,no_hpid_geometry_at_threshold,0.04358452185988426,0.28089460730552673,0.043584521384928715,0.28089461713419256,tool_prop_rail/tool_prop_step/center/01,tool_prop_top_cap/center/01,step,top_cap,0.0,0.0,0.0,0.0,0.0,0.0,0.04850602151185308,0,1,1,after_hierarchy_duplicate_filter -> actual_semantic_argmax,after_hierarchy_duplicate_filter -> actual_semantic_argmax,1,0,0,Observed representation transitions; first loss may recover; not causal or additive.,0.3672931091328717,0.3672931091328717,0.3672931091328717,0.3672931091328717,0.0008036431824270024,0.04930966469428008,0.04259554140127388,0.04259554140127388,0.043584521384928715,0.043584521384928715,0.043584521384928715,0.043584521384928715
laptop_computer__01,1,device,laptop_computer,touchpad,626,0.25,dbscan_only,no_hpid_geometry_at_threshold,0.0,0.63116055727005,0.0,0.6311605723370429,device_body/device_base_panel/center/01,device_touchpad/left/01,base_panel,touchpad,0.0,0.6311605723370429,0.0,0.63116055727005,0.0,0.634185303514377,0.0,0,1,1,after_hierarchy_duplicate_filter -> actual_semantic_argmax,after_hierarchy_duplicate_filter -> actual_semantic_argmax,1,0,0,Observed representation transitions; first loss may recover; not causal or additive.,0.6311605723370429,0.6311605723370429,0.6311605723370429,0.6311605723370429,0.0,0.0,0.0,0.0,0.0,0.0,0.0,0.0
laptop_computer__02,2,device,laptop_computer,base_panel,7376,0.25,dbscan_only,no_hpid_geometry_at_threshold,0.14442062377929688,0.40121516585350037,0.1444206250705179,0.40121515368120086,device_body/device_base_panel/center/01,device_base_panel/left/01,base_panel,base_panel,0.1444206250705179,0.40121515368120086,0.14442062377929688,0.40121516585350037,0.1735357917570499,0.7609815618221258,0.09096055667381703,0,1,1,after_hierarchy_duplicate_filter -> actual_semantic_argmax,after_hierarchy_duplicate_filter -> actual_semantic_argmax,1,0,0,Observed representation transitions; first loss may recover; not causal or additive.,0.43468761072398726,0.43468761072398726,0.43468761072398726,0.43468761072398726,0.053460068396700866,0.1444206250705179,0.1444206250705179,0.1444206250705179,0.1444206250705179,0.1444206250705179,0.1444206250705179,0.1444206250705179
laptop_computer__03,0,device,laptop_computer,logo,27,0.25,dbscan_only,no_hpid_geometry_at_threshold,0.0,0.7575757503509521,0.004161464835622139,0.7575757575757576,device_screen/device_bezel/center/01,device_logo/right/02,bezel,logo,0.0,0.7575757575757576,0.0,0.7575757503509521,0.0,0.9259259259259259,0.002071671381019421,0,1,1,after_hierarchy_duplicate_filter -> actual_semantic_argmax,after_hierarchy_duplicate_filter -> actual_semantic_argmax,1,0,0,Observed representation transitions; first loss may recover; not causal or additive.,0.7575757575757576,0.7575757575757576,0.7575757575757576,0.7575757575757576,0.002077706212341575,0.004149377593360996,0.004154549231408392,0.004154549231408392,0.004161464835622139,0.004161464835622139,0.004161464835622139,0.004161464835622139
laptop_computer__04,5,device,laptop_computer,logo,22,0.25,dbscan_only,no_hpid_geometry_at_threshold,0.0,0.5945945978164673,0.0020833333333333333,0.5945945945945946,device_body/device_screen/center/01,device_logo/center/01,screen,logo,0.0,0.5945945945945946,0.0,0.5945945978164673,0.0,1.0,0.0,0,1,1,after_hierarchy_duplicate_filter -> actual_semantic_argmax,after_hierarchy_duplicate_filter -> actual_semantic_argmax,1,0,0,Observed representation transitions; first loss may recover; not causal or additive.,0.5945945945945946,0.5945945945945946,0.5945945945945946,0.5945945945945946,0.0020862968231389286,0.0020862968231389286,0.002083136066660354,0.002083136066660354,0.0020833333333333333,0.0020833333333333333,0.0020833333333333333,0.0020833333333333333
microwave_oven__01,1,device,microwave_oven,side_panel,6196,0.25,dbscan_only,no_hpid_geometry_at_threshold,0.1142672672867775,0.6157156229019165,0.11426726920593931,0.6157156518967166,device/device_side_panel/left/01,device_side_panel/left/01,side_panel,side_panel,0.11426726920593931,0.6157156518967166,0.1142672672867775,0.6157156229019165,0.11426726920593931,0.6234667527437057,0.10151150280121121,0,1,1,after_hierarchy_duplicate_filter -> actual_semantic_argmax,after_hierarchy_duplicate_filter -> actual_semantic_argmax,1,0,0,Observed representation transitions; first loss may recover; not causal or additive.,0.8090921035343581,0.8090921035343581,0.8090921035343581,0.8090921035343581,0.004349741217927541,0.10586124401913875,0.10586124401913875,0.10586124401913875,0.11426726920593931,0.11426726920593931,0.11426726920593931,0.11426726920593931
microwave_oven__03,0,device,microwave_oven,screen,116,0.25,dbscan_only,no_hpid_geometry_at_threshold,0.0,0.8362069129943848,0.09362389023405973,0.8362068965517241,device_body/device_vent/center/01,device_screen/right/01,vent,screen,0.0,0.8362068965517241,0.0,0.8362069129943848,0.0,0.8362068965517241,0.0027496815955841136,0,1,1,after_hierarchy_duplicate_filter -> actual_semantic_argmax,after_hierarchy_duplicate_filter -> actual_semantic_argmax,1,0,0,Observed representation transitions; first loss may recover; not causal or additive.,0.8362068965517241,0.8362068965517241,0.8362068965517241,0.8362068965517241,0.0914826498422713,0.09423233143785541,0.09362389023405973,0.09362389023405973,0.09362389023405973,0.09362389023405973,0.09362389023405973,0.09362389023405973
mug__04,0,container,mug,bottom,1267,0.25,dbscan_only,no_hpid_geometry_at_threshold,0.06708760559558868,0.9105058312416077,0.15517769607843138,0.9105058365758755,container/container/center/01,container_label/left/01,body,label,0.0,0.0,0.0,0.0,0.0,0.0,-9.005712296558666e-05,1,1,1,after_hierarchy_duplicate_filter -> actual_semantic_argmax,after_hierarchy_duplicate_filter -> actual_semantic_argmax,1,0,0,Observed representation transitions; first loss may recover; not causal or additive.,0.9105058365758755,0.9105058365758755,0.9105058365758755,0.9105058365758755,0.15526775320139696,0.15517769607843138,0.15517769607843138,0.15517769607843138,0.15517769607843138,0.15517769607843138,0.15517769607843138,0.15517769607843138
remote_control__02,2,device,remote_control,logo,98,0.25,dbscan_only,no_hpid_geometry_at_threshold,0.0,0.8484848737716675,0.015755627009646302,0.8484848484848485,device/device_keyboard/right/01,device_logo/right/01,keyboard,logo,0.0,0.8484848484848485,0.0,0.8484848737716675,0.0,0.8571428571428571,0.09430150562226033,0,1,1,after_hierarchy_duplicate_filter -> actual_semantic_argmax,after_hierarchy_duplicate_filter -> actual_semantic_argmax,1,0,0,Observed representation transitions; first loss may recover; not causal or additive.,0.8484848484848485,0.8484848484848485,0.8484848484848485,0.8484848484848485,0.01680960548885077,0.1111111111111111,0.015755627009646302,0.015755627009646302,0.015755627009646302,0.015755627009646302,0.015755627009646302,0.015755627009646302
scissors__01,2,tool_prop,scissors,pivot,3871,0.25,dbscan_only,no_hpid_geometry_at_threshold,0.0,0.8717439770698547,0.14024346061879575,0.8717439841230464,tool_prop/tool_prop_blade/center/01,tool_prop_pivot/left/01,blade,pivot,0.0,0.8717439841230464,0.0,0.8717439770698547,0.0,0.9077757685352622,-0.0010429809945078777,1,1,1,after_hierarchy_duplicate_filter -> actual_semantic_argmax,after_hierarchy_duplicate_filter -> actual_semantic_argmax,1,0,0,Observed representation transitions; first loss may recover; not causal or additive.,0.8717439841230464,0.8717439841230464,0.8717439841230464,0.8717439841230464,0.1091744930479172,0.10813151205340932,0.10812547135554873,0.10811339198435972,0.14024346061879575,0.14024346061879575,0.14024346061879575,0.14024346061879575
scissors__03,1,tool_prop,scissors,blade,4523,0.25,dbscan_only,no_hpid_geometry_at_threshold,0.0,0.5639830231666565,0.013437364542696142,0.5639830508474576,tool_prop_body/tool_prop_pivot/left/01,tool_prop_finger_hole/left/01,pivot,finger_hole,0.0,0.0004404639553663192,0.0,0.0004404639475978911,0.0,0.0013265531726730046,0.007806332653179649,0,1,1,after_hierarchy_duplicate_filter -> actual_semantic_argmax,after_hierarchy_duplicate_filter -> actual_semantic_argmax,1,0,0,Observed representation transitions; first loss may recover; not causal or additive.,0.5639830508474576,0.5639830508474576,0.5639830508474576,0.5639830508474576,0.005512679162072767,0.013319011815252416,0.01333046656632982,0.01333046656632982,0.013437364542696142,0.013437364542696142,0.013437364542696142,0.013437364542696142
scissors__03,3,tool_prop,scissors,finger_hole,19975,0.25,dbscan_only,no_hpid_geometry_at_threshold,0.12765425443649292,0.42922553420066833,0.12765425930552085,0.42922552362396493,tool_prop_body/tool_prop_handle/right/01,tool_prop_blade/right/02,handle,blade,0.0,0.0,0.0,0.0,0.0,0.0,0.07383929163659894,0,1,1,after_hierarchy_duplicate_filter -> actual_semantic_argmax,after_hierarchy_duplicate_filter -> actual_semantic_argmax,1,0,0,Observed representation transitions; first loss may recover; not causal or additive.,0.4861679329826612,0.4861679329826612,0.4861679329826612,0.4861679329826612,0.054014817781337605,0.12785410941793654,0.12765425930552085,0.12765425930552085,0.12765425930552085,0.12765425930552085,0.12765425930552085,0.12765425930552085
soap__02,1,daily_object,soap,cap,908,0.25,dbscan_only,no_hpid_geometry_at_threshold,0.24981658160686493,0.2931672930717468,0.24981658107116655,0.2931672837428475,container/container/center/01,container_inner/left/01,container,container_inner,0.0,0.0,0.0,0.0,0.0,0.0,-0.0320192301764094,1,1,1,actual_semantic_argmax -> after_direct_detail_gate,after_cleanup -> after_root_restoration,2,1,1,Observed representation transitions; first loss may recover; not causal or additive.,0.2931672837428475,0.2931672837428475,0.2931672837428475,0.2931672837428475,0.28183581124757595,0.24981658107116655,0.25315985130111524,0.24981658107116655,0.24981658107116655,0.24981658107116655,0.24981658107116655,0.24981658107116655
soap__02,4,daily_object,soap,label,670,0.25,dbscan_only,no_hpid_geometry_at_threshold,0.0,0.34864547848701477,0.1461121157323689,0.3486454652532391,container/container/center/01,container/center/01,container,container,0.0,0.0,0.0,0.0,0.0,0.0,-0.00628355660147964,1,0,0,no_observed_threshold_loss_never_supported,no_observed_threshold_loss_never_supported,0,0,0,Observed representation transitions; first loss may recover; not causal or additive.,0.10698000701508242,0.10698000701508242,0.10698000701508242,0.10698000701508242,0.15239567233384854,0.1461121157323689,0.14803957493587394,0.1461121157323689,0.1461121157323689,0.1461121157323689,0.1461121157323689,0.1461121157323689
table__04,1,furniture,table,drawer,2209,0.25,dbscan_only,no_hpid_geometry_at_threshold,0.10774105787277222,0.7161261439323425,0.10774105930285197,0.7161261661483785,furniture_body/furniture_shelf/center/01,furniture_shelf/left/01,shelf,shelf,0.0,0.0,0.0,0.0,0.0,0.0,0.07567240528297843,0,1,1,after_hierarchy_duplicate_filter -> actual_semantic_argmax,after_hierarchy_duplicate_filter -> actual_semantic_argmax,1,0,0,Observed representation transitions; first loss may recover; not causal or additive.,0.7877586966094232,0.7877586966094232,0.7877586966094232,0.7877586966094232,0.032068654019873535,0.10774105930285197,0.10774105930285197,0.10774105930285197,0.10774105930285197,0.10774105930285197,0.10774105930285197,0.10774105930285197
telephone__01,3,device,telephone,bezel,4060,0.25,dbscan_only,no_hpid_geometry_at_threshold,0.026328740641474724,0.6830986142158508,0.06994535519125683,0.6830985915492958,device_body/device_keyboard/right/01,device_bezel/right/01,keyboard,bezel,0.05799272416006848,0.6830985915492958,0.05799272283911705,0.6830986142158508,0.06674876847290641,0.9556650246305419,0.0,0,1,1,after_hierarchy_duplicate_filter -> actual_semantic_argmax,after_hierarchy_duplicate_filter -> actual_semantic_argmax,1,0,0,Observed representation transitions; first loss may recover; not causal or additive.,0.6830985915492958,0.6830985915492958,0.6830985915492958,0.6830985915492958,0.07103705327778996,0.07103705327778996,0.07016393442622951,0.07016393442622951,0.06994535519125683,0.06994535519125683,0.06994535519125683,0.06994535519125683
television_set__01,1,device,television_set,top_panel,14985,0.25,dbscan_only,no_hpid_geometry_at_threshold,0.0,0.41205552220344543,0.0,0.4120555152394775,device/device_screen/center/01,device_bezel/left/01,screen,bezel,0.0,0.0,0.0,0.0,0.0,0.0,0.009876543209876543,0,1,1,after_hierarchy_duplicate_filter -> actual_semantic_argmax,after_hierarchy_duplicate_filter -> actual_semantic_argmax,1,0,0,Observed representation transitions; first loss may recover; not causal or additive.,0.4120555152394775,0.4120555152394775,0.4120555152394775,0.4120555152394775,0.0,0.009876543209876543,0.009876543209876543,0.009876543209876543,0.009876543209876543,0.009876543209876543,0.009876543209876543,0.0
television_set__02,1,device,television_set,top_panel,12042,0.25,dbscan_only,no_hpid_geometry_at_threshold,0.16076527535915375,0.3938884437084198,0.16076527698458024,0.39388843789864314,device_body/device_base/center/01,device_side_panel/left/01,base,side_panel,0.0,0.0,0.0,0.0,0.0,0.0,0.00020998498906729668,0,1,1,after_hierarchy_duplicate_filter -> actual_semantic_argmax,after_hierarchy_duplicate_filter -> actual_semantic_argmax,1,0,0,Observed representation transitions; first loss may recover; not causal or additive.,0.368270629806693,0.368270629806693,0.368270629806693,0.368270629806693,0.16086576066574995,0.16107574565481725,0.16061908243139633,0.16061908243139633,0.16076527698458024,0.16076527698458024,0.16076527698458024,0.16076527698458024
television_set__02,2,device,television_set,side_panel,16703,0.25,dbscan_only,no_hpid_geometry_at_threshold,0.18046292662620544,0.29198235273361206,0.19576256647795506,0.2919823404371287,device_body/device_base/center/01,device_visual_strip_03/left/01,base,visual_strip_03,0.014188063645240967,0.1797591153861964,0.014188063330948353,0.17975911498069763,0.014787762677363347,0.26180925582230735,0.00024352446867695332,0,1,1,after_hierarchy_duplicate_filter -> actual_semantic_argmax,after_hierarchy_duplicate_filter -> actual_semantic_argmax,1,0,0,Observed representation transitions; first loss may recover; not causal or additive.,0.2919823404371287,0.2919823404371287,0.2919823404371287,0.2919823404371287,0.19434253385907765,0.1945860583277546,0.1955914365540529,0.1955914365540529,0.19576256647795506,0.19576256647795506,0.19576256647795506,0.19576256647795506
television_set__03,2,device,television_set,top_panel,9160,0.25,dbscan_only,no_hpid_geometry_at_threshold,0.0,0.2780965566635132,0.0,0.2780965469850541,device/device_bottom_panel/center/01,device_top_panel/left/01,bottom_panel,top_panel,0.0,0.2780965469850541,0.0,0.2780965566635132,0.0,0.8836244541484716,0.0,0,0,0,no_observed_threshold_loss_never_supported,no_observed_threshold_loss_never_supported,0,0,0,Observed representation transitions; first loss may recover; not causal or additive.,0.1815327337564761,0.1815327337564761,0.1815327337564761,0.1815327337564761,0.0,0.0,0.0,0.0,0.0,0.0,0.0,0.0
towel__02,2,daily_object,towel,terry_bar,2704,0.25,dbscan_only,no_hpid_geometry_at_threshold,0.22426912188529968,0.3902493417263031,0.23597025016903314,0.3902493321460374,daily_object_panel/daily_object_terry_bar/center/01,daily_object_terry_bar/right/01,terry_bar,terry_bar,0.23597025016903314,0.3902493321460374,0.23597024381160736,0.3902493417263031,0.2581360946745562,0.6482988165680473,0.0035184439088028485,0,1,1,after_hierarchy_duplicate_filter -> actual_semantic_argmax,after_hierarchy_duplicate_filter -> actual_semantic_argmax,1,0,0,Observed representation transitions; first loss may recover; not causal or additive.,0.3902493321460374,0.3902493321460374,0.3902493321460374,0.3902493321460374,0.2287330773893716,0.23225152129817445,0.23597025016903314,0.23597025016903314,0.23597025016903314,0.23597025016903314,0.23597025016903314,0.23597025016903314
trash_can__01,3,container,trash_can,label,643,0.25,dbscan_only,no_hpid_geometry_at_threshold,0.05596064403653145,0.8527131676673889,0.05596064306421857,0.8527131782945736,container/container/center/01,container_label/right/01,body,label,0.0,0.8527131782945736,0.0,0.8527131676673889,0.0,0.8553654743390358,0.0003918200232584518,0,1,1,after_hierarchy_duplicate_filter -> actual_semantic_argmax,after_hierarchy_duplicate_filter -> actual_semantic_argmax,1,0,0,Observed representation transitions; first loss may recover; not causal or additive.,0.9041731066460588,0.9041731066460588,0.9041731066460588,0.9041731066460588,0.05531434525877041,0.05570616528202886,0.05607888018311471,0.05596064306421857,0.05596064306421857,0.05596064306421857,0.05596064306421857,0.05596064306421857
trash_can__04,0,container,trash_can,opening,7322,0.25,dbscan_only,no_hpid_geometry_at_threshold,0.22794318199157715,0.4292530119419098,0.22794318492215243,0.4292529989094875,container/container_visual_panel_01/center/01,container_visual_panel_01/right/01,visual_panel_01,visual_panel_01,0.0,0.0,0.0,0.0,0.0,0.0,0.0,0,1,1,after_hierarchy_duplicate_filter -> actual_semantic_argmax,after_hierarchy_duplicate_filter -> actual_semantic_argmax,1,0,0,Observed representation transitions; first loss may recover; not causal or additive.,0.5188253012048193,0.5188253012048193,0.5188253012048193,0.5188253012048193,0.22794318492215243,0.22794318492215243,0.22794318492215243,0.22794318492215243,0.22794318492215243,0.22794318492215243,0.22794318492215243,0.22794318492215243
tray__01,1,container,tray,outer_side,14419,0.25,dbscan_only,no_hpid_geometry_at_threshold,0.22810181975364685,0.4647692143917084,0.22810181450018194,0.46476921093347084,furniture/furniture/center/01,furniture/right/01,furniture,furniture,0.0,0.0,0.0,0.0,0.0,0.0,0.02819064993444423,0,0,0,no_observed_threshold_loss_never_supported,no_observed_threshold_loss_never_supported,0,0,0,Observed representation transitions; first loss may recover; not causal or additive.,0.16852107243869943,0.16852107243869943,0.16852107243869943,0.16852107243869943,0.19998335668021247,0.2281740066146567,0.22810181450018194,0.22810181450018194,0.22810181450018194,0.22810181450018194,0.22810181450018194,0.22810181450018194
tray__01,2,container,tray,inner_wall,8086,0.25,dbscan_only,no_hpid_geometry_at_threshold,0.21555140614509583,0.34844669699668884,0.215551410585218,0.34844668345927793,furniture/furniture_apron/center/01,furniture_apron/left/01,furniture_apron,furniture_apron,0.0,0.0,0.0,0.0,0.0,0.0,0.07715315266119188,0,1,1,after_hierarchy_duplicate_filter -> actual_semantic_argmax,after_hierarchy_duplicate_filter -> actual_semantic_argmax,1,0,0,Observed representation transitions; first loss may recover; not causal or additive.,0.34844668345927793,0.34844668345927793,0.34844668345927793,0.34844668345927793,0.13839825792402613,0.215551410585218,0.215551410585218,0.215551410585218,0.215551410585218,0.215551410585218,0.215551410585218,0.215551410585218
vase__02,2,container,vase,neck,1155,0.25,dbscan_only,no_hpid_geometry_at_threshold,0.019455252215266228,0.25142547488212585,0.11403508771929824,0.25142546836817814,container/container/center/01,container_label/left/01,body,label,0.0,0.0,0.0,0.0,0.0,0.0,0.0017104519246667754,0,1,1,after_hierarchy_duplicate_filter -> actual_semantic_argmax,after_hierarchy_duplicate_filter -> actual_semantic_argmax,1,0,0,Observed representation transitions; first loss may recover; not causal or additive.,0.25142546836817814,0.25142546836817814,0.25142546836817814,0.25142546836817814,0.11202076677316294,0.11373121869782972,0.11405890954668894,0.11403508771929824,0.11403508771929824,0.11403508771929824,0.11403508771929824,0.11403508771929824
wallet__01,0,daily_object,wallet,flap,699,0.25,dbscan_only,no_hpid_geometry_at_threshold,0.17587503790855408,0.2986530363559723,0.17587503615851896,0.2986530422666047,container/container/center/01,container_label/left/01,container,container_label,0.0,0.0,0.0,0.0,0.0,0.0,-0.010611118208023435,1,1,1,after_hierarchy_duplicate_filter -> actual_semantic_argmax,after_hierarchy_duplicate_filter -> actual_semantic_argmax,1,0,0,Observed representation transitions; first loss may recover; not causal or additive.,0.2861593235425011,0.2861593235425011,0.2861593235425011,0.2861593235425011,0.18592830390583198,0.17531718569780855,0.17587503615851896,0.17587503615851896,0.17587503615851896,0.17587503615851896,0.17587503615851896,0.17587503615851896
wallet__01,1,daily_object,wallet,inner,1045,0.25,dbscan_only,no_hpid_geometry_at_threshold,0.18826530873775482,0.3086757957935333,0.188265306122449,0.308675799086758,container/container_handle/center/01,container/right/01,container_handle,container,0.0,0.0,0.0,0.0,0.0,0.0,0.0065814065655804554,0,0,0,no_observed_threshold_loss_never_supported,no_observed_threshold_loss_never_supported,0,0,0,Observed representation transitions; first loss may recover; not causal or additive.,0.20474137931034483,0.20474137931034483,0.20474137931034483,0.20474137931034483,0.18168389955686853,0.188265306122449,0.18730964467005076,0.18730964467005076,0.188265306122449,0.188265306122449,0.188265306122449,0.188265306122449
