group_by,group,n_references,n_cases,neither_matched,dbscan_only,both_matched,hpid_only,dbscan_only_hpid_no_geometry,dbscan_only_hpid_geometry_not_matched
domain,container,297,72,163,24,106,4,19,5
domain,daily_object,142,40,87,8,45,2,6,2
domain,device,249,59,122,20,94,13,19,1
domain,furniture,74,16,44,5,21,4,4,1
domain,tool_prop,114,31,74,8,30,2,6,2
domain,vehicle,114,8,74,7,29,4,7,0
category,basket,16,4,10,3,3,0,3,0
category,belt,16,4,12,0,4,0,0,0
category,bench,19,4,14,1,4,0,1,0
category,bicycle,48,4,30,4,14,0,4,0
category,blender,27,4,15,2,9,1,2,0
category,book,8,4,4,1,3,0,1,0
category,bottle,24,4,9,6,7,2,5,1
category,bowl,16,4,10,1,5,0,0,1
category,box,16,4,12,2,2,0,2,0
category,broom,10,3,3,2,5,0,2,0
category,bucket,19,4,11,0,8,0,0,0
category,calculator,6,3,2,0,4,0,0,0
category,can,20,4,9,2,9,0,2,0
category,car_(automobile),66,4,44,3,15,4,3,0
category,carton,11,4,6,0,5,0,0,0
category,cellular_telephone,16,4,5,0,8,3,0,0
category,chair,28,4,15,3,8,2,2,1
category,clock,12,4,6,1,3,2,1,0
category,crate,12,4,10,0,2,0,0,0
category,cup,12,4,8,0,4,0,0,0
category,earphone,14,4,7,0,7,0,0,0
category,fan,20,4,8,2,9,1,2,0
category,glass_(drink_container),18,4,9,0,8,1,0,0
category,guitar,24,4,14,1,8,1,0,1
category,hammer,9,3,7,0,2,0,0,0
category,handbag,16,4,10,1,5,0,1,0
category,hat,9,4,4,0,5,0,0,0
category,helmet,8,4,2,0,6,0,0,0
category,jar,16,4,5,2,8,1,0,2
category,kettle,18,4,9,2,7,0,2,0
category,knife,8,4,6,0,2,0,0,0
category,ladder,12,4,11,1,0,0,1,0
category,lamp,18,4,10,1,6,1,0,1
category,laptop_computer,27,4,14,4,9,0,4,0
category,microwave_oven,20,4,11,2,7,0,2,0
category,mouse_(computer_equipment),20,4,8,0,10,2,0,0
category,mug,21,4,9,1,11,0,1,0
category,pan_(for_cooking),16,4,14,0,2,0,0,0
category,pen,8,3,5,0,3,0,0,0
category,plastic_bag,12,4,5,0,7,0,0,0
category,plate,16,4,13,0,3,0,0,0
category,remote_control,10,4,5,1,4,0,1,0
category,scarf,8,4,4,0,4,0,0,0
category,scissors,16,4,5,4,6,1,3,1
category,screwdriver,3,1,3,0,0,0,0,0
category,shoe,26,4,20,0,6,0,0,0
category,slipper_(footwear),3,1,3,0,0,0,0,0
category,soap,11,2,3,3,4,1,2,1
category,spoon,16,4,11,0,5,0,0,0
category,stool,12,4,6,0,5,1,0,0
category,sweater,28,4,20,1,6,1,0,1
category,table,15,4,9,1,4,1,1,0
category,telephone,16,4,8,1,5,2,1,0
category,television_set,15,4,7,4,4,0,4,0
category,towel,13,4,9,1,3,0,1,0
category,trash_can,16,4,6,3,7,0,2,1
category,tray,16,4,13,2,1,0,2,0
category,vase,20,4,8,1,11,0,1,0
category,wallet,4,2,1,2,1,0,2,0
category,watch,10,4,7,0,2,1,0,0
