case_id,domain,category,image_id,variant,candidate_count,fusion_seconds,part_f1_at_025,part_f1_at_050,semantic_f1_at_025,semantic_f1_at_050,predicted_part_count
basket__01,container,basket,409424,released,3,0.19701120001263916,0.0,0.0,0.0,0.0,2.0
basket__01,container,basket,409424,uniform_r,3,0.19458530000702012,0.6666666666666666,0.0,0.3333333333333333,0.0,2.0
basket__01,container,basket,409424,no_consensus,3,0.17303369998990092,0.0,0.0,0.0,0.0,2.0
basket__02,container,basket,365819,released,9,0.11193089999142103,0.25,0.0,0.25,0.0,4.0
basket__02,container,basket,365819,uniform_r,9,0.1120082999987062,0.25,0.0,0.25,0.0,4.0
basket__02,container,basket,365819,no_consensus,9,0.11008500000752974,0.0,0.0,0.0,0.0,2.0
basket__03,container,basket,268092,released,9,0.08189929999934975,0.5,0.25,0.0,0.0,4.0
basket__03,container,basket,268092,uniform_r,9,0.07044070000119973,0.5,0.25,0.0,0.0,4.0
basket__03,container,basket,268092,no_consensus,9,0.06786089998786338,0.5,0.25,0.0,0.0,4.0
basket__04,container,basket,349480,released,8,0.039100199996028095,0.0,0.0,0.0,0.0,4.0
basket__04,container,basket,349480,uniform_r,8,0.04139270000450779,0.0,0.0,0.0,0.0,4.0
basket__04,container,basket,349480,no_consensus,8,0.03922039999451954,0.0,0.0,0.0,0.0,4.0
belt__01,daily_object,belt,96215,released,4,0.007461800007149577,0.25,0.25,0.0,0.0,2.0
belt__01,daily_object,belt,96215,uniform_r,4,0.007216800004243851,0.25,0.25,0.0,0.0,2.0
belt__01,daily_object,belt,96215,no_consensus,4,0.007271999988006428,0.25,0.25,0.0,0.0,2.0
belt__02,daily_object,belt,67315,released,4,0.0071386000054189935,0.25,0.0,0.0,0.0,4.0
belt__02,daily_object,belt,67315,uniform_r,4,0.00716360000660643,0.25,0.25,0.0,0.0,4.0
belt__02,daily_object,belt,67315,no_consensus,4,0.007065800004056655,0.25,0.0,0.0,0.0,4.0
belt__03,daily_object,belt,513456,released,6,0.015127599996048957,0.0,0.0,0.0,0.0,5.0
belt__03,daily_object,belt,513456,uniform_r,6,0.015692000000854023,0.0,0.0,0.0,0.0,5.0
belt__03,daily_object,belt,513456,no_consensus,6,0.01672590000089258,0.0,0.0,0.0,0.0,5.0
belt__04,daily_object,belt,41710,released,17,0.033220500001334585,0.25,0.125,0.0,0.0,13.0
belt__04,daily_object,belt,41710,uniform_r,17,0.03262209999957122,0.2222222222222222,0.2222222222222222,0.0,0.0,15.0
belt__04,daily_object,belt,41710,no_consensus,17,0.029371500000706874,0.25,0.125,0.0,0.0,13.0
bench__01,furniture,bench,370493,released,6,0.16982840000127908,0.0,0.0,0.0,0.0,4.0
bench__01,furniture,bench,370493,uniform_r,6,0.19314869999652728,0.0,0.0,0.0,0.0,5.0
bench__01,furniture,bench,370493,no_consensus,6,0.17533969999931287,0.0,0.0,0.0,0.0,4.0
bench__02,furniture,bench,468505,released,8,0.212836700011394,0.5,0.25,0.0,0.0,4.0
bench__02,furniture,bench,468505,uniform_r,8,0.20765290000417735,0.4444444444444445,0.0,0.0,0.0,5.0
bench__02,furniture,bench,468505,no_consensus,8,0.19974890000594314,0.5,0.25,0.0,0.0,4.0
bench__03,furniture,bench,349184,released,12,0.21900789999926928,0.0,0.0,0.0,0.0,9.0
bench__03,furniture,bench,349184,uniform_r,12,0.19924560000072233,0.14285714285714285,0.14285714285714285,0.14285714285714285,0.14285714285714285,9.0
bench__03,furniture,bench,349184,no_consensus,12,0.20780089999607299,0.0,0.0,0.0,0.0,9.0
bench__04,furniture,bench,39196,released,17,0.32910350000020117,0.3333333333333333,0.3333333333333333,0.16666666666666666,0.16666666666666666,7.0
bench__04,furniture,bench,39196,uniform_r,17,0.3268645999924047,0.2857142857142857,0.2857142857142857,0.14285714285714285,0.14285714285714285,9.0
bench__04,furniture,bench,39196,no_consensus,17,0.3270678999979282,0.26666666666666666,0.13333333333333333,0.26666666666666666,0.13333333333333333,10.0
bicycle__01,vehicle,bicycle,323564,released,11,0.3032151000079466,0.35294117647058826,0.11764705882352941,0.0,0.0,5.0
bicycle__01,vehicle,bicycle,323564,uniform_r,11,0.29404979999526404,0.3333333333333333,0.1111111111111111,0.1111111111111111,0.0,6.0
bicycle__01,vehicle,bicycle,323564,no_consensus,11,0.2992235999990953,0.35294117647058826,0.11764705882352941,0.0,0.0,5.0
bicycle__02,vehicle,bicycle,142342,released,13,0.3231089000037173,0.3636363636363636,0.0909090909090909,0.0,0.0,10.0
bicycle__02,vehicle,bicycle,142342,uniform_r,13,0.330043999987538,0.5217391304347826,0.2608695652173913,0.0,0.0,11.0
bicycle__02,vehicle,bicycle,142342,no_consensus,13,0.31215789999987464,0.3636363636363636,0.0909090909090909,0.0909090909090909,0.0909090909090909,10.0
bicycle__03,vehicle,bicycle,174482,released,12,0.2013790000055451,0.2222222222222222,0.1111111111111111,0.2222222222222222,0.1111111111111111,6.0
bicycle__03,vehicle,bicycle,174482,uniform_r,12,0.1935416000051191,0.2222222222222222,0.2222222222222222,0.2222222222222222,0.2222222222222222,6.0
bicycle__03,vehicle,bicycle,174482,no_consensus,12,0.20121300000755582,0.2222222222222222,0.1111111111111111,0.2222222222222222,0.1111111111111111,6.0
bicycle__04,vehicle,bicycle,20342,released,12,0.3018099000037182,0.4761904761904762,0.28571428571428575,0.28571428571428575,0.1904761904761905,9.0
bicycle__04,vehicle,bicycle,20342,uniform_r,12,0.3032324000087101,0.5714285714285715,0.380952380952381,0.28571428571428575,0.1904761904761905,9.0
bicycle__04,vehicle,bicycle,20342,no_consensus,12,0.297153999999864,0.4761904761904762,0.28571428571428575,0.28571428571428575,0.1904761904761905,9.0
blender__01,device,blender,107167,released,8,0.16016369999852031,0.6,0.6,0.6,0.4,3.0
blender__01,device,blender,107167,uniform_r,8,0.16923529999621678,0.7272727272727273,0.7272727272727273,0.7272727272727273,0.5454545454545454,4.0
blender__01,device,blender,107167,no_consensus,8,0.15631030000804458,0.6,0.6,0.6,0.4,3.0
blender__02,device,blender,214224,released,9,0.026258199999574572,0.18181818181818182,0.18181818181818182,0.0,0.0,4.0
blender__02,device,blender,214224,uniform_r,9,0.02478579999296926,0.16666666666666666,0.16666666666666666,0.0,0.0,5.0
blender__02,device,blender,214224,no_consensus,9,0.022780700004659593,0.18181818181818182,0.18181818181818182,0.0,0.0,4.0
blender__03,device,blender,320875,released,13,0.020123800000874326,0.5,0.3333333333333333,0.3333333333333333,0.16666666666666666,5.0
blender__03,device,blender,320875,uniform_r,13,0.018215599993709475,0.6153846153846153,0.30769230769230765,0.30769230769230765,0.15384615384615383,6.0
blender__03,device,blender,320875,no_consensus,13,0.01757280000310857,0.4615384615384615,0.30769230769230765,0.30769230769230765,0.15384615384615383,6.0
blender__04,device,blender,320706,released,10,0.28394929999194574,0.6666666666666666,0.6666666666666666,0.4444444444444444,0.4444444444444444,3.0
blender__04,device,blender,320706,uniform_r,10,0.2923585000098683,0.8,0.8,0.4,0.4,4.0
blender__04,device,blender,320706,no_consensus,10,0.2827484000008553,0.4444444444444444,0.4444444444444444,0.2222222222222222,0.2222222222222222,3.0
book__01,daily_object,book,105388,released,4,0.0458092999906512,0.4,0.0,0.4,0.0,3.0
book__01,daily_object,book,105388,uniform_r,4,0.044746900006430224,0.4,0.0,0.4,0.0,3.0
book__01,daily_object,book,105388,no_consensus,4,0.04576869998709299,0.4,0.0,0.4,0.0,3.0
book__02,daily_object,book,217859,released,2,0.03387680000741966,0.0,0.0,0.0,0.0,0.0
book__02,daily_object,book,217859,uniform_r,2,0.03559990000212565,0.0,0.0,0.0,0.0,1.0
book__02,daily_object,book,217859,no_consensus,2,0.034647899999981746,0.0,0.0,0.0,0.0,0.0
book__03,daily_object,book,396729,released,7,0.08422410000639502,0.5,0.0,0.5,0.0,2.0
book__03,daily_object,book,396729,uniform_r,7,0.0913113999995403,0.28571428571428575,0.0,0.28571428571428575,0.0,5.0
book__03,daily_object,book,396729,no_consensus,7,0.09025079999992158,0.5,0.0,0.5,0.0,2.0
book__04,daily_object,book,518110,released,5,0.04919560000416823,0.5,0.0,0.0,0.0,2.0
book__04,daily_object,book,518110,uniform_r,5,0.04879410000285134,0.4,0.0,0.0,0.0,3.0
book__04,daily_object,book,518110,no_consensus,5,0.04835619998630136,0.5,0.0,0.0,0.0,2.0
bottle__01,container,bottle,204502,released,7,0.09844149999844376,0.3636363636363636,0.0,0.1818181818181818,0.0,5.0
bottle__01,container,bottle,204502,uniform_r,7,0.10190729999158066,0.5,0.0,0.16666666666666666,0.0,6.0
bottle__01,container,bottle,204502,no_consensus,7,0.09242710001126397,0.3636363636363636,0.0,0.1818181818181818,0.0,5.0
bottle__02,container,bottle,460950,released,8,0.04072239999368321,0.4444444444444444,0.2222222222222222,0.4444444444444444,0.2222222222222222,3.0
bottle__02,container,bottle,460950,uniform_r,8,0.044187200008309446,0.6,0.4,0.4,0.2,4.0
bottle__02,container,bottle,460950,no_consensus,8,0.041209500006516464,0.4444444444444444,0.2222222222222222,0.4444444444444444,0.2222222222222222,3.0
bottle__03,container,bottle,366695,released,12,0.04136790000484325,0.28571428571428575,0.0,0.14285714285714288,0.0,8.0
bottle__03,container,bottle,366695,uniform_r,12,0.04556860000593588,0.26666666666666666,0.13333333333333333,0.13333333333333333,0.13333333333333333,9.0
bottle__03,container,bottle,366695,no_consensus,12,0.04941710000275634,0.28571428571428575,0.0,0.14285714285714288,0.0,8.0
bottle__04,container,bottle,418155,released,10,0.03384850001020823,0.5,0.3333333333333333,0.5,0.3333333333333333,6.0
bottle__04,container,bottle,418155,uniform_r,10,0.04564559999562334,0.7692307692307692,0.30769230769230765,0.30769230769230765,0.30769230769230765,7.0
bottle__04,container,bottle,418155,no_consensus,10,0.033390799988410436,0.5,0.3333333333333333,0.5,0.3333333333333333,6.0
bowl__01,container,bowl,47388,released,1,0.007156799998483621,0.4,0.0,0.0,0.0,1.0
bowl__01,container,bowl,47388,uniform_r,1,0.007634599998709746,0.4,0.0,0.0,0.0,1.0
bowl__01,container,bowl,47388,no_consensus,1,0.006674599993857555,0.4,0.0,0.0,0.0,1.0
bowl__02,container,bowl,226076,released,1,0.015887000001384877,0.4,0.4,0.4,0.4,1.0
bowl__02,container,bowl,226076,uniform_r,1,0.01505019998876378,0.4,0.4,0.4,0.4,1.0
bowl__02,container,bowl,226076,no_consensus,1,0.015258400002494454,0.4,0.4,0.4,0.4,1.0
bowl__03,container,bowl,547633,released,2,0.011815300007583573,0.3333333333333333,0.0,0.0,0.0,2.0
bowl__03,container,bowl,547633,uniform_r,2,0.0135009999939939,0.3333333333333333,0.0,0.0,0.0,2.0
bowl__03,container,bowl,547633,no_consensus,2,0.011406399993575178,0.3333333333333333,0.0,0.0,0.0,2.0
bowl__04,container,bowl,22446,released,5,0.031222399993566796,0.4444444444444445,0.0,0.0,0.0,5.0
bowl__04,container,bowl,22446,uniform_r,5,0.034612699993886054,0.4444444444444445,0.22222222222222224,0.0,0.0,5.0
bowl__04,container,bowl,22446,no_consensus,5,0.03284860000712797,0.4444444444444445,0.0,0.0,0.0,5.0
box__01,container,box,474579,released,11,0.5459473000082653,0.15384615384615383,0.15384615384615383,0.0,0.0,9.0
box__01,container,box,474579,uniform_r,11,0.5304647000011755,0.15384615384615383,0.15384615384615383,0.0,0.0,9.0
box__01,container,box,474579,no_consensus,11,0.5312225999950897,0.15384615384615383,0.0,0.0,0.0,9.0
box__02,container,box,179037,released,8,0.41558319999603555,0.2,0.0,0.2,0.0,6.0
box__02,container,box,179037,uniform_r,8,0.429949299999862,0.36363636363636365,0.0,0.36363636363636365,0.0,7.0
box__02,container,box,179037,no_consensus,8,0.4020264999999199,0.0,0.0,0.0,0.0,5.0
box__03,container,box,494195,released,2,0.026131799997529015,0.0,0.0,0.0,0.0,1.0
box__03,container,box,494195,uniform_r,2,0.026368300008471124,0.0,0.0,0.0,0.0,1.0
box__03,container,box,494195,no_consensus,2,0.028949900006409734,0.0,0.0,0.0,0.0,1.0
box__04,container,box,458048,released,1,0.012779199998476543,0.0,0.0,0.0,0.0,1.0
box__04,container,box,458048,uniform_r,1,0.012913300000946037,0.0,0.0,0.0,0.0,1.0
box__04,container,box,458048,no_consensus,1,0.013374299989663996,0.0,0.0,0.0,0.0,1.0
broom__01,tool_prop,broom,165257,released,5,0.016441700005088933,0.3333333333333333,0.3333333333333333,0.3333333333333333,0.3333333333333333,2.0
broom__01,tool_prop,broom,165257,uniform_r,5,0.01567929999146145,0.5,0.5,0.5,0.5,4.0
broom__01,tool_prop,broom,165257,no_consensus,5,0.014089800009969622,0.3333333333333333,0.3333333333333333,0.3333333333333333,0.3333333333333333,2.0
broom__02,tool_prop,broom,456662,released,2,0.013820200008922257,0.8,0.8,0.0,0.0,2.0
broom__02,tool_prop,broom,456662,uniform_r,2,0.01330489999963902,0.8,0.8,0.0,0.0,2.0
broom__02,tool_prop,broom,456662,no_consensus,2,0.013555500001530163,0.8,0.8,0.0,0.0,2.0
broom__03,tool_prop,broom,423875,released,8,0.03459799999836832,0.6666666666666666,0.3333333333333333,0.3333333333333333,0.3333333333333333,3.0
broom__03,tool_prop,broom,423875,uniform_r,8,0.03549589999602176,0.6666666666666666,0.3333333333333333,0.3333333333333333,0.3333333333333333,3.0
broom__03,tool_prop,broom,423875,no_consensus,8,0.0357159999985015,0.6666666666666666,0.3333333333333333,0.3333333333333333,0.3333333333333333,3.0
bucket__01,container,bucket,433229,released,9,0.028785899994545616,0.4000000000000001,0.20000000000000004,0.0,0.0,5.0
bucket__01,container,bucket,433229,uniform_r,9,0.028978600006666966,0.3333333333333333,0.16666666666666666,0.0,0.0,7.0
bucket__01,container,bucket,433229,no_consensus,9,0.028926099999807775,0.3636363636363636,0.1818181818181818,0.0,0.0,6.0
bucket__02,container,bucket,515630,released,1,0.0033724000095389783,0.33333333333333337,0.0,0.33333333333333337,0.0,1.0
bucket__02,container,bucket,515630,uniform_r,1,0.0030469999910565093,0.33333333333333337,0.0,0.33333333333333337,0.0,1.0
bucket__02,container,bucket,515630,no_consensus,1,0.002848700009053573,0.33333333333333337,0.0,0.33333333333333337,0.0,1.0
bucket__03,container,bucket,161222,released,10,0.021299799991538748,0.42857142857142855,0.42857142857142855,0.2857142857142857,0.14285714285714285,9.0
bucket__03,container,bucket,161222,uniform_r,10,0.022032599998055957,0.42857142857142855,0.42857142857142855,0.2857142857142857,0.2857142857142857,9.0
bucket__03,container,bucket,161222,no_consensus,10,0.020624400000087917,0.42857142857142855,0.42857142857142855,0.2857142857142857,0.14285714285714285,9.0
bucket__04,container,bucket,383562,released,3,0.048709100010455586,0.6666666666666666,0.3333333333333333,0.0,0.0,2.0
bucket__04,container,bucket,383562,uniform_r,3,0.05630570001085289,0.5714285714285715,0.0,0.28571428571428575,0.0,3.0
bucket__04,container,bucket,383562,no_consensus,3,0.04918760000145994,0.6666666666666666,0.3333333333333333,0.0,0.0,2.0
calculator__01,device,calculator,73729,released,9,0.024733500002184883,0.0,0.0,0.0,0.0,8.0
calculator__01,device,calculator,73729,uniform_r,9,0.024031900000409223,0.0,0.0,0.0,0.0,8.0
calculator__01,device,calculator,73729,no_consensus,9,0.023058799997670576,0.0,0.0,0.0,0.0,8.0
calculator__02,device,calculator,215170,released,17,0.029845699988072738,0.4,0.0,0.2,0.0,8.0
calculator__02,device,calculator,215170,uniform_r,17,0.031347800002549775,0.2666666666666667,0.0,0.13333333333333336,0.0,13.0
calculator__02,device,calculator,215170,no_consensus,17,0.02881859999615699,0.4,0.0,0.2,0.0,8.0
calculator__03,device,calculator,248314,released,13,0.016167800000403076,0.5,0.25,0.0,0.0,6.0
calculator__03,device,calculator,248314,uniform_r,13,0.01656300001195632,0.4444444444444445,0.22222222222222224,0.0,0.0,7.0
calculator__03,device,calculator,248314,no_consensus,13,0.017509199999039993,0.5,0.25,0.0,0.0,6.0
can__01,container,can,424842,released,11,0.025850000005448237,0.28571428571428575,0.14285714285714288,0.28571428571428575,0.14285714285714288,8.0
can__01,container,can,424842,uniform_r,11,0.028183100002934225,0.28571428571428575,0.0,0.14285714285714288,0.0,8.0
can__01,container,can,424842,no_consensus,11,0.025087000001803972,0.30769230769230765,0.15384615384615383,0.30769230769230765,0.15384615384615383,7.0
can__02,container,can,576771,released,11,0.02273869999044109,0.5,0.16666666666666666,0.3333333333333333,0.16666666666666666,7.0
can__02,container,can,576771,uniform_r,11,0.021988099993905053,0.4615384615384615,0.15384615384615385,0.4615384615384615,0.15384615384615385,8.0
can__02,container,can,576771,no_consensus,11,0.023228699996252544,0.3636363636363636,0.1818181818181818,0.1818181818181818,0.1818181818181818,6.0
can__03,container,can,514209,released,7,0.014355899998918176,0.6666666666666665,0.4444444444444445,0.4444444444444445,0.4444444444444445,4.0
can__03,container,can,514209,uniform_r,7,0.014540599993779324,0.7272727272727272,0.1818181818181818,0.3636363636363636,0.1818181818181818,6.0
can__03,container,can,514209,no_consensus,7,0.014201199999661185,0.6666666666666665,0.4444444444444445,0.4444444444444445,0.4444444444444445,4.0
can__04,container,can,128428,released,13,0.13350050000008196,0.25,0.0,0.25,0.0,4.0
can__04,container,can,128428,uniform_r,13,0.14392580000276212,0.4444444444444445,0.0,0.22222222222222224,0.0,5.0
can__04,container,can,128428,no_consensus,13,0.1366258000052767,0.25,0.0,0.25,0.0,4.0
car_automobile__01,vehicle,car_(automobile),150137,released,19,0.1866333000070881,0.31999999999999995,0.15999999999999998,0.24,0.15999999999999998,8.0
car_automobile__01,vehicle,car_(automobile),150137,uniform_r,19,0.18407329999899957,0.2608695652173913,0.1739130434782609,0.1739130434782609,0.1739130434782609,6.0
car_automobile__01,vehicle,car_(automobile),150137,no_consensus,19,0.18202749999181833,0.3846153846153846,0.23076923076923078,0.23076923076923078,0.23076923076923078,9.0
car_automobile__02,vehicle,car_(automobile),122166,released,19,0.07684569999400992,0.4444444444444445,0.29629629629629634,0.37037037037037035,0.14814814814814817,10.0
car_automobile__02,vehicle,car_(automobile),122166,uniform_r,19,0.07690689999435563,0.41379310344827586,0.20689655172413793,0.27586206896551724,0.06896551724137931,12.0
car_automobile__02,vehicle,car_(automobile),122166,no_consensus,19,0.07622219999029767,0.4444444444444445,0.29629629629629634,0.29629629629629634,0.22222222222222224,10.0
car_automobile__03,vehicle,car_(automobile),516167,released,26,1.0265698000002885,0.28571428571428575,0.07142857142857144,0.28571428571428575,0.07142857142857144,12.0
car_automobile__03,vehicle,car_(automobile),516167,uniform_r,26,1.0412945000134641,0.20689655172413793,0.0,0.20689655172413793,0.0,13.0
car_automobile__03,vehicle,car_(automobile),516167,no_consensus,26,1.0538454000052297,0.21428571428571427,0.07142857142857144,0.21428571428571427,0.07142857142857144,12.0
car_automobile__04,vehicle,car_(automobile),7713,released,17,0.4546055999962846,0.39999999999999997,0.32,0.39999999999999997,0.24000000000000005,9.0
car_automobile__04,vehicle,car_(automobile),7713,uniform_r,17,0.4607350000005681,0.4800000000000001,0.39999999999999997,0.4800000000000001,0.32,9.0
car_automobile__04,vehicle,car_(automobile),7713,no_consensus,17,0.4527783000085037,0.3333333333333333,0.25,0.3333333333333333,0.16666666666666666,8.0
carton__01,container,carton,42427,released,13,0.021693900009267963,0.5714285714285715,0.28571428571428575,0.28571428571428575,0.14285714285714288,10.0
carton__01,container,carton,42427,uniform_r,13,0.02149890000873711,0.6153846153846153,0.30769230769230765,0.30769230769230765,0.15384615384615383,9.0
carton__01,container,carton,42427,no_consensus,13,0.020709599994006567,0.5714285714285715,0.28571428571428575,0.28571428571428575,0.14285714285714288,10.0
carton__02,container,carton,225539,released,1,0.00796650000847876,0.0,0.0,0.0,0.0,0.0
carton__02,container,carton,225539,uniform_r,1,0.0075043999968329445,0.0,0.0,0.0,0.0,0.0
carton__02,container,carton,225539,no_consensus,1,0.007591899993713014,0.0,0.0,0.0,0.0,0.0
carton__03,container,carton,98582,released,11,0.04499239999859128,0.0,0.0,0.0,0.0,9.0
carton__03,container,carton,98582,uniform_r,11,0.050968099996680394,0.0,0.0,0.0,0.0,10.0
carton__03,container,carton,98582,no_consensus,11,0.04892600000312086,0.0,0.0,0.0,0.0,9.0
carton__04,container,carton,81504,released,17,0.038464099998236634,0.16666666666666669,0.0,0.16666666666666669,0.0,10.0
carton__04,container,carton,81504,uniform_r,17,0.03976929999771528,0.14285714285714285,0.0,0.14285714285714285,0.0,12.0
carton__04,container,carton,81504,no_consensus,17,0.038955099997110665,0.16666666666666669,0.0,0.16666666666666669,0.0,10.0
cellular_telephone__01,device,cellular_telephone,444770,released,11,0.1932531999918865,0.30769230769230765,0.15384615384615383,0.15384615384615383,0.15384615384615383,9.0
cellular_telephone__01,device,cellular_telephone,444770,uniform_r,11,0.19855319999624044,0.3333333333333333,0.16666666666666666,0.3333333333333333,0.16666666666666666,8.0
cellular_telephone__01,device,cellular_telephone,444770,no_consensus,11,0.18931699999666307,0.30769230769230765,0.15384615384615383,0.15384615384615383,0.15384615384615383,9.0
cellular_telephone__02,device,cellular_telephone,446207,released,17,0.1905434999935096,0.4444444444444445,0.11111111111111112,0.22222222222222224,0.11111111111111112,14.0
cellular_telephone__02,device,cellular_telephone,446207,uniform_r,17,0.18826970001100563,0.3333333333333333,0.0,0.22222222222222224,0.0,14.0
cellular_telephone__02,device,cellular_telephone,446207,no_consensus,17,0.20158490000176243,0.5714285714285715,0.14285714285714288,0.28571428571428575,0.14285714285714288,10.0
cellular_telephone__03,device,cellular_telephone,288391,released,16,0.10142469999846071,0.46153846153846156,0.0,0.30769230769230765,0.0,9.0
cellular_telephone__03,device,cellular_telephone,288391,uniform_r,16,0.09578499999770429,0.6,0.0,0.4,0.0,6.0
cellular_telephone__03,device,cellular_telephone,288391,no_consensus,16,0.10215730000345502,0.46153846153846156,0.0,0.30769230769230765,0.0,9.0
cellular_telephone__04,device,cellular_telephone,289169,released,11,0.06673080001201015,0.4,0.4,0.4,0.4,6.0
cellular_telephone__04,device,cellular_telephone,289169,uniform_r,11,0.06205890000273939,0.36363636363636365,0.36363636363636365,0.36363636363636365,0.36363636363636365,7.0
cellular_telephone__04,device,cellular_telephone,289169,no_consensus,11,0.06870439999329392,0.4,0.4,0.4,0.4,6.0
chair__01,furniture,chair,281066,released,14,0.054342799994628876,0.125,0.0,0.125,0.0,9.0
chair__01,furniture,chair,281066,uniform_r,14,0.05188329999509733,0.125,0.0,0.125,0.0,9.0
chair__01,furniture,chair,281066,no_consensus,14,0.055815900006564334,0.125,0.0,0.125,0.0,9.0
chair__02,furniture,chair,472102,released,6,0.0239618000050541,0.2,0.2,0.2,0.2,3.0
chair__02,furniture,chair,472102,uniform_r,6,0.02516520000062883,0.18181818181818182,0.0,0.18181818181818182,0.0,4.0
chair__02,furniture,chair,472102,no_consensus,6,0.0229269999981625,0.2,0.2,0.2,0.2,3.0
chair__03,furniture,chair,235268,released,20,0.05382390000158921,0.4,0.2,0.1,0.0,13.0
chair__03,furniture,chair,235268,uniform_r,20,0.05778229999123141,0.26086956521739124,0.08695652173913043,0.0,0.0,16.0
chair__03,furniture,chair,235268,no_consensus,20,0.058978200002457015,0.3,0.1,0.2,0.0,13.0
chair__04,furniture,chair,515574,released,13,0.028017399992677383,0.5714285714285714,0.42857142857142855,0.2857142857142857,0.2857142857142857,7.0
chair__04,furniture,chair,515574,uniform_r,13,0.030416699999477714,0.5333333333333333,0.39999999999999997,0.26666666666666666,0.26666666666666666,8.0
chair__04,furniture,chair,515574,no_consensus,13,0.03150850000383798,0.5714285714285714,0.42857142857142855,0.2857142857142857,0.2857142857142857,7.0
clock__01,device,clock,369789,released,8,0.04575150000164285,0.0,0.0,0.0,0.0,4.0
clock__01,device,clock,369789,uniform_r,8,0.04449509999540169,0.0,0.0,0.0,0.0,5.0
clock__01,device,clock,369789,no_consensus,8,0.04905019998841453,0.0,0.0,0.0,0.0,4.0
clock__02,device,clock,27585,released,21,0.2736189999995986,0.375,0.25,0.25,0.25,13.0
clock__02,device,clock,27585,uniform_r,21,0.24194610000995453,0.42857142857142855,0.28571428571428575,0.28571428571428575,0.28571428571428575,11.0
clock__02,device,clock,27585,no_consensus,21,0.23029659999883734,0.28571428571428575,0.28571428571428575,0.28571428571428575,0.28571428571428575,11.0
clock__03,device,clock,161348,released,11,0.13251929999387357,0.2222222222222222,0.0,0.2222222222222222,0.0,6.0
clock__03,device,clock,161348,uniform_r,11,0.12044250000326429,0.2222222222222222,0.0,0.2222222222222222,0.0,6.0
clock__03,device,clock,161348,no_consensus,11,0.12139960000058636,0.2222222222222222,0.0,0.2222222222222222,0.0,6.0
clock__04,device,clock,6527,released,17,0.14927379999426194,0.13333333333333336,0.0,0.13333333333333336,0.0,13.0
clock__04,device,clock,6527,uniform_r,17,0.14290549998986535,0.13333333333333336,0.0,0.13333333333333336,0.0,13.0
clock__04,device,clock,6527,no_consensus,17,0.1484333999978844,0.13333333333333336,0.0,0.13333333333333336,0.0,13.0
crate__01,container,crate,61108,released,6,0.024265400003059767,0.0,0.0,0.0,0.0,3.0
crate__01,container,crate,61108,uniform_r,6,0.02306420000968501,0.0,0.0,0.0,0.0,5.0
crate__01,container,crate,61108,no_consensus,6,0.01952579998760484,0.0,0.0,0.0,0.0,3.0
crate__02,container,crate,290864,released,12,0.030651699998998083,0.2,0.0,0.2,0.0,7.0
crate__02,container,crate,290864,uniform_r,12,0.030215400009183213,0.16666666666666666,0.0,0.16666666666666666,0.0,9.0
crate__02,container,crate,290864,no_consensus,12,0.030079100004513748,0.2,0.0,0.2,0.0,7.0
crate__03,container,crate,303566,released,16,0.027291499995044433,0.13333333333333333,0.0,0.0,0.0,12.0
crate__03,container,crate,303566,uniform_r,16,0.029956400001537986,0.1111111111111111,0.0,0.0,0.0,15.0
crate__03,container,crate,303566,no_consensus,16,0.02897080000548158,0.13333333333333333,0.0,0.0,0.0,12.0
crate__04,container,crate,313562,released,14,0.02689280000049621,0.0,0.0,0.0,0.0,12.0
crate__04,container,crate,313562,uniform_r,14,0.025647100002970546,0.0,0.0,0.0,0.0,12.0
crate__04,container,crate,313562,no_consensus,14,0.025121900005615316,0.0,0.0,0.0,0.0,12.0
cup__01,container,cup,49286,released,4,0.027322099995217286,0.3333333333333333,0.3333333333333333,0.3333333333333333,0.3333333333333333,3.0
cup__01,container,cup,49286,uniform_r,4,0.028000400008750148,0.3333333333333333,0.3333333333333333,0.3333333333333333,0.3333333333333333,3.0
cup__01,container,cup,49286,no_consensus,4,0.025793099994189106,0.3333333333333333,0.3333333333333333,0.3333333333333333,0.3333333333333333,3.0
cup__02,container,cup,102885,released,3,0.021726399994804524,0.4,0.4,0.4,0.4,2.0
cup__02,container,cup,102885,uniform_r,3,0.022028099992894568,0.4,0.4,0.4,0.4,2.0
cup__02,container,cup,102885,no_consensus,3,0.02156249999825377,0.4,0.4,0.4,0.4,2.0
cup__03,container,cup,574103,released,6,0.02836780001234729,0.5,0.25,0.0,0.0,5.0
cup__03,container,cup,574103,uniform_r,6,0.02847699999983888,0.5,0.25,0.0,0.0,5.0
cup__03,container,cup,574103,no_consensus,6,0.028744499999447726,0.5,0.25,0.0,0.0,5.0
cup__04,container,cup,558092,released,3,0.011396100002457388,0.0,0.0,0.0,0.0,2.0
cup__04,container,cup,558092,uniform_r,3,0.013555600002291612,0.0,0.0,0.0,0.0,2.0
cup__04,container,cup,558092,no_consensus,3,0.012805399994249456,0.0,0.0,0.0,0.0,2.0
earphone__01,device,earphone,410033,released,3,0.0073308999999426305,0.5714285714285715,0.28571428571428575,0.5714285714285715,0.28571428571428575,3.0
earphone__01,device,earphone,410033,uniform_r,3,0.007594199996674433,0.5714285714285715,0.28571428571428575,0.5714285714285715,0.28571428571428575,3.0
earphone__01,device,earphone,410033,no_consensus,3,0.007523399995989166,0.5714285714285715,0.28571428571428575,0.5714285714285715,0.28571428571428575,3.0
earphone__02,device,earphone,334470,released,6,0.010781999997561797,0.4444444444444445,0.0,0.22222222222222224,0.0,5.0
earphone__02,device,earphone,334470,uniform_r,6,0.0121993999928236,0.4444444444444445,0.0,0.22222222222222224,0.0,5.0
earphone__02,device,earphone,334470,no_consensus,6,0.011225700000068173,0.4444444444444445,0.0,0.22222222222222224,0.0,5.0
earphone__03,device,earphone,472737,released,9,0.03525159999844618,0.36363636363636365,0.18181818181818182,0.18181818181818182,0.0,8.0
earphone__03,device,earphone,472737,uniform_r,9,0.03524919999472331,0.36363636363636365,0.18181818181818182,0.18181818181818182,0.0,8.0
earphone__03,device,earphone,472737,no_consensus,9,0.033936799998627976,0.36363636363636365,0.18181818181818182,0.18181818181818182,0.0,8.0
earphone__04,device,earphone,510609,released,5,0.008212300002924167,0.25,0.0,0.0,0.0,5.0
earphone__04,device,earphone,510609,uniform_r,5,0.008370700001250952,0.25,0.0,0.0,0.0,5.0
earphone__04,device,earphone,510609,no_consensus,5,0.008108800000627525,0.25,0.0,0.0,0.0,5.0
fan__01,device,fan,131638,released,13,0.031039200010127388,0.5454545454545454,0.3636363636363636,0.3636363636363636,0.1818181818181818,6.0
fan__01,device,fan,131638,uniform_r,13,0.03214599999773782,0.5454545454545454,0.1818181818181818,0.3636363636363636,0.0,6.0
fan__01,device,fan,131638,no_consensus,13,0.03508480000891723,0.5454545454545454,0.3636363636363636,0.1818181818181818,0.1818181818181818,6.0
fan__02,device,fan,462791,released,11,0.022501500003272668,0.3333333333333333,0.16666666666666666,0.3333333333333333,0.16666666666666666,7.0
fan__02,device,fan,462791,uniform_r,11,0.021666399989044294,0.5,0.3333333333333333,0.3333333333333333,0.3333333333333333,7.0
fan__02,device,fan,462791,no_consensus,11,0.02534209999430459,0.3333333333333333,0.16666666666666666,0.3333333333333333,0.16666666666666666,7.0
fan__03,device,fan,111022,released,10,0.016453899996122345,0.7499999999999999,0.7499999999999999,0.25,0.25,3.0
fan__03,device,fan,111022,uniform_r,10,0.017248199990717694,0.6666666666666665,0.6666666666666665,0.22222222222222224,0.22222222222222224,4.0
fan__03,device,fan,111022,no_consensus,10,0.017411799999536015,0.7499999999999999,0.5,0.25,0.0,3.0
fan__04,device,fan,440475,released,5,0.008151999994879588,0.5,0.5,0.0,0.0,3.0
fan__04,device,fan,440475,uniform_r,5,0.008023999995202757,0.5,0.5,0.0,0.0,3.0
fan__04,device,fan,440475,no_consensus,5,0.012157699995441362,0.5,0.5,0.0,0.0,3.0
glass_drink_container__01,container,glass_(drink_container),64733,released,5,0.019230799996876158,0.4444444444444445,0.22222222222222224,0.0,0.0,4.0
glass_drink_container__01,container,glass_(drink_container),64733,uniform_r,5,0.009036500006914139,0.4444444444444445,0.22222222222222224,0.0,0.0,4.0
glass_drink_container__01,container,glass_(drink_container),64733,no_consensus,5,0.009678199989139102,0.4444444444444445,0.22222222222222224,0.0,0.0,4.0
glass_drink_container__02,container,glass_(drink_container),7220,released,4,0.006593800004338846,0.4444444444444445,0.22222222222222224,0.0,0.0,4.0
glass_drink_container__02,container,glass_(drink_container),7220,uniform_r,4,0.007401899987598881,0.4444444444444445,0.22222222222222224,0.0,0.0,4.0
glass_drink_container__02,container,glass_(drink_container),7220,no_consensus,4,0.007216599988169037,0.4444444444444445,0.22222222222222224,0.0,0.0,4.0
glass_drink_container__03,container,glass_(drink_container),202609,released,4,0.04597440001089126,0.5,0.0,0.5,0.0,4.0
glass_drink_container__03,container,glass_(drink_container),202609,uniform_r,4,0.04902360000414774,0.5,0.5,0.5,0.5,4.0
glass_drink_container__03,container,glass_(drink_container),202609,no_consensus,4,0.04230249999091029,0.5,0.0,0.5,0.0,4.0
glass_drink_container__04,container,glass_(drink_container),319617,released,7,0.017700299998978153,0.75,0.0,0.25,0.0,4.0
glass_drink_container__04,container,glass_(drink_container),319617,uniform_r,7,0.017917699995450675,0.5,0.0,0.25,0.0,4.0
glass_drink_container__04,container,glass_(drink_container),319617,no_consensus,7,0.019251299992902204,0.75,0.0,0.25,0.0,4.0
guitar__01,tool_prop,guitar,448236,released,7,0.1687769000127446,0.42857142857142855,0.42857142857142855,0.14285714285714288,0.14285714285714288,6.0
guitar__01,tool_prop,guitar,448236,uniform_r,7,0.1671208000043407,0.42857142857142855,0.42857142857142855,0.14285714285714288,0.14285714285714288,6.0
guitar__01,tool_prop,guitar,448236,no_consensus,7,0.1682444000034593,0.42857142857142855,0.42857142857142855,0.14285714285714288,0.14285714285714288,6.0
guitar__02,tool_prop,guitar,498997,released,5,0.03831509999872651,0.5454545454545454,0.18181818181818182,0.18181818181818182,0.0,3.0
guitar__02,tool_prop,guitar,498997,uniform_r,5,0.04027029999997467,0.5,0.3333333333333333,0.16666666666666666,0.0,4.0
guitar__02,tool_prop,guitar,498997,no_consensus,5,0.03859470000315923,0.5454545454545454,0.18181818181818182,0.18181818181818182,0.0,3.0
guitar__03,tool_prop,guitar,297353,released,4,0.024214099990786053,0.6,0.0,0.2,0.0,4.0
guitar__03,tool_prop,guitar,297353,uniform_r,4,0.024377199995797127,0.6,0.2,0.2,0.0,4.0
guitar__03,tool_prop,guitar,297353,no_consensus,4,0.02251049999904353,0.6,0.0,0.2,0.0,4.0
guitar__04,tool_prop,guitar,104666,released,2,0.006509099999675527,0.0,0.0,0.0,0.0,2.0
guitar__04,tool_prop,guitar,104666,uniform_r,2,0.006227500009117648,0.0,0.0,0.0,0.0,2.0
guitar__04,tool_prop,guitar,104666,no_consensus,2,0.005940899995039217,0.0,0.0,0.0,0.0,2.0
hammer__01,tool_prop,hammer,437290,released,12,0.04218550000223331,0.0,0.0,0.0,0.0,11.0
hammer__01,tool_prop,hammer,437290,uniform_r,12,0.04574710001179483,0.0,0.0,0.0,0.0,11.0
hammer__01,tool_prop,hammer,437290,no_consensus,12,0.04187159999855794,0.0,0.0,0.0,0.0,11.0
hammer__02,tool_prop,hammer,303592,released,1,0.002217100001871586,0.5,0.5,0.0,0.0,1.0
hammer__02,tool_prop,hammer,303592,uniform_r,1,0.0021852000063518062,0.5,0.5,0.0,0.0,1.0
hammer__02,tool_prop,hammer,303592,no_consensus,1,0.0020127000025240704,0.5,0.5,0.0,0.0,1.0
hammer__03,tool_prop,hammer,298773,released,8,0.00997559999814257,0.3333333333333333,0.3333333333333333,0.0,0.0,3.0
hammer__03,tool_prop,hammer,298773,uniform_r,8,0.010198399992077611,0.3333333333333333,0.3333333333333333,0.0,0.0,3.0
hammer__03,tool_prop,hammer,298773,no_consensus,8,0.010383700006059371,0.3333333333333333,0.3333333333333333,0.0,0.0,3.0
handbag__01,container,handbag,377651,released,7,0.07630929999868385,0.18181818181818182,0.18181818181818182,0.18181818181818182,0.18181818181818182,7.0
handbag__01,container,handbag,377651,uniform_r,7,0.0792552000057185,0.18181818181818182,0.18181818181818182,0.18181818181818182,0.18181818181818182,7.0
handbag__01,container,handbag,377651,no_consensus,7,0.07911380000587087,0.18181818181818182,0.18181818181818182,0.18181818181818182,0.18181818181818182,7.0
handbag__02,container,handbag,130826,released,20,0.07410449998860713,0.125,0.125,0.0,0.0,12.0
handbag__02,container,handbag,130826,uniform_r,20,0.0842428000032669,0.11111111111111112,0.11111111111111112,0.0,0.0,14.0
handbag__02,container,handbag,130826,no_consensus,20,0.07884010000270791,0.125,0.125,0.0,0.0,12.0
handbag__03,container,handbag,569878,released,16,0.04897930000151973,0.14285714285714288,0.0,0.14285714285714288,0.0,10.0
handbag__03,container,handbag,569878,uniform_r,16,0.046575600004871376,0.14285714285714288,0.0,0.14285714285714288,0.0,10.0
handbag__03,container,handbag,569878,no_consensus,16,0.04857569999876432,0.14285714285714288,0.0,0.14285714285714288,0.0,10.0
handbag__04,container,handbag,482970,released,11,0.024881399993319064,0.28571428571428575,0.28571428571428575,0.0,0.0,10.0
handbag__04,container,handbag,482970,uniform_r,11,0.023969299989403225,0.28571428571428575,0.28571428571428575,0.0,0.0,10.0
handbag__04,container,handbag,482970,no_consensus,11,0.02583270000468474,0.28571428571428575,0.28571428571428575,0.0,0.0,10.0
hat__01,daily_object,hat,453549,released,8,0.011879800003953278,0.4444444444444444,0.2222222222222222,0.2222222222222222,0.2222222222222222,6.0
hat__01,daily_object,hat,453549,uniform_r,8,0.011093699999037199,0.4,0.4,0.2,0.2,7.0
hat__01,daily_object,hat,453549,no_consensus,8,0.010550799997872673,0.4444444444444444,0.2222222222222222,0.2222222222222222,0.2222222222222222,6.0
hat__02,daily_object,hat,511398,released,6,0.024691300000995398,0.5714285714285715,0.0,0.0,0.0,5.0
hat__02,daily_object,hat,511398,uniform_r,6,0.0237524999974994,0.5714285714285715,0.0,0.0,0.0,5.0
hat__02,daily_object,hat,511398,no_consensus,6,0.02400140000099782,0.5714285714285715,0.0,0.0,0.0,5.0
hat__03,daily_object,hat,185989,released,6,0.029651300006662495,0.3333333333333333,0.0,0.0,0.0,4.0
hat__03,daily_object,hat,185989,uniform_r,6,0.029872899991460145,0.3333333333333333,0.0,0.3333333333333333,0.0,4.0
hat__03,daily_object,hat,185989,no_consensus,6,0.029545800003688782,0.3333333333333333,0.0,0.0,0.0,4.0
hat__04,daily_object,hat,209018,released,6,0.029799299998558126,0.0,0.0,0.0,0.0,5.0
hat__04,daily_object,hat,209018,uniform_r,6,0.028248400005395524,0.0,0.0,0.0,0.0,5.0
hat__04,daily_object,hat,209018,no_consensus,6,0.027809199993498623,0.0,0.0,0.0,0.0,5.0
helmet__01,daily_object,helmet,339738,released,8,0.10369320001336746,0.25,0.0,0.0,0.0,6.0
helmet__01,daily_object,helmet,339738,uniform_r,8,0.11256970000977162,0.25,0.25,0.0,0.0,6.0
helmet__01,daily_object,helmet,339738,no_consensus,8,0.11083839999628253,0.25,0.0,0.0,0.0,6.0
helmet__02,daily_object,helmet,190659,released,11,0.03930850001052022,0.4444444444444445,0.4444444444444445,0.0,0.0,7.0
helmet__02,daily_object,helmet,190659,uniform_r,11,0.03930679999757558,0.3636363636363636,0.3636363636363636,0.0,0.0,9.0
helmet__02,daily_object,helmet,190659,no_consensus,11,0.04502839999622665,0.4444444444444445,0.4444444444444445,0.0,0.0,7.0
helmet__03,daily_object,helmet,366717,released,4,0.013674700006959029,0.4,0.0,0.0,0.0,3.0
helmet__03,daily_object,helmet,366717,uniform_r,4,0.014341400004923344,0.4,0.0,0.0,0.0,3.0
helmet__03,daily_object,helmet,366717,no_consensus,4,0.013264399996842258,0.4,0.0,0.0,0.0,3.0
helmet__04,daily_object,helmet,396137,released,11,0.03314179999870248,0.3636363636363636,0.0,0.1818181818181818,0.0,9.0
helmet__04,daily_object,helmet,396137,uniform_r,11,0.031081799999810755,0.3636363636363636,0.1818181818181818,0.1818181818181818,0.1818181818181818,9.0
helmet__04,daily_object,helmet,396137,no_consensus,11,0.03378379999776371,0.3636363636363636,0.0,0.1818181818181818,0.0,9.0
jar__01,container,jar,14034,released,10,0.0602084999991348,0.36363636363636365,0.36363636363636365,0.18181818181818182,0.18181818181818182,7.0
jar__01,container,jar,14034,uniform_r,10,0.056118599997716956,0.46153846153846156,0.15384615384615383,0.30769230769230765,0.0,9.0
jar__01,container,jar,14034,no_consensus,10,0.048649100004695356,0.36363636363636365,0.36363636363636365,0.18181818181818182,0.18181818181818182,7.0
jar__02,container,jar,330420,released,11,0.035000500007299706,0.6666666666666665,0.0,0.4444444444444445,0.22222222222222224,5.0
jar__02,container,jar,330420,uniform_r,11,0.02988169998570811,0.6,0.0,0.4,0.2,6.0
jar__02,container,jar,330420,no_consensus,11,0.028230800002347678,0.6,0.4,0.4,0.4,6.0
jar__03,container,jar,536935,released,7,0.026996000000508502,0.6666666666666665,0.4444444444444445,0.22222222222222224,0.0,5.0
jar__03,container,jar,536935,uniform_r,7,0.024909100000513718,0.4444444444444445,0.4444444444444445,0.0,0.0,5.0
jar__03,container,jar,536935,no_consensus,7,0.02496790001168847,0.6666666666666665,0.4444444444444445,0.22222222222222224,0.0,5.0
jar__04,container,jar,411189,released,6,0.017458399990573525,0.3333333333333333,0.3333333333333333,0.3333333333333333,0.3333333333333333,2.0
jar__04,container,jar,411189,uniform_r,6,0.018059800000628456,0.4,0.2,0.4,0.2,6.0
jar__04,container,jar,411189,no_consensus,6,0.016118799991090782,0.3333333333333333,0.3333333333333333,0.3333333333333333,0.3333333333333333,2.0
kettle__01,device,kettle,142240,released,4,0.012555900000734255,0.22222222222222224,0.22222222222222224,0.22222222222222224,0.22222222222222224,4.0
kettle__01,device,kettle,142240,uniform_r,4,0.011225499998545274,0.22222222222222224,0.22222222222222224,0.22222222222222224,0.22222222222222224,4.0
kettle__01,device,kettle,142240,no_consensus,4,0.01117050000175368,0.22222222222222224,0.22222222222222224,0.22222222222222224,0.22222222222222224,4.0
kettle__02,device,kettle,283717,released,6,0.00798580000991933,0.25,0.0,0.0,0.0,3.0
kettle__02,device,kettle,283717,uniform_r,6,0.010475200004293583,0.20000000000000004,0.0,0.0,0.0,5.0
kettle__02,device,kettle,283717,no_consensus,6,0.008839999994961545,0.25,0.0,0.0,0.0,3.0
kettle__03,device,kettle,290768,released,9,0.021938699996098876,0.46153846153846156,0.46153846153846156,0.46153846153846156,0.46153846153846156,9.0
kettle__03,device,kettle,290768,uniform_r,9,0.02211600000737235,0.46153846153846156,0.46153846153846156,0.46153846153846156,0.46153846153846156,9.0
kettle__03,device,kettle,290768,no_consensus,9,0.021084899999550544,0.46153846153846156,0.46153846153846156,0.46153846153846156,0.46153846153846156,9.0
kettle__04,device,kettle,187592,released,10,0.01124310000159312,0.36363636363636365,0.18181818181818182,0.18181818181818182,0.18181818181818182,7.0
kettle__04,device,kettle,187592,uniform_r,10,0.012085300011676736,0.30769230769230765,0.15384615384615383,0.15384615384615383,0.15384615384615383,9.0
kettle__04,device,kettle,187592,no_consensus,10,0.011518599989358336,0.36363636363636365,0.18181818181818182,0.18181818181818182,0.18181818181818182,7.0
knife__01,tool_prop,knife,288023,released,2,0.059272900005453266,0.6666666666666666,0.6666666666666666,0.0,0.0,1.0
knife__01,tool_prop,knife,288023,uniform_r,2,0.06013869999151211,0.6666666666666666,0.6666666666666666,0.0,0.0,1.0
knife__01,tool_prop,knife,288023,no_consensus,2,0.06126239999139216,0.6666666666666666,0.6666666666666666,0.0,0.0,1.0
knife__02,tool_prop,knife,209142,released,6,0.09187580000434536,0.0,0.0,0.0,0.0,5.0
knife__02,tool_prop,knife,209142,uniform_r,6,0.09368289999838453,0.0,0.0,0.0,0.0,5.0
knife__02,tool_prop,knife,209142,no_consensus,6,0.0883254000073066,0.0,0.0,0.0,0.0,5.0
knife__03,tool_prop,knife,335954,released,1,0.017340500009595416,0.0,0.0,0.0,0.0,1.0
knife__03,tool_prop,knife,335954,uniform_r,1,0.017142900003818795,0.0,0.0,0.0,0.0,1.0
knife__03,tool_prop,knife,335954,no_consensus,1,0.016992900011246093,0.0,0.0,0.0,0.0,1.0
knife__04,tool_prop,knife,98085,released,3,0.046988499991130084,0.5,0.0,0.5,0.0,2.0
knife__04,tool_prop,knife,98085,uniform_r,3,0.050288799990084954,0.5,0.0,0.5,0.0,2.0
knife__04,tool_prop,knife,98085,no_consensus,3,0.051261299988254905,0.5,0.0,0.5,0.0,2.0
ladder__01,tool_prop,ladder,187734,released,7,0.025395899996510707,0.0,0.0,0.0,0.0,5.0
ladder__01,tool_prop,ladder,187734,uniform_r,7,0.027125599997816607,0.25,0.0,0.0,0.0,5.0
ladder__01,tool_prop,ladder,187734,no_consensus,7,0.02367979999689851,0.0,0.0,0.0,0.0,5.0
ladder__02,tool_prop,ladder,477473,released,12,0.021921100007602945,0.0,0.0,0.0,0.0,5.0
ladder__02,tool_prop,ladder,477473,uniform_r,12,0.02030840000952594,0.0,0.0,0.0,0.0,5.0
ladder__02,tool_prop,ladder,477473,no_consensus,12,0.020920299997669645,0.0,0.0,0.0,0.0,5.0
ladder__03,tool_prop,ladder,343062,released,4,0.007123799994587898,0.0,0.0,0.0,0.0,3.0
ladder__03,tool_prop,ladder,343062,uniform_r,4,0.007606399987707846,0.0,0.0,0.0,0.0,3.0
ladder__03,tool_prop,ladder,343062,no_consensus,4,0.007452000005287118,0.0,0.0,0.0,0.0,3.0
ladder__04,tool_prop,ladder,338108,released,2,0.004744000005302951,0.0,0.0,0.0,0.0,1.0
ladder__04,tool_prop,ladder,338108,uniform_r,2,0.00469820000580512,0.0,0.0,0.0,0.0,1.0
ladder__04,tool_prop,ladder,338108,no_consensus,2,0.004537599990726449,0.0,0.0,0.0,0.0,1.0
lamp__01,device,lamp,430731,released,7,0.018388700002105907,0.0,0.0,0.0,0.0,1.0
lamp__01,device,lamp,430731,uniform_r,7,0.019433800000115298,0.0,0.0,0.0,0.0,2.0
lamp__01,device,lamp,430731,no_consensus,7,0.020760500003234483,0.0,0.0,0.0,0.0,2.0
lamp__02,device,lamp,58133,released,3,0.006821600007242523,0.5714285714285715,0.28571428571428575,0.28571428571428575,0.28571428571428575,2.0
lamp__02,device,lamp,58133,uniform_r,3,0.006964599990169518,0.5714285714285715,0.5714285714285715,0.28571428571428575,0.28571428571428575,2.0
lamp__02,device,lamp,58133,no_consensus,3,0.0064362999983131886,0.5714285714285715,0.28571428571428575,0.28571428571428575,0.28571428571428575,2.0
lamp__03,device,lamp,568584,released,8,0.056232000002637506,0.5454545454545454,0.0,0.5454545454545454,0.0,7.0
lamp__03,device,lamp,568584,uniform_r,8,0.05723359998955857,0.7272727272727273,0.36363636363636365,0.5454545454545454,0.36363636363636365,7.0
lamp__03,device,lamp,568584,no_consensus,8,0.057167099992511794,0.5454545454545454,0.0,0.5454545454545454,0.0,7.0
lamp__04,device,lamp,210973,released,7,0.02121570000599604,0.5,0.25,0.0,0.0,4.0
lamp__04,device,lamp,210973,uniform_r,7,0.020615999994333833,0.5,0.25,0.0,0.0,4.0
lamp__04,device,lamp,210973,no_consensus,7,0.019604200002504513,0.5,0.25,0.0,0.0,4.0
laptop_computer__01,device,laptop_computer,364485,released,23,0.4194426000030944,0.3,0.2,0.3,0.2,13.0
laptop_computer__01,device,laptop_computer,364485,uniform_r,23,0.42200920000323094,0.3333333333333333,0.25,0.3333333333333333,0.25,17.0
laptop_computer__01,device,laptop_computer,364485,no_consensus,23,0.4281260999996448,0.2,0.1,0.2,0.1,13.0
laptop_computer__02,device,laptop_computer,339352,released,12,0.11407789999793749,0.16666666666666666,0.16666666666666666,0.16666666666666666,0.16666666666666666,6.0
laptop_computer__02,device,laptop_computer,339352,uniform_r,12,0.12133040001208428,0.28571428571428575,0.14285714285714288,0.28571428571428575,0.14285714285714288,8.0
laptop_computer__02,device,laptop_computer,339352,no_consensus,12,0.13088080000306945,0.15384615384615383,0.15384615384615383,0.15384615384615383,0.15384615384615383,7.0
laptop_computer__03,device,laptop_computer,435003,released,15,0.07310700000380166,0.4615384615384615,0.4615384615384615,0.4615384615384615,0.4615384615384615,6.0
laptop_computer__03,device,laptop_computer,435003,uniform_r,15,0.08395450000534765,0.5333333333333333,0.5333333333333333,0.5333333333333333,0.5333333333333333,8.0
laptop_computer__03,device,laptop_computer,435003,no_consensus,15,0.07986260000325274,0.3333333333333333,0.3333333333333333,0.3333333333333333,0.3333333333333333,5.0
laptop_computer__04,device,laptop_computer,360951,released,11,0.05151119999936782,0.36363636363636365,0.36363636363636365,0.18181818181818182,0.18181818181818182,4.0
laptop_computer__04,device,laptop_computer,360951,uniform_r,11,0.04930830000375863,0.42857142857142855,0.42857142857142855,0.2857142857142857,0.2857142857142857,7.0
laptop_computer__04,device,laptop_computer,360951,no_consensus,11,0.050212300004204735,0.3333333333333333,0.3333333333333333,0.16666666666666666,0.16666666666666666,5.0
microwave_oven__01,device,microwave_oven,338248,released,11,0.11009539999940898,0.3333333333333333,0.16666666666666666,0.3333333333333333,0.16666666666666666,7.0
microwave_oven__01,device,microwave_oven,338248,uniform_r,11,0.10743319999892265,0.3333333333333333,0.16666666666666666,0.3333333333333333,0.16666666666666666,7.0
microwave_oven__01,device,microwave_oven,338248,no_consensus,11,0.11309510000864975,0.3636363636363636,0.1818181818181818,0.3636363636363636,0.1818181818181818,6.0
microwave_oven__02,device,microwave_oven,189257,released,5,0.022226599990972318,0.5,0.5,0.25,0.25,3.0
microwave_oven__02,device,microwave_oven,189257,uniform_r,5,0.025173500005621463,0.4444444444444445,0.22222222222222224,0.22222222222222224,0.0,4.0
microwave_oven__02,device,microwave_oven,189257,no_consensus,5,0.02203150000423193,0.5,0.5,0.25,0.25,3.0
microwave_oven__03,device,microwave_oven,189694,released,11,0.03903700000955723,0.16666666666666666,0.0,0.0,0.0,7.0
microwave_oven__03,device,microwave_oven,189694,uniform_r,11,0.04087989999970887,0.5,0.3333333333333333,0.16666666666666666,0.16666666666666666,7.0
microwave_oven__03,device,microwave_oven,189694,no_consensus,11,0.04053850000491366,0.20000000000000004,0.20000000000000004,0.0,0.0,5.0
microwave_oven__04,device,microwave_oven,192410,released,20,0.044673900003544986,0.25000000000000006,0.12500000000000003,0.0,0.0,11.0
microwave_oven__04,device,microwave_oven,192410,uniform_r,20,0.04606579999381211,0.2222222222222222,0.1111111111111111,0.0,0.0,13.0
microwave_oven__04,device,microwave_oven,192410,no_consensus,20,0.04475960000127088,0.25000000000000006,0.12500000000000003,0.0,0.0,11.0
mouse_computer_equipment__01,device,mouse_(computer_equipment),271068,released,7,0.055046800000127405,0.5454545454545454,0.5454545454545454,0.1818181818181818,0.1818181818181818,6.0
mouse_computer_equipment__01,device,mouse_(computer_equipment),271068,uniform_r,7,0.06411129998741671,0.3636363636363636,0.3636363636363636,0.1818181818181818,0.0,6.0
mouse_computer_equipment__01,device,mouse_(computer_equipment),271068,no_consensus,7,0.06254290000651963,0.3636363636363636,0.3636363636363636,0.1818181818181818,0.1818181818181818,6.0
mouse_computer_equipment__02,device,mouse_(computer_equipment),28978,released,8,0.06807779999508057,0.5,0.16666666666666666,0.0,0.0,7.0
mouse_computer_equipment__02,device,mouse_(computer_equipment),28978,uniform_r,8,0.07876760000362992,0.5,0.3333333333333333,0.0,0.0,7.0
mouse_computer_equipment__02,device,mouse_(computer_equipment),28978,no_consensus,8,0.06563519999326672,0.5,0.16666666666666666,0.0,0.0,7.0
mouse_computer_equipment__03,device,mouse_(computer_equipment),95908,released,6,0.04534180001064669,0.6,0.6,0.4000000000000001,0.4000000000000001,5.0
mouse_computer_equipment__03,device,mouse_(computer_equipment),95908,uniform_r,6,0.04420889999892097,0.6,0.6,0.4000000000000001,0.4000000000000001,5.0
mouse_computer_equipment__03,device,mouse_(computer_equipment),95908,no_consensus,6,0.046525199999450706,0.6666666666666665,0.6666666666666665,0.4444444444444445,0.4444444444444445,4.0
mouse_computer_equipment__04,device,mouse_(computer_equipment),349234,released,6,0.047048499996890314,0.5454545454545454,0.3636363636363636,0.1818181818181818,0.1818181818181818,6.0
mouse_computer_equipment__04,device,mouse_(computer_equipment),349234,uniform_r,6,0.04655519999505486,0.5454545454545454,0.3636363636363636,0.1818181818181818,0.1818181818181818,6.0
mouse_computer_equipment__04,device,mouse_(computer_equipment),349234,no_consensus,6,0.042071699994266964,0.5454545454545454,0.3636363636363636,0.1818181818181818,0.1818181818181818,6.0
mug__01,container,mug,218205,released,6,0.014196999996784143,0.5454545454545454,0.0,0.3636363636363636,0.0,5.0
mug__01,container,mug,218205,uniform_r,6,0.014091799996094778,0.6,0.0,0.4,0.0,4.0
mug__01,container,mug,218205,no_consensus,6,0.016455699995276518,0.5454545454545454,0.0,0.3636363636363636,0.0,5.0
mug__02,container,mug,157526,released,13,0.09317120000196155,0.5,0.5,0.16666666666666666,0.16666666666666666,7.0
mug__02,container,mug,157526,uniform_r,13,0.08137060000444762,0.42857142857142855,0.42857142857142855,0.42857142857142855,0.2857142857142857,9.0
mug__02,container,mug,157526,no_consensus,13,0.07612690000678413,0.5,0.3333333333333333,0.16666666666666666,0.16666666666666666,7.0
mug__03,container,mug,308524,released,9,0.032613100003800355,0.5454545454545454,0.5454545454545454,0.5454545454545454,0.5454545454545454,6.0
mug__03,container,mug,308524,uniform_r,9,0.034836999999242835,0.5,0.3333333333333333,0.5,0.3333333333333333,7.0
mug__03,container,mug,308524,no_consensus,9,0.031672199998865835,0.4000000000000001,0.4000000000000001,0.4000000000000001,0.4000000000000001,5.0
mug__04,container,mug,53465,released,5,0.01639989999239333,0.4000000000000001,0.20000000000000004,0.20000000000000004,0.0,5.0
mug__04,container,mug,53465,uniform_r,5,0.01872459999867715,0.6,0.6,0.20000000000000004,0.20000000000000004,5.0
mug__04,container,mug,53465,no_consensus,5,0.016712800003006123,0.4000000000000001,0.20000000000000004,0.20000000000000004,0.0,5.0
pan_for_cooking__01,tool_prop,pan_(for_cooking),561004,released,1,0.006055600009858608,0.0,0.0,0.0,0.0,0.0
pan_for_cooking__01,tool_prop,pan_(for_cooking),561004,uniform_r,1,0.0061698999925283715,0.0,0.0,0.0,0.0,0.0
pan_for_cooking__01,tool_prop,pan_(for_cooking),561004,no_consensus,1,0.005857800002559088,0.0,0.0,0.0,0.0,0.0
pan_for_cooking__02,tool_prop,pan_(for_cooking),538859,released,7,0.043437800006358884,0.22222222222222224,0.0,0.0,0.0,5.0
pan_for_cooking__02,tool_prop,pan_(for_cooking),538859,uniform_r,7,0.04764579999027774,0.4444444444444445,0.22222222222222224,0.0,0.0,5.0
pan_for_cooking__02,tool_prop,pan_(for_cooking),538859,no_consensus,7,0.042176199989626184,0.22222222222222224,0.0,0.0,0.0,5.0
pan_for_cooking__03,tool_prop,pan_(for_cooking),505728,released,7,0.014059399996767752,0.0,0.0,0.0,0.0,6.0
pan_for_cooking__03,tool_prop,pan_(for_cooking),505728,uniform_r,7,0.014799899989156984,0.0,0.0,0.0,0.0,5.0
pan_for_cooking__03,tool_prop,pan_(for_cooking),505728,no_consensus,7,0.015692900007707067,0.0,0.0,0.0,0.0,6.0
pan_for_cooking__04,tool_prop,pan_(for_cooking),286182,released,3,0.0063116999954218045,0.4,0.4,0.0,0.0,1.0
pan_for_cooking__04,tool_prop,pan_(for_cooking),286182,uniform_r,3,0.00618650000251364,0.4,0.4,0.0,0.0,1.0
pan_for_cooking__04,tool_prop,pan_(for_cooking),286182,no_consensus,3,0.006731899993610568,0.4,0.4,0.0,0.0,1.0
pen__01,daily_object,pen,150652,released,6,0.00761249999050051,0.4444444444444445,0.0,0.0,0.0,5.0
pen__01,daily_object,pen,150652,uniform_r,6,0.0075207000045338646,0.4444444444444445,0.0,0.0,0.0,5.0
pen__01,daily_object,pen,150652,no_consensus,6,0.007080199997290038,0.4444444444444445,0.0,0.0,0.0,5.0
pen__02,daily_object,pen,561453,released,4,0.007284600011189468,0.0,0.0,0.0,0.0,3.0
pen__02,daily_object,pen,561453,uniform_r,4,0.007432399987010285,0.0,0.0,0.0,0.0,3.0
pen__02,daily_object,pen,561453,no_consensus,4,0.0079600000026403,0.0,0.0,0.0,0.0,3.0
pen__03,daily_object,pen,147415,released,1,0.0021361000108299777,0.6666666666666666,0.6666666666666666,0.0,0.0,1.0
pen__03,daily_object,pen,147415,uniform_r,1,0.001957599990419112,0.6666666666666666,0.6666666666666666,0.0,0.0,1.0
pen__03,daily_object,pen,147415,no_consensus,1,0.0018733999895630404,0.6666666666666666,0.6666666666666666,0.0,0.0,1.0
plastic_bag__01,container,plastic_bag,205861,released,4,0.041827099994407035,0.3333333333333333,0.0,0.0,0.0,3.0
plastic_bag__01,container,plastic_bag,205861,uniform_r,4,0.04387300000234973,0.28571428571428575,0.0,0.0,0.0,4.0
plastic_bag__01,container,plastic_bag,205861,no_consensus,4,0.040839499997673556,0.3333333333333333,0.0,0.0,0.0,3.0
plastic_bag__02,container,plastic_bag,464928,released,5,0.03626120000262745,0.6666666666666666,0.0,0.3333333333333333,0.3333333333333333,3.0
plastic_bag__02,container,plastic_bag,464928,uniform_r,5,0.036249800003133714,0.5,0.0,0.5,0.0,5.0
plastic_bag__02,container,plastic_bag,464928,no_consensus,5,0.037777399993501604,0.6666666666666666,0.0,0.3333333333333333,0.3333333333333333,3.0
plastic_bag__03,container,plastic_bag,44388,released,7,0.018469000002369285,0.4,0.0,0.2,0.0,7.0
plastic_bag__03,container,plastic_bag,44388,uniform_r,7,0.0177205999934813,0.4,0.0,0.2,0.0,7.0
plastic_bag__03,container,plastic_bag,44388,no_consensus,7,0.01825789999566041,0.4,0.0,0.2,0.0,7.0
plastic_bag__04,container,plastic_bag,36230,released,10,0.018282699995324947,0.4444444444444444,0.2222222222222222,0.0,0.0,6.0
plastic_bag__04,container,plastic_bag,36230,uniform_r,10,0.020333099993877113,0.4444444444444444,0.2222222222222222,0.0,0.0,6.0
plastic_bag__04,container,plastic_bag,36230,no_consensus,10,0.01763539999956265,0.4444444444444444,0.0,0.2222222222222222,0.0,6.0
plate__01,container,plate,375430,released,3,0.036598799997591414,0.3333333333333333,0.0,0.0,0.0,2.0
plate__01,container,plate,375430,uniform_r,3,0.04089709999971092,0.3333333333333333,0.0,0.0,0.0,2.0
plate__01,container,plate,375430,no_consensus,3,0.044730299996444955,0.3333333333333333,0.0,0.0,0.0,2.0
plate__02,container,plate,267300,released,4,0.05272839999815915,0.25,0.0,0.0,0.0,4.0
plate__02,container,plate,267300,uniform_r,4,0.05485469999257475,0.25,0.0,0.0,0.0,4.0
plate__02,container,plate,267300,no_consensus,4,0.05255510000279173,0.25,0.0,0.0,0.0,4.0
plate__03,container,plate,187454,released,3,0.019573199999285862,0.0,0.0,0.0,0.0,3.0
plate__03,container,plate,187454,uniform_r,3,0.018509199988329783,0.0,0.0,0.0,0.0,3.0
plate__03,container,plate,187454,no_consensus,3,0.01974460000928957,0.0,0.0,0.0,0.0,3.0
plate__04,container,plate,312412,released,2,0.009070000000065193,0.3333333333333333,0.0,0.0,0.0,2.0
plate__04,container,plate,312412,uniform_r,2,0.009090100007597357,0.3333333333333333,0.0,0.0,0.0,2.0
plate__04,container,plate,312412,no_consensus,2,0.008980999991763383,0.3333333333333333,0.0,0.0,0.0,2.0
remote_control__01,device,remote_control,93114,released,51,0.0698569999949541,0.08163265306122448,0.08163265306122448,0.0,0.0,46.0
remote_control__01,device,remote_control,93114,uniform_r,51,0.06894840000313707,0.08888888888888889,0.08888888888888889,0.0,0.0,42.0
remote_control__01,device,remote_control,93114,no_consensus,51,0.0693942999932915,0.08163265306122448,0.08163265306122448,0.0,0.0,46.0
remote_control__02,device,remote_control,476810,released,32,0.0740941000112798,0.08333333333333333,0.0,0.0,0.0,21.0
remote_control__02,device,remote_control,476810,uniform_r,32,0.07065690000308678,0.07407407407407407,0.0,0.0,0.0,24.0
remote_control__02,device,remote_control,476810,no_consensus,32,0.07746169999882113,0.08695652173913045,0.0,0.0,0.0,20.0
remote_control__03,device,remote_control,517699,released,19,0.3077476000034949,0.0,0.0,0.0,0.0,17.0
remote_control__03,device,remote_control,517699,uniform_r,19,0.3162741999985883,0.0,0.0,0.0,0.0,18.0
remote_control__03,device,remote_control,517699,no_consensus,19,0.29176430001098197,0.0,0.0,0.0,0.0,17.0
remote_control__04,device,remote_control,6422,released,10,0.12377190000552218,0.5,0.0,0.0,0.0,2.0
remote_control__04,device,remote_control,6422,uniform_r,10,0.12856170001032297,0.3333333333333333,0.0,0.0,0.0,4.0
remote_control__04,device,remote_control,6422,no_consensus,10,0.11865839999518357,0.5,0.0,0.0,0.0,2.0
scarf__01,daily_object,scarf,52902,released,9,0.06975719999172725,0.0,0.0,0.0,0.0,6.0
scarf__01,daily_object,scarf,52902,uniform_r,9,0.07181850000051782,0.0,0.0,0.0,0.0,5.0
scarf__01,daily_object,scarf,52902,no_consensus,9,0.06769640000129584,0.0,0.0,0.0,0.0,6.0
scarf__02,daily_object,scarf,413044,released,10,0.088871999992989,0.1818181818181818,0.0,0.0,0.0,9.0
scarf__02,daily_object,scarf,413044,uniform_r,10,0.08647349999228027,0.1818181818181818,0.0,0.0,0.0,9.0
scarf__02,daily_object,scarf,413044,no_consensus,10,0.086677300001611,0.1818181818181818,0.0,0.0,0.0,9.0
scarf__03,daily_object,scarf,74256,released,22,0.12306330000865273,0.23529411764705882,0.11764705882352941,0.0,0.0,15.0
scarf__03,daily_object,scarf,74256,uniform_r,22,0.12915950000751764,0.23529411764705882,0.23529411764705882,0.0,0.0,15.0
scarf__03,daily_object,scarf,74256,no_consensus,22,0.12525970001297537,0.23529411764705882,0.11764705882352941,0.0,0.0,15.0
scarf__04,daily_object,scarf,463284,released,2,0.013756500004092231,0.5,0.0,0.5,0.0,2.0
scarf__04,daily_object,scarf,463284,uniform_r,2,0.012316699998336844,0.5,0.0,0.5,0.0,2.0
scarf__04,daily_object,scarf,463284,no_consensus,2,0.013252500008093193,0.5,0.0,0.5,0.0,2.0
scissors__01,tool_prop,scissors,48601,released,8,0.36393130000215024,0.5714285714285715,0.28571428571428575,0.28571428571428575,0.28571428571428575,3.0
scissors__01,tool_prop,scissors,48601,uniform_r,8,0.4860075000033248,0.5,0.25,0.25,0.25,4.0
scissors__01,tool_prop,scissors,48601,no_consensus,8,0.40409809999982826,0.5714285714285715,0.28571428571428575,0.28571428571428575,0.28571428571428575,3.0
scissors__02,tool_prop,scissors,244582,released,7,0.3337238000094658,0.5714285714285715,0.28571428571428575,0.5714285714285715,0.28571428571428575,3.0
scissors__02,tool_prop,scissors,244582,uniform_r,7,0.3758972000068752,0.8571428571428571,0.28571428571428575,0.5714285714285715,0.28571428571428575,3.0
scissors__02,tool_prop,scissors,244582,no_consensus,7,0.3415092000068398,0.28571428571428575,0.28571428571428575,0.28571428571428575,0.28571428571428575,3.0
scissors__03,tool_prop,scissors,239882,released,8,0.17118830000981688,0.25,0.0,0.25,0.0,4.0
scissors__03,tool_prop,scissors,239882,uniform_r,8,0.24643529999593738,0.4,0.2,0.4,0.2,6.0
scissors__03,tool_prop,scissors,239882,no_consensus,8,0.1950343999924371,0.25,0.0,0.25,0.0,4.0
scissors__04,tool_prop,scissors,379443,released,13,0.2098446000018157,0.4444444444444445,0.4444444444444445,0.22222222222222224,0.22222222222222224,5.0
scissors__04,tool_prop,scissors,379443,uniform_r,13,0.22048419999191537,0.6666666666666665,0.4444444444444445,0.22222222222222224,0.22222222222222224,5.0
scissors__04,tool_prop,scissors,379443,no_consensus,13,0.23039510000671726,0.4444444444444445,0.4444444444444445,0.22222222222222224,0.22222222222222224,5.0
screwdriver__01,tool_prop,screwdriver,473500,released,2,0.003662799994344823,0.0,0.0,0.0,0.0,1.0
screwdriver__01,tool_prop,screwdriver,473500,uniform_r,2,0.003252700000302866,0.0,0.0,0.0,0.0,1.0
screwdriver__01,tool_prop,screwdriver,473500,no_consensus,2,0.0031709000031696633,0.0,0.0,0.0,0.0,1.0
shoe__01,daily_object,shoe,149962,released,5,0.007846200009225868,0.36363636363636365,0.0,0.0,0.0,4.0
shoe__01,daily_object,shoe,149962,uniform_r,5,0.006844100003945641,0.36363636363636365,0.0,0.0,0.0,4.0
shoe__01,daily_object,shoe,149962,no_consensus,5,0.006655500008491799,0.36363636363636365,0.0,0.0,0.0,4.0
shoe__02,daily_object,shoe,186605,released,10,0.010721799990278669,0.11764705882352941,0.0,0.0,0.0,10.0
shoe__02,daily_object,shoe,186605,uniform_r,10,0.010799299998325296,0.11764705882352941,0.0,0.0,0.0,10.0
shoe__02,daily_object,shoe,186605,no_consensus,10,0.012348099990049377,0.11764705882352941,0.0,0.0,0.0,10.0
shoe__03,daily_object,shoe,184003,released,2,0.02460360000259243,0.0,0.0,0.0,0.0,2.0
shoe__03,daily_object,shoe,184003,uniform_r,2,0.028348399995593354,0.0,0.0,0.0,0.0,2.0
shoe__03,daily_object,shoe,184003,no_consensus,2,0.022325400001136586,0.0,0.0,0.0,0.0,2.0
shoe__04,daily_object,shoe,90833,released,7,0.03832730000431184,0.5454545454545454,0.1818181818181818,0.0,0.0,5.0
shoe__04,daily_object,shoe,90833,uniform_r,7,0.039455799997085705,0.5454545454545454,0.1818181818181818,0.0,0.0,5.0
shoe__04,daily_object,shoe,90833,no_consensus,7,0.03810180000436958,0.5454545454545454,0.1818181818181818,0.0,0.0,5.0
slipper_footwear__01,daily_object,slipper_(footwear),171309,released,3,0.005784400011179969,0.0,0.0,0.0,0.0,1.0
slipper_footwear__01,daily_object,slipper_(footwear),171309,uniform_r,3,0.005499300008523278,0.0,0.0,0.0,0.0,1.0
slipper_footwear__01,daily_object,slipper_(footwear),171309,no_consensus,3,0.005982399990898557,0.0,0.0,0.0,0.0,1.0
soap__01,daily_object,soap,239627,released,8,0.013711699997656979,0.6153846153846153,0.6153846153846153,0.15384615384615383,0.15384615384615383,7.0
soap__01,daily_object,soap,239627,uniform_r,8,0.013480599998729303,0.6153846153846153,0.6153846153846153,0.15384615384615383,0.15384615384615383,7.0
soap__01,daily_object,soap,239627,no_consensus,8,0.013547499998821877,0.6153846153846153,0.6153846153846153,0.15384615384615383,0.15384615384615383,7.0
soap__02,daily_object,soap,265432,released,3,0.0077668000012636185,0.25,0.25,0.0,0.0,3.0
soap__02,daily_object,soap,265432,uniform_r,3,0.007984600000781938,0.7499999999999999,0.0,0.0,0.0,3.0
soap__02,daily_object,soap,265432,no_consensus,3,0.0077092999999877065,0.25,0.25,0.0,0.0,3.0
spoon__01,tool_prop,spoon,377359,released,8,0.08024239999940619,0.4,0.4,0.4,0.4,6.0
spoon__01,tool_prop,spoon,377359,uniform_r,8,0.07687920000171289,0.4,0.4,0.4,0.4,6.0
spoon__01,tool_prop,spoon,377359,no_consensus,8,0.07361770000716206,0.4,0.4,0.4,0.4,6.0
spoon__02,tool_prop,spoon,227960,released,5,0.05086829999345355,0.6666666666666666,0.6666666666666666,0.6666666666666666,0.6666666666666666,2.0
spoon__02,tool_prop,spoon,227960,uniform_r,5,0.05484699999215081,0.6666666666666666,0.6666666666666666,0.6666666666666666,0.6666666666666666,2.0
spoon__02,tool_prop,spoon,227960,no_consensus,5,0.05380110000260174,0.5714285714285715,0.5714285714285715,0.5714285714285715,0.5714285714285715,3.0
spoon__03,tool_prop,spoon,293044,released,6,0.009579300007317215,0.0,0.0,0.0,0.0,5.0
spoon__03,tool_prop,spoon,293044,uniform_r,6,0.01061259998823516,0.0,0.0,0.0,0.0,5.0
spoon__03,tool_prop,spoon,293044,no_consensus,6,0.009403199990629219,0.0,0.0,0.0,0.0,5.0
spoon__04,tool_prop,spoon,106557,released,7,0.05890519999957178,0.28571428571428575,0.28571428571428575,0.0,0.0,3.0
spoon__04,tool_prop,spoon,106557,uniform_r,7,0.060099099995568395,0.28571428571428575,0.28571428571428575,0.0,0.0,3.0
spoon__04,tool_prop,spoon,106557,no_consensus,7,0.058270899986382574,0.28571428571428575,0.28571428571428575,0.0,0.0,3.0
stool__01,furniture,stool,47886,released,18,0.07656430000497494,0.2222222222222222,0.0,0.1111111111111111,0.0,15.0
stool__01,furniture,stool,47886,uniform_r,18,0.07086930000514258,0.26666666666666666,0.13333333333333333,0.0,0.0,12.0
stool__01,furniture,stool,47886,no_consensus,18,0.0743951000040397,0.2222222222222222,0.0,0.1111111111111111,0.0,15.0
stool__02,furniture,stool,368900,released,13,0.03809960000216961,0.3333333333333333,0.3333333333333333,0.0,0.0,3.0
stool__02,furniture,stool,368900,uniform_r,13,0.03664990000834223,0.2222222222222222,0.2222222222222222,0.0,0.0,6.0
stool__02,furniture,stool,368900,no_consensus,13,0.03925980000349227,0.3333333333333333,0.3333333333333333,0.0,0.0,3.0
stool__03,furniture,stool,68833,released,12,0.028553199997986667,0.4444444444444444,0.0,0.0,0.0,6.0
stool__03,furniture,stool,68833,uniform_r,12,0.02990680000220891,0.2222222222222222,0.0,0.0,0.0,6.0
stool__03,furniture,stool,68833,no_consensus,12,0.027646000002278015,0.2222222222222222,0.0,0.0,0.0,6.0
stool__04,furniture,stool,399028,released,2,0.0055198000045493245,0.5,0.0,0.0,0.0,1.0
stool__04,furniture,stool,399028,uniform_r,2,0.004717200004961342,0.5,0.0,0.0,0.0,1.0
stool__04,furniture,stool,399028,no_consensus,2,0.004833899991353974,0.5,0.0,0.0,0.0,1.0
sweater__01,daily_object,sweater,418062,released,15,0.15827489999355748,0.4210526315789474,0.0,0.0,0.0,12.0
sweater__01,daily_object,sweater,418062,uniform_r,15,0.15405169999576174,0.2222222222222222,0.0,0.0,0.0,11.0
sweater__01,daily_object,sweater,418062,no_consensus,15,0.16008200000214856,0.4210526315789474,0.0,0.0,0.0,12.0
sweater__02,daily_object,sweater,124117,released,10,0.06752830000186805,0.15384615384615383,0.0,0.0,0.0,6.0
sweater__02,daily_object,sweater,124117,uniform_r,10,0.07275780000782106,0.14285714285714285,0.0,0.0,0.0,7.0
sweater__02,daily_object,sweater,124117,no_consensus,10,0.06988249999994878,0.15384615384615383,0.0,0.0,0.0,6.0
sweater__03,daily_object,sweater,323626,released,2,0.01914450000913348,0.0,0.0,0.0,0.0,2.0
sweater__03,daily_object,sweater,323626,uniform_r,2,0.022721900008036755,0.0,0.0,0.0,0.0,2.0
sweater__03,daily_object,sweater,323626,no_consensus,2,0.021168799998122267,0.0,0.0,0.0,0.0,2.0
sweater__04,daily_object,sweater,175781,released,6,0.06424699998751748,0.30769230769230765,0.0,0.0,0.0,6.0
sweater__04,daily_object,sweater,175781,uniform_r,6,0.05583479999040719,0.4615384615384615,0.15384615384615383,0.0,0.0,6.0
sweater__04,daily_object,sweater,175781,no_consensus,6,0.054495100004714914,0.30769230769230765,0.0,0.0,0.0,6.0
table__01,furniture,table,295134,released,14,0.04105080000590533,0.4615384615384615,0.3076923076923077,0.3076923076923077,0.3076923076923077,8.0
table__01,furniture,table,295134,uniform_r,14,0.036183600008371286,0.4000000000000001,0.20000000000000004,0.20000000000000004,0.20000000000000004,5.0
table__01,furniture,table,295134,no_consensus,14,0.03719739998632576,0.4615384615384615,0.3076923076923077,0.3076923076923077,0.3076923076923077,8.0
table__02,furniture,table,91406,released,11,0.15847550000762567,0.0,0.0,0.0,0.0,9.0
table__02,furniture,table,91406,uniform_r,11,0.1574391000031028,0.0,0.0,0.0,0.0,9.0
table__02,furniture,table,91406,no_consensus,11,0.16772910000872798,0.0,0.0,0.0,0.0,10.0
table__03,furniture,table,112378,released,1,0.017419899988453835,0.0,0.0,0.0,0.0,0.0
table__03,furniture,table,112378,uniform_r,1,0.017129499989096075,0.0,0.0,0.0,0.0,0.0
table__03,furniture,table,112378,no_consensus,1,0.01707159999932628,0.0,0.0,0.0,0.0,0.0
table__04,furniture,table,325114,released,10,0.1044980000006035,0.4,0.2,0.0,0.0,6.0
table__04,furniture,table,325114,uniform_r,10,0.10566719999769703,0.36363636363636365,0.18181818181818182,0.0,0.0,7.0
table__04,furniture,table,325114,no_consensus,10,0.11324669999885373,0.4,0.2,0.0,0.0,6.0
telephone__01,device,telephone,275585,released,19,0.07491049999953248,0.39999999999999997,0.26666666666666666,0.0,0.0,11.0
telephone__01,device,telephone,275585,uniform_r,19,0.07483270000375342,0.3,0.2,0.0,0.0,16.0
telephone__01,device,telephone,275585,no_consensus,19,0.08263420000730548,0.39999999999999997,0.26666666666666666,0.0,0.0,11.0
telephone__02,device,telephone,198561,released,6,0.022783399996114895,0.25,0.0,0.0,0.0,4.0
telephone__02,device,telephone,198561,uniform_r,6,0.01921139999467414,0.22222222222222224,0.0,0.0,0.0,5.0
telephone__02,device,telephone,198561,no_consensus,6,0.020111500009079464,0.25,0.0,0.0,0.0,4.0
telephone__03,device,telephone,516916,released,20,0.04664670000784099,0.5,0.16666666666666666,0.3333333333333333,0.16666666666666666,8.0
telephone__03,device,telephone,516916,uniform_r,20,0.05459800000244286,0.46153846153846156,0.15384615384615383,0.30769230769230765,0.15384615384615383,9.0
telephone__03,device,telephone,516916,no_consensus,20,0.04824590000498574,0.375,0.125,0.25,0.125,12.0
telephone__04,device,telephone,4795,released,14,0.0275435999938054,0.0,0.0,0.0,0.0,13.0
telephone__04,device,telephone,4795,uniform_r,14,0.026722799986600876,0.0,0.0,0.0,0.0,13.0
telephone__04,device,telephone,4795,no_consensus,14,0.031187500004307367,0.0,0.0,0.0,0.0,13.0
television_set__01,device,television_set,98839,released,5,0.2720190999971237,0.0,0.0,0.0,0.0,1.0
television_set__01,device,television_set,98839,uniform_r,5,0.271860499997274,0.28571428571428575,0.0,0.0,0.0,3.0
television_set__01,device,television_set,98839,no_consensus,5,0.24299270000483375,0.0,0.0,0.0,0.0,1.0
television_set__02,device,television_set,131131,released,19,0.612894400008372,0.0,0.0,0.0,0.0,17.0
television_set__02,device,television_set,131131,uniform_r,19,0.5829386999976123,0.2857142857142857,0.0,0.09523809523809523,0.0,17.0
television_set__02,device,television_set,131131,no_consensus,19,0.6144665000028908,0.0,0.0,0.0,0.0,17.0
television_set__03,device,television_set,254600,released,5,0.13235420000273734,0.5,0.25,0.0,0.0,4.0
television_set__03,device,television_set,254600,uniform_r,5,0.14056910001090728,0.5,0.25,0.0,0.0,4.0
television_set__03,device,television_set,254600,no_consensus,5,0.13260430000082124,0.5,0.25,0.0,0.0,4.0
television_set__04,device,television_set,25560,released,8,0.1932747999962885,0.4,0.0,0.0,0.0,7.0
television_set__04,device,television_set,25560,uniform_r,8,0.1760909000004176,0.4,0.0,0.0,0.0,7.0
television_set__04,device,television_set,25560,no_consensus,8,0.17351740000594873,0.4,0.0,0.0,0.0,7.0
towel__01,daily_object,towel,228817,released,5,0.011452999999164604,0.22222222222222224,0.0,0.22222222222222224,0.0,5.0
towel__01,daily_object,towel,228817,uniform_r,5,0.011347700012265705,0.25,0.0,0.0,0.0,4.0
towel__01,daily_object,towel,228817,no_consensus,5,0.014462100007222034,0.22222222222222224,0.0,0.22222222222222224,0.0,5.0
towel__02,daily_object,towel,442982,released,8,0.0184465999918757,0.18181818181818182,0.0,0.18181818181818182,0.0,7.0
towel__02,daily_object,towel,442982,uniform_r,8,0.01834199999575503,0.4,0.2,0.2,0.0,6.0
towel__02,daily_object,towel,442982,no_consensus,8,0.017600899998797104,0.18181818181818182,0.0,0.18181818181818182,0.0,7.0
towel__03,daily_object,towel,173968,released,4,0.007018500007688999,0.28571428571428575,0.0,0.28571428571428575,0.0,4.0
towel__03,daily_object,towel,173968,uniform_r,4,0.007293300004675984,0.28571428571428575,0.0,0.0,0.0,4.0
towel__03,daily_object,towel,173968,no_consensus,4,0.00748580000072252,0.28571428571428575,0.0,0.28571428571428575,0.0,4.0
towel__04,daily_object,towel,197864,released,2,0.009920500000589527,0.0,0.0,0.0,0.0,2.0
towel__04,daily_object,towel,197864,uniform_r,2,0.009973099993658252,0.0,0.0,0.0,0.0,2.0
towel__04,daily_object,towel,197864,no_consensus,2,0.01005280000390485,0.0,0.0,0.0,0.0,2.0
trash_can__01,container,trash_can,250370,released,15,0.07532920000085142,0.39999999999999997,0.39999999999999997,0.0,0.0,11.0
trash_can__01,container,trash_can,250370,uniform_r,15,0.07109420000051614,0.39999999999999997,0.39999999999999997,0.0,0.0,11.0
trash_can__01,container,trash_can,250370,no_consensus,15,0.07378970000718255,0.39999999999999997,0.39999999999999997,0.0,0.0,11.0
trash_can__02,container,trash_can,80185,released,6,0.03879690000030678,0.22222222222222224,0.0,0.22222222222222224,0.0,5.0
trash_can__02,container,trash_can,80185,uniform_r,6,0.03659920000063721,0.22222222222222224,0.0,0.0,0.0,5.0
trash_can__02,container,trash_can,80185,no_consensus,6,0.03978120000101626,0.22222222222222224,0.0,0.22222222222222224,0.0,5.0
trash_can__03,container,trash_can,281102,released,13,0.045805900008417666,0.4,0.2,0.4,0.2,6.0
trash_can__03,container,trash_can,281102,uniform_r,13,0.047257800004445016,0.36363636363636365,0.18181818181818182,0.18181818181818182,0.18181818181818182,7.0
trash_can__03,container,trash_can,281102,no_consensus,13,0.049641899997368455,0.4,0.2,0.4,0.2,6.0
trash_can__04,container,trash_can,461597,released,7,0.04157719999784604,0.25,0.0,0.25,0.0,4.0
trash_can__04,container,trash_can,461597,uniform_r,7,0.04413990001194179,0.4,0.2,0.2,0.2,6.0
trash_can__04,container,trash_can,461597,no_consensus,7,0.043396799999754876,0.25,0.0,0.25,0.0,4.0
tray__01,container,tray,223761,released,11,0.16385139999329112,0.15384615384615383,0.0,0.0,0.0,9.0
tray__01,container,tray,223761,uniform_r,11,0.1815742000035243,0.46153846153846156,0.15384615384615383,0.0,0.0,9.0
tray__01,container,tray,223761,no_consensus,11,0.15234960000088904,0.15384615384615383,0.0,0.0,0.0,9.0
tray__02,container,tray,376806,released,1,0.02020680000714492,0.0,0.0,0.0,0.0,0.0
tray__02,container,tray,376806,uniform_r,1,0.019336700002895668,0.0,0.0,0.0,0.0,0.0
tray__02,container,tray,376806,no_consensus,1,0.02140789999975823,0.0,0.0,0.0,0.0,0.0
tray__03,container,tray,353237,released,1,0.00827039999421686,0.0,0.0,0.0,0.0,0.0
tray__03,container,tray,353237,uniform_r,1,0.00876659998903051,0.0,0.0,0.0,0.0,0.0
tray__03,container,tray,353237,no_consensus,1,0.010204599995631725,0.0,0.0,0.0,0.0,0.0
tray__04,container,tray,256518,released,5,0.03687530000752304,0.0,0.0,0.0,0.0,2.0
tray__04,container,tray,256518,uniform_r,5,0.03844319999916479,0.0,0.0,0.0,0.0,2.0
tray__04,container,tray,256518,no_consensus,5,0.028905700004543178,0.0,0.0,0.0,0.0,2.0
vase__01,container,vase,143526,released,9,0.04025639999599662,0.5454545454545454,0.3636363636363636,0.0,0.0,6.0
vase__01,container,vase,143526,uniform_r,9,0.033259999996516854,0.5,0.5,0.0,0.0,7.0
vase__01,container,vase,143526,no_consensus,9,0.031502800004091114,0.5454545454545454,0.3636363636363636,0.0,0.0,6.0
vase__02,container,vase,577735,released,6,0.023302600005990826,0.3636363636363636,0.0,0.3636363636363636,0.0,6.0
vase__02,container,vase,577735,uniform_r,6,0.022279199998592958,0.5454545454545454,0.0,0.3636363636363636,0.0,6.0
vase__02,container,vase,577735,no_consensus,6,0.023890700002084486,0.3636363636363636,0.0,0.3636363636363636,0.0,6.0
vase__03,container,vase,467315,released,6,0.015301399995223619,0.4000000000000001,0.0,0.20000000000000004,0.0,5.0
vase__03,container,vase,467315,uniform_r,6,0.01846819999627769,0.4000000000000001,0.20000000000000004,0.20000000000000004,0.20000000000000004,5.0
vase__03,container,vase,467315,no_consensus,6,0.015233500002068467,0.4000000000000001,0.0,0.20000000000000004,0.0,5.0
vase__04,container,vase,187279,released,7,0.014097200008109212,0.8000000000000002,0.20000000000000004,0.4000000000000001,0.20000000000000004,5.0
vase__04,container,vase,187279,uniform_r,7,0.01515379999182187,0.8000000000000002,0.20000000000000004,0.4000000000000001,0.20000000000000004,5.0
vase__04,container,vase,187279,no_consensus,7,0.01656820000789594,0.8000000000000002,0.20000000000000004,0.4000000000000001,0.20000000000000004,5.0
wallet__01,daily_object,wallet,566752,released,4,0.0064682999945944175,0.0,0.0,0.0,0.0,4.0
wallet__01,daily_object,wallet,566752,uniform_r,4,0.006549999990966171,0.6666666666666666,0.0,0.0,0.0,4.0
wallet__01,daily_object,wallet,566752,no_consensus,4,0.0064285999978892505,0.0,0.0,0.0,0.0,4.0
wallet__02,daily_object,wallet,98642,released,5,0.008386399989831261,0.5,0.5,0.5,0.5,2.0
wallet__02,daily_object,wallet,98642,uniform_r,5,0.007983300005435012,0.5,0.5,0.5,0.5,2.0
wallet__02,daily_object,wallet,98642,no_consensus,5,0.007614599991939031,0.5,0.5,0.5,0.5,2.0
watch__01,device,watch,120420,released,11,0.014523899997584522,0.5,0.5,0.0,0.0,5.0
watch__01,device,watch,120420,uniform_r,11,0.013371999986702576,0.5,0.5,0.0,0.0,5.0
watch__01,device,watch,120420,no_consensus,11,0.01427010000043083,0.25,0.25,0.0,0.0,5.0
watch__02,device,watch,548882,released,4,0.004185800004051998,0.0,0.0,0.0,0.0,4.0
watch__02,device,watch,548882,uniform_r,4,0.00413660000776872,0.0,0.0,0.0,0.0,4.0
watch__02,device,watch,548882,no_consensus,4,0.0041053000022657216,0.0,0.0,0.0,0.0,4.0
watch__03,device,watch,35884,released,10,0.018072000006213784,0.2,0.0,0.2,0.0,8.0
watch__03,device,watch,35884,uniform_r,10,0.016775600000983104,0.28571428571428575,0.0,0.28571428571428575,0.0,5.0
watch__03,device,watch,35884,no_consensus,10,0.01695839999592863,0.2,0.0,0.2,0.0,8.0
watch__04,device,watch,65806,released,1,0.002458999995724298,0.0,0.0,0.0,0.0,1.0
watch__04,device,watch,65806,uniform_r,1,0.002365399996051565,0.0,0.0,0.0,0.0,1.0
watch__04,device,watch,65806,no_consensus,1,0.002364800006034784,0.0,0.0,0.0,0.0,1.0
