contrast,metric,n_cases,n_categories,mean_difference,ci95_low,ci95_high,cases_increased,cases_decreased,cases_equal
uniform_r_minus_released,part_f1_at_025,226,60,0.018749207184560125,0.003981935325676283,0.03462730345782479,48,55,123
no_consensus_minus_released,part_f1_at_025,226,60,-0.01138671490537593,-0.017443383742130607,-0.005913095505662127,7,23,196
uniform_r_minus_released,part_f1_at_050,226,60,0.013780453546359152,0.00035474694125740185,0.027035814457314032,43,40,143
no_consensus_minus_released,part_f1_at_050,226,60,-0.006938486783619526,-0.014029106993579519,0.00027987911394991013,9,19,198
uniform_r_minus_released,semantic_f1_at_025,226,60,0.002803439606520368,-0.007704253569514563,0.012683753799463108,28,38,160
no_consensus_minus_released,semantic_f1_at_025,226,60,-0.006433165326970637,-0.01268123518569743,-0.00055071432682544,9,19,198
uniform_r_minus_released,semantic_f1_at_050,226,60,0.003018641283424821,-0.006654320522418358,0.012555460659785826,24,30,172
no_consensus_minus_released,semantic_f1_at_050,226,60,-0.0024934464093756127,-0.007093680183382177,0.0016937052241379753,10,12,204
uniform_r_minus_released,predicted_part_count,226,60,0.42035398230088494,0.2545454545454545,0.6,74,15,137
no_consensus_minus_released,predicted_part_count,226,60,-0.01327433628318584,-0.0881057268722467,0.0611353711790393,11,13,202
