variant,metric,n_cases,n_categories,mean,ci95_low,ci95_high
released,part_f1_at_025,226,60,0.3133108979746755,0.2776135144795831,0.3479716794861522
uniform_r,part_f1_at_025,226,60,0.33206010515923556,0.29571312398096905,0.36851289694709305
no_consensus,part_f1_at_025,226,60,0.3019241830692995,0.26635960528373204,0.3365891481058321
released,part_f1_at_050,226,60,0.15087917078528368,0.12138082999082794,0.18301819249046508
uniform_r,part_f1_at_050,226,60,0.16465962433164283,0.1342088040525759,0.19662866572673912
no_consensus,part_f1_at_050,226,60,0.14394068400166415,0.11534394917456373,0.17468077646649072
released,semantic_f1_at_025,226,60,0.13960461940550437,0.11207112761869398,0.1676852190197006
uniform_r,semantic_f1_at_025,226,60,0.14240805901202475,0.11405327238541658,0.17195753575546965
no_consensus,semantic_f1_at_025,226,60,0.13317145407853373,0.10712924820202376,0.15936927792624475
released,semantic_f1_at_050,226,60,0.07450848888901986,0.0535036707658389,0.09653131486179431
uniform_r,semantic_f1_at_050,226,60,0.07752713017244468,0.05600001929013507,0.10027722084228487
no_consensus,semantic_f1_at_050,226,60,0.07201504247964426,0.051898913286403205,0.09280607150777992
released,predicted_part_count,226,60,5.650442477876106,4.951959798513752,6.484719465396322
uniform_r,predicted_part_count,226,60,6.070796460176991,5.324311454311455,6.9511218795888405
no_consensus,predicted_part_count,226,60,5.6371681415929205,4.945192363742349,6.457640185171358
