comparator,metric,hpid_only_or_higher,comparator_only_or_higher,discordant_n,unadjusted_exact_two_sided_p
raw_proposals,query_unique,7,1,8,0.0703125
raw_proposals,query_ambiguous,0,7,7,0.015625
raw_proposals,query_unresolved,1,0,1,1.0
raw_proposals,unique_and_correct_025,6,1,7,0.125
raw_proposals,wrong_unique_025,3,2,5,1.0
raw_proposals,semantic_correct_any_match_025,1,4,5,0.375
raw_proposals,geometry_correct_any_exposed_025,1,4,5,0.375
raw_proposals,geometry_correct_any_exported_025,2,1,3,1.0
raw_proposals,unique_and_correct_050,5,0,5,0.0625
raw_proposals,wrong_unique_050,2,1,3,1.0
raw_proposals,semantic_correct_any_match_050,0,2,2,0.5
raw_proposals,geometry_correct_any_exposed_050,0,2,2,0.5
raw_proposals,geometry_correct_any_exported_050,1,3,4,0.625
greedy_nms,query_unique,7,0,7,0.015625
greedy_nms,query_ambiguous,0,2,2,0.5
greedy_nms,query_unresolved,0,5,5,0.0625
greedy_nms,unique_and_correct_025,5,0,5,0.0625
greedy_nms,wrong_unique_025,4,2,6,0.6875
greedy_nms,semantic_correct_any_match_025,4,0,4,0.125
greedy_nms,geometry_correct_any_exposed_025,2,4,6,0.6875
greedy_nms,geometry_correct_any_exported_025,4,2,6,0.6875
greedy_nms,unique_and_correct_050,3,1,4,0.625
greedy_nms,wrong_unique_050,7,2,9,0.1796875
greedy_nms,semantic_correct_any_match_050,2,1,3,1.0
greedy_nms,geometry_correct_any_exposed_050,2,3,5,1.0
greedy_nms,geometry_correct_any_exported_050,5,3,8,0.7265625
dbscan_fusion,query_unique,2,1,3,1.0
dbscan_fusion,query_ambiguous,0,1,1,1.0
dbscan_fusion,query_unresolved,1,1,2,1.0
dbscan_fusion,unique_and_correct_025,1,1,2,1.0
dbscan_fusion,wrong_unique_025,3,2,5,1.0
dbscan_fusion,semantic_correct_any_match_025,1,1,2,1.0
dbscan_fusion,geometry_correct_any_exposed_025,1,3,4,0.625
dbscan_fusion,geometry_correct_any_exported_025,1,2,3,1.0
dbscan_fusion,unique_and_correct_050,2,1,3,1.0
dbscan_fusion,wrong_unique_050,3,3,6,1.0
dbscan_fusion,semantic_correct_any_match_050,2,1,3,1.0
dbscan_fusion,geometry_correct_any_exposed_050,2,2,4,1.0
dbscan_fusion,geometry_correct_any_exported_050,3,2,5,1.0
local_pairwise_crf,query_unique,13,2,15,0.00738525390625
local_pairwise_crf,query_ambiguous,1,9,10,0.021484375
local_pairwise_crf,query_unresolved,1,4,5,0.375
local_pairwise_crf,unique_and_correct_025,8,0,8,0.0078125
local_pairwise_crf,wrong_unique_025,5,2,7,0.453125
local_pairwise_crf,semantic_correct_any_match_025,2,0,2,0.5
local_pairwise_crf,geometry_correct_any_exposed_025,3,4,7,1.0
local_pairwise_crf,geometry_correct_any_exported_025,3,2,5,1.0
local_pairwise_crf,unique_and_correct_050,4,0,4,0.125
local_pairwise_crf,wrong_unique_050,10,3,13,0.09228515625
local_pairwise_crf,semantic_correct_any_match_050,2,1,3,1.0
local_pairwise_crf,geometry_correct_any_exposed_050,2,2,4,1.0
local_pairwise_crf,geometry_correct_any_exported_050,5,2,7,0.453125
