request_id,cohort,raw_identity,semantic,target_iou,mask_area,raw_candidate_index_zero_based,upstream_candidate_key,fingerprint,accepted_by_fuser,accepted_index
old37__cellular_telephone__u01,old37,proposal/0003,device_button,0.1613271494826971,2261,2,root:1/profile-refine:IDEA-Research_grounding-dino-tiny:device_button:01,be91c8931b0a6e592f71856fb52bd602faf50b4dd2bbdd3b1d32795881046974,True,2
old37__cellular_telephone__u01,old37,proposal/0010,device_button,0.16154120585087406,2264,9,root:1/visual-region:21,23cdcbc6ea4548677cdb902c4b139c0b823e528807592f2f78b00b2aca993b60,True,9
old37__cellular_telephone__u01,old37,proposal/0011,device_button,0.0,1015,10,root:1/visual-region:08,83601cdfb8d96903e2e189bed68d1f2972a1b53f53fd0adc5ff85423f6961435,True,10
old37__cellular_telephone__u01,old37,proposal/0012,device_button,0.0,337,11,root:1/visual-region:20,9ff3fba34b9e888ba2db173f365f64e4d5547a502424ef967f23e13f3c8226ac,True,11
old37__cellular_telephone__u01,old37,proposal/0013,device_button,0.0,55,12,root:1/visual-region:16,81aa75ddc98236bb846be9ef426836f2c80037f3682bb7c6cef61765180e75af,True,12
old37__cellular_telephone__u01,old37,proposal/0014,device_button,0.0019978594363182305,28,13,root:1/visual-region:25,12f05d03eb98b050fc9f3c32a5da0712e6a98d2f9a55b371dac47dea4d430d31,True,13
old37__cellular_telephone__u01,old37,proposal/0015,device_button,0.0,148,14,root:1/visual-region:05,15d4d79ca25fb5349731ebe7e7a2a051232f441fc195c067db36c03207982d89,True,14
old37__cellular_telephone__u01,old37,proposal/0016,device_button,0.0,288,15,root:1/visual-region:04,ae2d3fc14ab1b4545ce000444bc37a90a8c748f753da5bce3246722a3edcaafc,True,15
old37__laptop_computer__u01,old37,proposal/0003,device_keyboard,0.8677653188356552,17471,2,root:1/profile-refine:IDEA-Research_grounding-dino-tiny:device_keyboard:01,1f1100185f1ec9f6c4dcf3fa16e169e8eb03b145d3231779d1411405b7bf0576,True,2
old37__laptop_computer__u01,old37,proposal/0011,device_keyboard,0.4462025316455696,34760,10,root:1/visual-region:05,1cb74150e8837535204817f6d324818d0fb787a54172dc1359013e671d68ed7a,True,10
old37__remote_control__u01,old37,proposal/0003,device_button,0.02405857740585774,528,2,root:3/device_button:conditional:01,917ea5a75de3a24a228ceebb76c46d0a0ddfc01920db3ac4f488fed950554530,True,2
old37__remote_control__u01,old37,proposal/0009,device_button,0.0,20,8,root:3:repeated-detail:04,9c4ce1045e04b9881ba285cfbe0c8bc11ac3f5dc196606d68b76236f9b74cfbe,True,8
old37__remote_control__u01,old37,proposal/0010,device_button,0.0,21,9,root:3:repeated-detail:06,296de43310d460c13ca9050eea17dc501e8f85c0e17a0954097043581fa4160b,True,9
old37__remote_control__u01,old37,proposal/0011,device_button,0.017265193370165747,43,10,root:3:repeated-detail:01,f357885584ed6801c779f6fb7d0997853bac179b4505b737dd1bf7459ff30ad6,True,10
old37__remote_control__u01,old37,proposal/0012,device_button,0.006830601092896175,44,11,root:3:repeated-detail:02,24dbe8185321f5da7b292451661fc8cf6cedf35c4dc055bc6e97e6c90dc986fb,True,11
old37__calculator__u01,old37,proposal/0004,device_bezel,0.6421376393694733,11164,3,root:1/profile-topology:IDEA-Research_grounding-dino-tiny:device_bezel:01,33cae25446e6e309eac68b2ca0bc62b628f5def18884c5966f88f71db2c4919f,True,3
old37__calculator__u01,old37,proposal/0006,device_bezel,0.22716441620333597,3713,5,root:1/device_bezel:conditional:01,725bae92a4284c82e937c0ea893c0a537b51aec43c3d225bd462fd37fb1f446f,True,5
old37__telephone__u01,old37,proposal/0007,device_bezel,0.1219901132195822,3313,6,root:1/device_bezel:conditional:01,52c90705baff7ad53a91595509736148b3c8a8ac5d81cd9f3ee96c742b335549,True,6
old37__clock__u01,old37,proposal/0001,device,0.37645695668135093,85626,0,root:1,4cc45410930301a79b8a0bbc10952af2e3f9e110c45e589c3d3287270ad6721b,True,0
old37__watch__u01,old37,proposal/0001,device,0.27064777327935224,19294,0,root:1,be57be33b3dd21400ee9ad4dd65d08388dec08e9f0153c03ca87b78115c81ee5,True,0
old37__bench__u01,old37,proposal/0002,furniture_seat,0.7491801825755562,8807,1,root:1/profile-refine:IDEA-Research_grounding-dino-tiny:furniture_seat:01,d0957d138a157190714d87b51e2f4cf17f20109d9051faeecf55afb2ec928f62,True,1
old37__bench__u01,old37,proposal/0023,furniture_seat,0.5058458165875046,5557,22,root:1/visual-region:12,241063f06fa9fb64c5e9ff98b9da2be06b8d0b611389ddee6418ed3f25deab74,True,22
old37__bottle__u01,old37,proposal/0004,container_base,0.0,123,3,root:1/container_base:conditional:01,acbc0cdae32e03f2bd7ee7c7154c73cd71df87c1a214e3277b86a07ef1e0aa7f,True,3
old37__can__u01,old37,proposal/0001,container,0.21076181734740707,7993,0,root:1,778d8420e6c1af62b505cdbcd337d777177bf4c5156ba29ac131a7b12ddc18ec,True,0
old37__mug__u01,old37,proposal/0004,container_inner,0.7862883702914689,9501,3,root:1/container_inner:conditional:01,350a1cee437c7c642fe6c0b931bba29cdfc261d8161d57819bc06b690d8c300f,True,3
old37__glass_drink_container__u01,old37,proposal/0004,container_base,0.0,6053,3,root:1/visual-region:01,012d540c7093c759894cf874f93927382922d81cae155e97d7e063de28e368c1,True,3
old37__bowl__u01,old37,proposal/0001,container,0.2986003110419907,12563,0,root:1,0d7024d17d3dac9b6419e763b2c37c03c43b9c4249230558338c9925c933c32b,True,0
old37__handbag__u01,old37,proposal/0004,container_opening,0.3705229793977813,3105,3,root:1/container_opening:conditional:01,74a4be71e931fdf3e85f8852922b86b463723e2895c15c8f1146b058fc7c4120,True,3
old37__plastic_bag__u01,old37,proposal/0002,container_handle,0.0,108,1,root:1/visual-region:08,14f23810ab65670deeb6838bed60f81dd7ec3de32812b7cbfdb66b97e3e84982,True,1
old37__plastic_bag__u01,old37,proposal/0003,container_handle,0.24989447024060785,653,2,root:1/visual-region:02,2efc7b06571a10b1a0326cdf28cff4c2665e6d01da6385ead9914be75f291270,True,2
old37__plastic_bag__u01,old37,proposal/0004,container_handle,0.05517241379310345,140,3,root:1/visual-region:01,ab1fa53522ccff0692c00d1767e15924ee34f2d0bfc66025726fcc83b6516b4d,True,3
old37__box__u01,old37,proposal/0002,container_side,0.5414703903095559,10073,1,root:1/profile-refine:IDEA-Research_grounding-dino-tiny:container_side:03,2e39f09c06ec5d5e9b0608e0d87c3817a3575ccce7ad2cc53a6beb7871660ef4,True,1
old37__box__u01,old37,proposal/0003,container_side,0.0,29596,2,root:1/profile-refine:IDEA-Research_grounding-dino-tiny:container_side:02,ef29edc82786d62053c5da4921d9b9c658626705eb1026728b9797b4c78fcce1,True,2
old37__box__u01,old37,proposal/0006,container_side,0.16838552852052013,41256,5,root:1/container_side:conditional:01,1f943035c13451fba48060fabb8916be749ed9471babef178d2de4259f168d5d,True,5
old37__box__u01,old37,proposal/0011,container_side,0.0,29574,10,root:1/visual-region:04,430500657dea9e93ec645e2391f72b59cfad2552b0f6b196bd20c7688a128f8f,True,10
old37__box__u01,old37,proposal/0015,container_side,0.0002419696328110822,8283,14,root:1/visual-region:12,88112435e787d8fc437aea2dde4f444edce834f16550acfc538b42c67b8e6801,True,14
old37__car_automobile__u01,old37,proposal/0016,vehicle_bumper,0.33196814562002275,3598,15,root:1/vehicle_bumper:conditional:01,3c93f0d0f92008ff13c1fe3b7a4f5f642714cb6d518dbab85ad738d68c5fef98,True,15
old37__bicycle__u01,old37,proposal/0002,vehicle_wheel,0.43034399470178036,23688,1,root:1/profile-refine:IDEA-Research_grounding-dino-tiny:vehicle_wheel:01,0d0b23b0c2a1808d21ace442671da86d535304e9c036d8cbbdfb491b0d3e7ba4,True,1
old37__bicycle__u01,old37,proposal/0008,vehicle_wheel,0.45691533615942315,23805,7,root:1/visual-region:04,a716157a45bb0b4cd921f55a8923d3acd186439024dfc830b166c99b87b13310,True,7
old37__car_automobile__u02,old37,proposal/0002,vehicle_windshield,0.704812834224599,659,1,root:1/profile-refine:IDEA-Research_grounding-dino-tiny:vehicle_windshield:01,62107d70e963dce4fd3f967fd400cbc7862fccaadf9aa1f67fee25b43c269d51,True,1
old37__car_automobile__u02,old37,proposal/0012,vehicle_windshield,0.07700534759358289,72,11,root:1/vehicle_windshield:conditional:01,eb88266f425862e56b7507b214f8af777354132b04a313a22535ec95cad50f71,True,11
old37__bicycle__u02,old37,proposal/0002,vehicle_wheel,0.37705669270719677,18786,1,root:1/profile-refine:IDEA-Research_grounding-dino-tiny:vehicle_wheel:01,f53004185abe00796000f8a98c2056a2adfe75db1111397da32b6ed8ce9436ff,True,1
old37__shoe__u01,old37,proposal/0003,daily_object_upper,0.4349748743718593,4961,2,root:1/profile-refine:IDEA-Research_grounding-dino-tiny:daily_object_upper:01,06865e6411fe251a496207ef4be5663274c3c4b7e9ca6450425b225f25e16379,True,2
old37__screwdriver__u01,old37,proposal/0002,tool_prop_blade,0.0053810239772097805,8440,1,root:1/profile-refine:IDEA-Research_grounding-dino-tiny:tool_prop_blade:01,366bd773999cff3e4480c1ccb2d51a60dc2823f8f7685aa0189906bfd467af72,True,1
old37__wrench__u01,old37,proposal/0004,tool_prop_handle,0.8852304797742239,4219,3,root:1/profile-topology:IDEA-Research_grounding-dino-tiny:tool_prop_handle:01,96dd661eb58f0d0e5047db6235c78d6e644fd46b6e237cbaf4bc565fd7f1b369,True,3
old37__wrench__u01,old37,proposal/0006,tool_prop_handle,0.9527180783817952,3926,5,root:1/visual-region:04,b5c87fa28e6ad308866d472d4c535b098a1b2086c95e19bba4638e108fb6892d,True,5
old37__knife__u01,old37,proposal/0004,tool_prop_handle,0.6921168161862951,5090,3,root:1/profile-topology:IDEA-Research_grounding-dino-tiny:tool_prop_handle:01,45d3aee75b12f332b01f469cb0fa884698c89545f46f29ae592c3ef92ef8bf12,True,3
old37__knife__u01,old37,proposal/0005,tool_prop_handle,0.6397058823529411,5591,4,root:1/tool_prop_handle:conditional:01,4d538793d40ff14fb19f438983cb7b895d7b2e735442fb6cdc73e9c934750c53,True,4
old37__scissors__u01,old37,proposal/0003,tool_prop_handle,0.16111010992971705,6196,2,root:1/profile-refine:IDEA-Research_grounding-dino-tiny:tool_prop_handle:01,dbbe459f254230cc096af09c9cd377ef0cfdf7784d541833a49602fe9f500783,True,2
old37__scissors__u01,old37,proposal/0007,tool_prop_handle,0.25458986019875357,8207,6,root:1/visual-region:05,8161d97362ff01e385bf23517195d246e43951e4afe9cef57d1d851293d560ee,True,6
old37__pliers__u01,old37,proposal/0003,tool_prop_jaw,0.0,3983,2,root:1/visual-region:06,0ba7f328b6678826299a5689035cc250fbcdd85287fd7fd24345613719559996,True,2
old37__pliers__u01,old37,proposal/0004,tool_prop_jaw,0.0,3074,3,root:1/visual-region:03,82971787036bdfced7b2e323b2540fb1ebf93e4bcdeba4e6edc027b69f6715dd,True,3
old37__guitar__u01,old37,proposal/0002,tool_prop_fingerboard,0.8087141339001063,1549,1,root:2/visual-region:01,a42325126c1935f87b47eb83b65c2b1aabc47a686df308316ebaacc7ea534325,True,1
new216__basket__02,new216,proposal/0006,container_inner_wall,0.0,227,5,root:1/visual-region:15,9deb351a745b5ce2803b881bb0620846c70a16a9437fa8359f6660580202e8fd,True,5
new216__basket__02,new216,proposal/0007,container_inner_wall,0.0,150,6,root:1/visual-region:05,e1ad8aaeb38f6a204410a2df24ea4eec2553c43ce71a3af948c0523dca369a82,True,6
new216__basket__04,new216,proposal/0004,container_outer_side,0.0,427,3,root:2/visual-region:07,bc74e7a47254fd012d094147bc34bb15b535947978089b97f3d842aa18c71c38,True,3
new216__basket__04,new216,proposal/0005,container_outer_side,0.0,74,4,root:2/visual-region:03,5fafb0ce7317258a68b547bcad96a0a39f08ce9db20e87723a9e4b735bbe0d30,True,4
new216__belt__01,new216,proposal/0002,daily_object_buckle,0.023391812865497075,37,1,root:9/daily_object_guided_daily_object_buckle:01,c60f0cc74f32c74df68ba0e30e12296b368bc02ce16d13968f7b3edb8827bda1,True,1
new216__belt__03,new216,proposal/0003,daily_object_belt_loop,0.0,684,2,root:1/visual-region:01,23649a3c52843e1e1c40c9939a326cfe185d51f5dd477837ea910489ca869a31,True,2
new216__bench__01,new216,proposal/0005,furniture_seat,0.0,4067,4,root:4/visual-region:04,8401bade89541970a17762874f336d4e4b2d6e9e040e47f2ff35190a8398f1bb,True,4
new216__bench__03,new216,proposal/0004,furniture_leg,0.0,4093,3,root:1/visual-region:06,28d26d9dc1e1ad817cd61e54b53c45b0ae466634b527cf27af8a77f9a0448bde,True,3
new216__bench__03,new216,proposal/0005,furniture_leg,0.0,4170,4,root:1/visual-region:08,397e76f6da42e5213894e53703c637202f0fc4f9d38a9b42888f9ba503926511,True,4
new216__bench__03,new216,proposal/0006,furniture_leg,0.0,4117,5,root:1/visual-region:07,3e8514c13a221af6cb1928c5377aa0ee805dc0425c38e2243ff92114ba944658,True,5
new216__bench__03,new216,proposal/0007,furniture_leg,0.0,4398,6,root:1/visual-region:05,549a8a87a34d35b544c2b62a6935e996b86b72a4b3e6c4af93793fb5992f310e,True,6
new216__bench__03,new216,proposal/0008,furniture_leg,0.0,4485,7,root:1/visual-region:04,fd1171d4b83078f0b26f408045d4b75575428c084c17c4205723c653d979ba3f,True,7
new216__bench__03,new216,proposal/0009,furniture_leg,0.5441493853805011,8674,8,root:1/visual-region:14,e25e81215bceb77c31e166c136ff862e154d3019d59e50ad88a19b469afe536c,True,8
new216__bench__03,new216,proposal/0010,furniture_leg,0.0,7448,9,root:1/visual-region:01,a9bde0c63b8a28f5d525625b1e7f66082a386e9f3bb9e40661e71beaa9d5bf72,True,9
new216__bench__04,new216,proposal/0007,furniture_backrest,0.5799220272904484,10739,6,root:1/profile-dense:furniture_backrest:01,d27a34fd4a7fb4bca6a4347fc23d3eb744f12ad841eba233af7ffb71141e46c2,True,6
new216__bicycle__03,new216,proposal/0008,vehicle_seat,0.8990849673202614,3471,7,root:1/visual-region:03,e32ff3d27c467590ab796bac26dfc384dbe0673f6d614ae349dbd73dbd3c7e06,True,7
new216__bicycle__04,new216,proposal/0002,vehicle_handlebar,0.6392508143322475,2706,1,root:1/profile-refine:IDEA-Research_grounding-dino-tiny:vehicle_handlebar:01,f6597364ae1242ad5f4ea9a236e5f8e059a4640fc86ef2346f5d9046d7949cb4,True,1
new216__bicycle__04,new216,proposal/0004,vehicle_handlebar,0.307991619275666,1037,3,root:1/visual-region:02,597a7d1aecb53be7b02d907ad88364b6ed225ab01646b677cb8c800271c8d60d,True,3
new216__blender__01,new216,proposal/0006,device_jar,0.7868157177765919,34772,5,root:1/visual-region:02,6c8d933b39bd3316279dfa01f7d0b5cc8ca06d192bfbc6b1fa8c4a4269641ba8,True,5
new216__blender__03,new216,proposal/0003,device_jar,0.2623392162728089,2229,2,root:5/profile-refine:IDEA-Research_grounding-dino-tiny:device_jar:01,70addfb836e9813e2b2cfd8224dc29ad80006b3029f481908215138231fcc20e,True,2
new216__blender__03,new216,proposal/0007,device_jar,0.09549689440993789,831,6,root:5/visual-region:01,859c1b8ab99773f83655a825bacc8244a670f60b53c802fe148193e383e9215c,True,6
new216__book__02,new216,proposal/0002,daily_object_page,0.007678854457014811,34683,1,root:1/profile-refine:IDEA-Research_grounding-dino-tiny:daily_object_page:01,1f7c8b371e5dd516fca29f52e76e9543e0db0514a9aefed4b20d8ae482ea5644,True,1
new216__bottle__02,new216,proposal/0002,container_label,0.5279148273175799,11372,1,root:1/profile-refine:IDEA-Research_grounding-dino-tiny:container_label:01,c1f1ea229f999bf28ce3bf2aa09a77da2340a3228266896b441a10fad9344bc6,True,1
new216__bottle__02,new216,proposal/0005,container_label,0.3383075179448432,7890,4,root:1/visual-region:02,7cda3665226c286d359423010ff546fd7b9611f500f0029f06d78a810ec1e08b,True,4
new216__bottle__02,new216,proposal/0006,container_label,0.00531328320802005,3748,5,root:1/visual-region:04,e14a9e689db2b0cd9fca088b7617c85c11aea911f02aad8b98d55344eb71480b,True,5
new216__bottle__02,new216,proposal/0007,container_label,0.0,2804,6,root:1/visual-region:05,15a3814f17714cebde4d25cf1bad8f365e550f57e695ffed7a1a60421c826371,True,6
new216__bottle__03,new216,proposal/0004,container_shoulder,0.032278683285394696,117,3,root:1/visual-region:04,0098921301a61e4cd5a2150831c4601ab3c5a9f262f6dc70eadee84f65bca7b2,True,3
new216__bottle__04,new216,proposal/0003,container_label,0.9255514705882353,2014,2,root:1/profile-refine:IDEA-Research_grounding-dino-tiny:container_label:01,1f02bb15bdac02ae3dfd0bae8cd100e55693c9423f6337818e000e0632d61a8f,True,2
new216__bottle__04,new216,proposal/0010,container_label,0.9273897058823529,2018,9,root:1/visual-region:06,5c2c99e66b86ba4e48df3c822a43902ec6c85baf60a337ec4b7ec5c86d55ab18,True,9
new216__box__01,new216,proposal/0002,container_side,0.09889991371872303,24531,1,root:1/profile-refine:IDEA-Research_grounding-dino-tiny:container_side:01,5e6157ad121005de0a9fdf0c95f99fa3e09ae7c394f7bd926aad969f3452fb46,True,1
new216__box__02,new216,proposal/0002,container_side,0.1369327673139109,58125,1,root:1/profile-refine:IDEA-Research_grounding-dino-tiny:container_side:01,a0e4c7a51fec928e4951326de0e4bbdf1f2f08fabb5e71183af030560069fb88,True,1
new216__box__02,new216,proposal/0005,container_side,0.3927404533387788,11220,4,root:1/visual-region:07,741699408b44c0634e6c5c40684d7d49d33eecc818baad319843d4cb1172bbdb,True,4
new216__box__02,new216,proposal/0006,container_side,0.057448395921412584,947,5,root:1/visual-region:06,0a10f0da1d0b090edd86c4ca097032185b751df67dce6a9066bcd534cda1b517,True,5
new216__broom__01,new216,proposal/0003,tool_prop_brush,0.9055441478439425,466,2,root:1/profile-refine:IDEA-Research_grounding-dino-tiny:tool_prop_brush:01,527ff75aeda07d38b90c12d8960f3758c845f4dd355da8646c8053c20948735f,True,2
new216__broom__03,new216,proposal/0005,tool_prop_shaft,0.0,276,4,root:1/profile-refine:IDEA-Research_grounding-dino-tiny:tool_prop_shaft:01,935f1cd7e0947bfc85784588e4cd89e6bc2ce688b5afda4c6a8cd1d58dceb43a,True,4
new216__bucket__01,new216,proposal/0001,container,0.22540125610607117,14290,0,root:1,ad64edf260631bf5fb7b8d6b6bb3f53e9ff906323a5fc9bfbaef55fe7c0900f3,True,0
new216__bucket__03,new216,proposal/0003,container_inner,0.5464429947188568,2009,2,root:1/visual-region:02,15c99e60618eb40aa1fed85744f2135b1bd9c2d985555e42de54c66be187ddcc,True,2
new216__bucket__04,new216,proposal/0001,container,0.13550729307641082,46443,0,root:1,87e95ce1a5de33d0d26a5994d6cfccef931617aad8e5e24d5cf0c698077bf6d8,True,0
new216__calculator__03,new216,proposal/0007,device_key,0.0,38,6,root:1/visual-region:02,b0fd61c13e8e1a0727e8940af792410889d6dc902e8b576e4d3056199eba05e0,True,6
new216__calculator__03,new216,proposal/0009,device_key,0.26079545454545455,482,8,root:1/visual-region:05,a4060736578cb79c413f3cff03eeb30c2820173221b79e3da9b0a83f31ae9022,True,8
new216__can__01,new216,proposal/0002,container_label,0.10298013245033112,394,1,root:1/profile-refine:IDEA-Research_grounding-dino-tiny:container_label:02,061d53c05ceb1617443078d4fcc2ad45a7aa47c573725fec59f8186de6130dc0,True,1
new216__can__01,new216,proposal/0003,container_label,0.07096971550933007,564,2,root:1/profile-refine:IDEA-Research_grounding-dino-tiny:container_label:01,80ca9215f9e417073e36f117f444ab6731203693ff7f916583cedd59db6fa128,True,2
new216__can__01,new216,proposal/0008,container_label,0.06797908335896648,535,7,root:1/visual-region:08,131358e187927e6abb0fc065c68336afc1715cd636b7038934fe6de0fc2878aa,True,7
new216__can__01,new216,proposal/0009,container_label,0.06475300400534045,253,8,root:1/visual-region:05,4a156ab0c08bf377004b31a7ce8b6fb4eb55be9acaec524cfe2027f697e574bc,True,8
new216__can__03,new216,proposal/0002,container_label,0.6209856915739269,3121,1,root:1/profile-refine:IDEA-Research_grounding-dino-tiny:container_label:02,f9ea5526bb08436db2324e1689b096dd86bd9c3ac92667fc2430c3f5eb7a2949,True,1
new216__can__03,new216,proposal/0007,container_label,0.6389167502507522,1291,6,root:1/visual-region:05,81e0e384e94fbb58015ef7562ef7a2f5d4c42777109ee7642893fd6e7313d8c0,True,6
new216__car_automobile__01,new216,proposal/0010,vehicle_fender,0.0,1509,9,root:1/profile-refine:IDEA-Research_grounding-dino-tiny:vehicle_fender:01,e8be3d1e7575fc1bd0b0d7b359f71438e65e548c8debeba563842e04a87e81f7,True,9
new216__car_automobile__03,new216,proposal/0015,vehicle_hood,0.7987251466925577,21507,14,root:2/profile-refine:IDEA-Research_grounding-dino-tiny:vehicle_hood:01,a980bc8984c27764d37ac21e8a8a6beccf69a0c05aaf0cf23ac3f05c81e3e952,True,14
new216__carton__01,new216,proposal/0002,container_label,0.5152757078986587,1413,1,root:1/profile-refine:IDEA-Research_grounding-dino-tiny:container_label:02,5f37fbe771ef1ebb45ee9ae73b5597cefd66d3fc1cd734ee87c5b2dbcbfebc1d,True,1
new216__carton__01,new216,proposal/0003,container_label,0.07255520504731862,746,2,root:1/profile-refine:IDEA-Research_grounding-dino-tiny:container_label:04,9347d1ef50084a5e13420d960556b5197939fc18f2a144d279d6ad32c9fd787b,True,2
new216__carton__01,new216,proposal/0004,container_label,0.06066666666666667,528,3,root:1/profile-refine:IDEA-Research_grounding-dino-tiny:container_label:01,c24ae53742f39eeb4e8d0b1e10b56051da600b3283be8df8dbbb7a28d4584752,True,3
new216__carton__01,new216,proposal/0011,container_label,0.3135498320268757,865,10,root:1/visual-region:06,d1a85345ead76cb6a7c8364d386f6e0cdffcd00b575448f729d7373ab9b025f5,True,10
new216__carton__03,new216,proposal/0008,container_side,0.0,1102,7,root:1/visual-region:15,dcaee99a7df8ae54037a4b03d41ea243b7863f860cb58d14215d70415b44984f,True,7
new216__carton__03,new216,proposal/0009,container_side,0.0,3292,8,root:1/visual-region:18,36f4422c271f88b79444c673a7beda06c4477dae974e4e7815c9fe5445be39a3,True,8
new216__carton__04,new216,proposal/0002,container_label,0.3340510612119348,2791,1,root:2/profile-refine:IDEA-Research_grounding-dino-tiny:container_label:02,5eac8bbe7e6885a3df07c97fba905845200fedfc3a04e3beeabfc2ea1c47c81c,True,1
new216__carton__04,new216,proposal/0008,container_label,0.0,2271,7,root:2/visual-region:30,b68950033afe9bbbab829b0e3b0a8432c5238dbe175870d03c405df7fe26ca50,True,7
new216__carton__04,new216,proposal/0009,container_label,0.012552301255230125,1116,8,root:2/visual-region:03,b5c7e3f1f5d83dddea1fd22d9dd3ad5208e1563f7642e93e48d1b2ed2ccbc343,True,8
new216__carton__04,new216,proposal/0010,container_label,0.0,68,9,root:2/visual-region:25,a4e99cb0366f25b9de0f4c3233ac9c4c143ff7b55039e91c9ffd25b98d4ca4bd,True,9
new216__cellular_telephone__01,new216,proposal/0003,device_screen,0.0,14172,2,root:1/visual-region:06,8333c7ddfc425c4e562072ba466a4ed6fb334ba6dcec431fd9dbe973ea76a726,True,2
new216__cellular_telephone__02,new216,proposal/0008,device_bezel,0.44857289193090283,17049,7,root:1/profile-topology:IDEA-Research_grounding-dino-tiny:device_bezel:01,35b43935beffe2009b25a48eff99e6863c5bf37afe9a1bcdf12b83cfe6c76c64,True,7
new216__cellular_telephone__03,new216,proposal/0003,device_bezel,0.29228252614359995,11810,2,root:1/profile-topology:IDEA-Research_grounding-dino-tiny:device_bezel:01,3776ae6552c682b4ab0dee74b40fdec02873046989945ff21433a00b43a67182,True,2
new216__cellular_telephone__04,new216,proposal/0010,device_bezel,0.5091942494149114,7126,9,root:1/profile-topology:IDEA-Research_grounding-dino-tiny:device_bezel:01,edddd84a01a4c56892b11b4d69a5ab1c4edb8f7e0a1cdc9457c12326677cd57c,True,9
new216__chair__01,new216,proposal/0003,furniture_seat,0.0,3572,2,root:2/profile-dense:furniture_seat:01,b7a94d2dcd28027f6267e7b38f498ce02f23a40ee3b0b85a5c3ed1d7d73ba30a,True,2
new216__chair__03,new216,proposal/0003,furniture_leg,0.22186495176848875,374,2,root:1/profile-refine:IDEA-Research_grounding-dino-tiny:furniture_leg:02,a45694ba940a35cd748a775ce0c0ab4a72a1ea72a3d3ad776729d7dff01bf479,True,2
new216__chair__03,new216,proposal/0004,furniture_leg,0.2765957446808511,454,3,root:1/profile-refine:IDEA-Research_grounding-dino-tiny:furniture_leg:01,7b65ed1791bb6f246569ddc45b78e0f8c37014a4c830f3e3c763d0e8cffc9bd2,True,3
new216__chair__03,new216,proposal/0005,furniture_leg,0.19724770642201836,301,4,root:1/profile-refine:IDEA-Research_grounding-dino-tiny:furniture_leg:03,fe221d8cf996987365ff555e31c5e0d475737e5c3ddd47deb754215a7b4dbee5,True,4
new216__chair__03,new216,proposal/0020,furniture_leg,0.0,70,19,root:1/visual-region:13,8abb346a8eb91eb3a4b76d0ca7caa06ae864b222613c00d638212214fbc55e23,True,19
new216__clock__02,new216,proposal/0001,device,0.43149463408529143,63741,0,root:2,808180718ce9f46a5a8fea14b0c8de819dd4c65d4f20d4417da7a0fea64111e6,True,0
new216__clock__03,new216,proposal/0003,device_base,0.8335097001763668,5400,2,root:1/profile-refine:IDEA-Research_grounding-dino-tiny:device_base:02,d4239127474f5057a85598d79cd3cbea7844c15420280ca68ec703f23fb1395c,True,2
new216__clock__03,new216,proposal/0010,device_base,0.5242418389028395,2895,9,root:1/visual-region:09,958f4b9865d93d02223bb136229181ebbb22065b5eb3d18e4cb886167391c551,True,9
new216__clock__03,new216,proposal/0011,device_base,0.5343830974686067,2702,10,root:1/visual-region:11,1f22008e4395ff6715c23d079506da09d283c1367a7713fb33546fac63502f4f,True,10
new216__clock__04,new216,proposal/0003,device_clock_hand,0.5763986835919135,1404,2,root:1/profile-refine:IDEA-Research_grounding-dino-tiny:device_clock_hand:01,12e88bd61df1d3dee849388a5d9dfbbe998bbe4a5d60ebafda686a475cd8233e,True,2
new216__clock__04,new216,proposal/0014,device_clock_hand,0.013602251407129456,212,13,root:1/visual-region:17,e7259fe9f8be63591bad6a3f2c5ab67f0de63c6be01433e4d23ffeffee696897,True,13
new216__clock__04,new216,proposal/0015,device_clock_hand,0.005901044030866999,267,14,root:1/visual-region:21,2674697cc10045b1526597d8f98efd1ed90d91e05883a96f0f8ecce5cd4735a4,True,14
new216__clock__04,new216,proposal/0016,device_clock_hand,0.0,597,15,root:1/visual-region:30,84a7d07ed8be071738ea39b9ffd1f8d45a894ef789d01e33a2bf9db5415e4179,True,15
new216__crate__01,new216,proposal/0005,container_side,0.0,1515,4,root:1/visual-region:06,914e2cd636c783b7fa9faac8cbea3aa30e0ce3186dc9410fc897d33ef7341e43,True,4
new216__crate__02,new216,proposal/0002,container_side,0.3532231404958678,5800,1,root:1/profile-refine:IDEA-Research_grounding-dino-tiny:container_side:01,355cc25a87327f9454c497aec56a0af4ff4daa5f908dcb3f838cbea840381b0c,True,1
new216__crate__02,new216,proposal/0012,container_side,0.17013086989992302,653,11,root:1/visual-region:19,28e80fad6886d47e9a60c43f998e65a8bfb94f2ed1063198f914aeaa8f2f647d,True,11
new216__cup__01,new216,proposal/0004,container_rim,0.0,196,3,root:1/visual-region:05,37575973c06ffbef52a2898e929b9a48e7e74f754574bf97a5f23f62c300ab0f,True,3
new216__cup__04,new216,proposal/0002,container_inner,0.0,4572,1,root:1/visual-region:01,6ff286e73477efc488e0dfad48b8e7a6cb0d3efb7b5602c35e8e421ba3fcd6b0,True,1
new216__earphone__02,new216,proposal/0002,device_earpad,0.0,838,1,root:1/profile-refine:IDEA-Research_grounding-dino-tiny:device_earpad:02,22960c90aac147967c50260fc94b4b79aedb283c63aa25498b696054bc30d1a7,True,1
new216__earphone__02,new216,proposal/0003,device_earpad,0.0,818,2,root:1/visual-region:02,8b7042086af631c9f841290c7e018508e416578a74b2ed3b0d738315305f3824,True,2
new216__earphone__02,new216,proposal/0004,device_earpad,0.4355400696864111,386,3,root:1/visual-region:01,85f6e588bc4be36e96950b4419b5a87e37cda3e7f5450f9a7f78cf66dd829940,True,3
new216__fan__02,new216,proposal/0008,device_canopy,0.5682326621923938,260,7,root:1/visual-region:02,f33d7855f3a16e41a8d97a42bdea49321aa3432bc030145725c38b41c9bff837,True,7
new216__fan__03,new216,proposal/0003,device_blade,0.6328217237308147,654,2,root:1/profile-refine:IDEA-Research_grounding-dino-tiny:device_blade:03,bd21a1842f7a76bfc936feca60a29742cb9ab6ab5a85303c74dbf839cde97cfb,True,2
new216__fan__03,new216,proposal/0007,device_blade,0.23758389261744967,193,6,root:1/visual-region:03,3a7a1820dc6e9ff4de109e402813b74861127c539bf9735835b681ac2dd9921e,True,6
new216__fan__03,new216,proposal/0008,device_blade,0.4673913043478261,351,7,root:1/visual-region:06,ebcc8cd7034aa5a981a2206d25f5133037b5b8ed824253ad7d200f5d3f0caa6c,True,7
new216__fan__03,new216,proposal/0009,device_blade,0.0,166,8,root:1/visual-region:01,c962217932093a8e0fe3026a9cc404ad7b174227345f715f303fa90a985f806e,True,8
new216__fan__03,new216,proposal/0010,device_blade,0.012081784386617101,360,9,root:1/visual-region:02,5f5a09fae47de20d2b341dbbbbfc96bbe3fc382d22626d5a38902ac91fb46f8f,True,9
new216__glass_drink_container__02,new216,proposal/0001,container,0.34565890210131944,6012,0,root:1,22c72aaff213afe3bd0f063ffd931825330cccb123f6bd65ed5b08518ca4c472,True,0
new216__glass_drink_container__02,new216,proposal/0002,container_body,0.013295553618134264,2400,1,root:1/visual-region:01,1f050ca57ad9971567599084ef74d944d7c16f59383835458f9161368a3db0b8,True,1
new216__glass_drink_container__03,new216,proposal/0004,container_base,0.7570840950639853,7443,3,root:1/visual-region:03,f7562eeb403d821f153e0bd6a4365dad7532ee99c6eac10795787dd5821b9951,True,3
new216__guitar__02,new216,proposal/0003,tool_prop_fingerboard,0.3978328173374613,1289,2,root:1/visual-region:02,84714cb17f99d91def865f0455e80720d748a7f1fb27e4ef3e726150ec43eba2,True,2
new216__hammer__03,new216,proposal/0002,tool_prop_head,0.0,739,1,root:2/profile-refine:IDEA-Research_grounding-dino-tiny:tool_prop_head:03,abfd3372fe173556e15cb13e7f3ebddcd4dc153f62867659896b165e13400d4a,True,1
new216__hammer__03,new216,proposal/0003,tool_prop_head,0.0012453300124533001,560,2,root:2/profile-refine:IDEA-Research_grounding-dino-tiny:tool_prop_head:02,bbd0b10b02131918cf06b01cf817859394715dcd283bfcfa1d189e8902428ca0,True,2
new216__hammer__03,new216,proposal/0005,tool_prop_head,0.0,734,4,root:2/visual-region:05,3a29ed41f28099f584ff4591b7a502d12dd617723c414c7cd21661359e550bf0,True,4
new216__hammer__03,new216,proposal/0006,tool_prop_head,0.0012406947890818859,563,5,root:2/visual-region:02,c11004341d8bdc3eca998635293da8fdec813c3b43583933de18025f7c592f33,True,5
new216__handbag__03,new216,proposal/0016,container_opening,0.004957713619130942,224,15,root:2/visual-region:12,36bd10367143e64c5cd118b002e1f573aff5cd3e05ffc1336826abbaf6a2a5c7,True,15
new216__hat__01,new216,proposal/0002,daily_object_band,0.09545454545454546,426,1,root:1/profile-refine:IDEA-Research_grounding-dino-tiny:daily_object_band:02,8dffa69b63c0c0bd4b3e3da24ba086005732e4c6f4c88e6fbb6dfbc65aebc058,True,1
new216__hat__03,new216,proposal/0004,daily_object_visor,0.43987587276958884,1909,3,root:1/visual-region:04,6cd679439a72b560b2866908daca4023fe3703bd1d49bac5fc6d92c0d3ac0170,True,3
new216__helmet__01,new216,proposal/0004,daily_object_visor,0.0,21884,3,root:1/visual-region:01,c46706ae235cbf4fac83653e6bdd7b2b122713652c165d64bf5f0e27ab854f00,True,3
new216__helmet__04,new216,proposal/0003,daily_object_band,0.5349287348231568,5434,2,root:1/profile-refine:IDEA-Research_grounding-dino-tiny:daily_object_band:01,b6918b089cf1cff90b88385788703f48d9aaeb1e913ea74f81023e328f15a2d3,True,2
new216__helmet__04,new216,proposal/0011,daily_object_band,0.0,1570,10,root:1/visual-region:19,167321014088ed4c716cc2fd664e7452c6960db7131f2dd92164d75e633c80a4,True,10
new216__jar__01,new216,proposal/0002,container_lid,0.9510334304341795,7133,1,root:1/profile-refine:IDEA-Research_grounding-dino-tiny:container_lid:01,0ff8c6a7cb1116db730756c956168386fa1447b220948f385b643f93dc7113fc,True,1
new216__jar__02,new216,proposal/0002,container_label,0.941301703163017,3155,1,root:1/profile-refine:IDEA-Research_grounding-dino-tiny:container_label:01,bae1beaaa4ca2ca1bc94d2759b3c8b34aa0d780b66687b4308ee3e24503a9cde,True,1
new216__jar__02,new216,proposal/0008,container_label,0.516737674984784,1756,7,root:1/visual-region:08,849b6eb9521063274a9e9f53f9261f6ebabb48386123c5e9d9dbb76d8df47a3f,True,7
new216__jar__02,new216,proposal/0009,container_label,0.0,338,8,root:1/visual-region:04,461143228156244d20b69110990635851835db6d71437ff9c88ab4b1a5ed6d3b,True,8
new216__jar__03,new216,proposal/0001,container,0.33347289093573373,14124,0,root:1,0be0123de6990eeac649e71b6b8b07b43b04c1c8cd9244a13c4ff57bd66892ec,True,0
new216__jar__04,new216,proposal/0003,container_lid,0.8890864995957963,6036,2,root:1/visual-region:02,36046df9bcaec97d530146c628896b61552fe7e289fe461315740885cf0ddbd5,True,2
new216__kettle__02,new216,proposal/0001,device,0.21026894865525672,5307,0,root:1,e1ccf718e59aca6adef11a03f11eb6f354af5b21aab0eac2de1f53cea05ba106,True,0
new216__kettle__03,new216,proposal/0002,device_handle,0.8182616330114135,1096,1,root:2/profile-refine:IDEA-Research_grounding-dino-tiny:device_handle:01,b804bbe883d5a05940bff4639a2d7a21c481d9757a941f71cf68743f742c14bc,True,1
new216__kettle__03,new216,proposal/0003,device_handle,0.004266211604095563,202,2,root:2/visual-region:02,c593ed9f25d1d5680bac039286d22e6d6c22ad85f8ca75d9486fcc955f0d6de3,True,2
new216__kettle__04,new216,proposal/0009,device_handle,0.0,31,8,root:1/visual-region:09,2e639683c32e6f214724e66acc3104bab7c718a7a47d64a0ee763654b4b30234,True,8
new216__kettle__04,new216,proposal/0010,device_handle,0.0,45,9,root:1/visual-region:07,a8046ccd61848b4463be97d1bd8f00802d1bf95de02d0c7cdd20a16af76e4afe,True,9
new216__knife__04,new216,proposal/0002,tool_prop_blade,0.22318737812444603,1313,1,root:6/profile-refine:IDEA-Research_grounding-dino-tiny:tool_prop_blade:01,f34415a3e568be36be7580aa280759778cf1a2d9e7358158ecc31c7e81d5bdfe,True,1
new216__ladder__02,new216,proposal/0006,tool_prop_rail,0.0,146,5,root:6/visual-region:01,65a29f3d345d4803d86059c0cc84de55e22c8dabc3772cb6325d28e376acb513,True,5
new216__ladder__02,new216,proposal/0007,tool_prop_rail,0.0,207,6,root:6/visual-region:04,3bf94b2664e06dc385f8fb83364e083bbe3026161139ea4073f9bfc1e7aa066e,True,6
new216__lamp__02,new216,proposal/0003,device_shade,0.8245948522402288,938,2,root:1/visual-region:02,b34fe4f46a077b5a27a964c6b0cd6cac99548be0163778d2b6cd86f6be046f92,True,2
new216__lamp__03,new216,proposal/0002,device_shade,0.40641627543035996,6103,1,root:1/profile-refine:IDEA-Research_grounding-dino-tiny:device_shade:01,8579eeb6886fec9b511df6ae72c3f56906b662b02411c23d56c714d47e763f6c,True,1
new216__laptop_computer__01,new216,proposal/0004,device_base_panel,0.7183669299918278,27855,3,root:1/profile-refine:IDEA-Research_grounding-dino-tiny:device_base_panel:01,b56adccd9b7814ea8d355e3ba58b01dc3fc6609de65044e1b044a37379f15ffa,True,3
new216__laptop_computer__02,new216,proposal/0003,device_base_panel,0.43468761072398726,16919,2,root:1/profile-refine:IDEA-Research_grounding-dino-tiny:device_base_panel:01,18dd848a1095aac06890cbf5634b558a684e7e9ba3d4e983581bcf554fad488e,True,2
new216__microwave_oven__01,new216,proposal/0006,device_side_panel,0.8090921035343581,7573,5,root:1/device_guided_device_side_panel:01,4f3189316b318303d6d84877c69b7f0d8a503abdb5b8efb1cbc643291342943f,True,5
new216__microwave_oven__01,new216,proposal/0009,device_side_panel,0.0,594,8,root:1/visual-region:04,12842814fea87fc0536e2fef957b5212c722b75e6f3dd2fd0ebe7f7ba9ccca4b,True,8
new216__microwave_oven__03,new216,proposal/0006,device_side_panel,0.006337888690829867,2635,5,root:1/device_guided_device_side_panel:01,93d130c4049f184bc6cb33bd5dcbf90f3eb724b08d2917b50f65b0f8ed61f237,True,5
new216__microwave_oven__03,new216,proposal/0008,device_side_panel,0.0031479538300104933,1378,7,root:1/visual-region:02,bfbefc2904e2d6b9aca34c8929313841503a908ba006f6b515290d198ce6d2dc,True,7
new216__microwave_oven__04,new216,proposal/0008,device_side_panel,0.0,1411,7,root:1/device_guided_device_side_panel:01,32ee45214e6e436403882019c8da3dab115463c9b8e4e142d720c3caeb7e6dca,True,7
new216__microwave_oven__04,new216,proposal/0009,device_side_panel,0.0,4222,8,root:1/device_guided_device_side_panel:02,9b4d6743ba47999c274b60cc35a67fb4fd2e2c55ebec3e48d4deef7f1df157da,True,8
new216__microwave_oven__04,new216,proposal/0019,device_side_panel,0.0,923,18,root:1/visual-region:14,20c345c641408211e13ff97655521ad20d34c7f27dcbccce00921f2220729bd0,True,18
new216__mouse_computer_equipment__01,new216,proposal/0002,device_button,0.00035014005602240897,737,1,root:1/device_guided_device_button:01,642371fec6fe0e52a85f3d1262e9f9d545425b20fa6367507a7b32391e2d7384,True,1
new216__mouse_computer_equipment__01,new216,proposal/0004,device_button,0.0004203446826397646,732,3,root:1/visual-region:03,fa530233d1d192fb1bea58508e20938ff26f1641d368052928eb72c1882829ad,True,3
new216__mouse_computer_equipment__01,new216,proposal/0005,device_button,0.15902470600927823,7938,4,root:1/visual-region:06,a813bdd5de6946995c93831b640bb9ccd5c779ced8daa13fe83ec18372af7e10,True,4
new216__mouse_computer_equipment__01,new216,proposal/0006,device_button,0.004757373929590866,6516,5,root:1/visual-region:04,93d66704d8917363176dad2b6b26bb640fb8d6f5f79ab2796e4e8cffba438873,True,5
new216__mouse_computer_equipment__04,new216,proposal/0002,device_button,0.0,250,1,root:1/profile-refine:IDEA-Research_grounding-dino-tiny:device_button:01,b660aa81ac6a2ad3c9e470426000184ce2819e87e356f4e93990bf7be0a3de57,True,1
new216__mouse_computer_equipment__04,new216,proposal/0004,device_button,0.0013924806047344342,1098,3,root:1/visual-region:03,e2f6be25a5fefa5effd76e3c5f495b00d0771cf8224ec34ea1e2c80104f42381,True,3
new216__mug__01,new216,proposal/0002,container_label,0.44528301886792454,2492,1,root:1/profile-refine:IDEA-Research_grounding-dino-tiny:container_label:01,89106cc39e7b733aced7efda6a0db12a58aa7e5fea35b045f0d3adab2a3aa6e1,True,1
new216__mug__01,new216,proposal/0004,container_label,0.42452830188679247,2415,3,root:1/visual-region:02,04f0bdad81c2d1fa86626347c445cb0ff11e71b76f64097bf5f75d7ac488db3e,True,3
new216__mug__01,new216,proposal/0005,container_label,0.0,1111,4,root:1/visual-region:01,4225b4dfb367a45c24a3a9366fae6a71bdca2fe8c9134b29b3dde5e48b2d0b15,True,4
new216__mug__02,new216,proposal/0004,container_inner,0.8243958370082907,11331,3,root:1/visual-region:01,e5181a8f7f6f21cdc22a8cf425e7841034fc50ba7f21487b767c6822dae828ac,True,3
new216__mug__03,new216,proposal/0002,container_label,0.00046029919447640965,1122,1,root:1/profile-refine:IDEA-Research_grounding-dino-tiny:container_label:01,bb1721f7401668e01a6ce782d17b397ca6f34f03bfa85030be9afa5edc6b23ca,True,1
new216__mug__03,new216,proposal/0004,container_label,0.0013802622498274672,1128,3,root:1/visual-region:04,85f8cba7b34df2760b97d8462da4717e656ebdd5cbc009ea2d4a4a6c693a6d89,True,3
new216__mug__03,new216,proposal/0005,container_label,0.2469003520587785,4921,4,root:1/visual-region:08,657122cb210992d8725d410d309b7daf98b8413527649b429fbb2cf805c884f0,True,4
new216__mug__04,new216,proposal/0001,container,0.2330401073505293,12659,0,root:2,f74a98a0c119a3a10865adfb2e26fefb503fcd21befb33c508f5155a0b5a713f,True,0
new216__plastic_bag__01,new216,proposal/0001,container,0.06445542225358739,29662,0,root:1,248e06404d664b35a22ce7641095ae856320e5a298b7c3e0f3bc9368cadfaec4,True,0
new216__plastic_bag__02,new216,proposal/0005,container_label,0.39574360273625536,1586,4,root:1/visual-region:04,429107688153bffff3c2db6d60f322150fce9b848bbb7d622d98fd2550ba8d2a,True,4
new216__plastic_bag__04,new216,proposal/0008,container_label,0.12003556609365738,405,7,root:1/visual-region:09,a7908be15a25de402733bb41000f128b5d8757fa0ab9fd9551965275791b573c,True,7
new216__remote_control__01,new216,proposal/0004,device_button,0.02143205065757428,44,3,root:3/profile-refine:IDEA-Research_grounding-dino-tiny:device_button:02,762dbd9065cc4dace9a18bfb68c16a5b0094e27918353219b6895b340977fc83,True,3
new216__remote_control__01,new216,proposal/0005,device_button,0.0,83,4,root:3/profile-refine:IDEA-Research_grounding-dino-tiny:device_button:01,396cc87e5a581716441752bd0cbacb0c033f49d7a86765f5fe2a838d41aca952,True,4
new216__remote_control__01,new216,proposal/0007,device_button,0.023774866569626393,57,6,root:3/visual-region:20,b43ce2c99b9dac4cc67eca740e58a42f305344a2479b8f23ed400fedaa56ce23,True,6
new216__remote_control__01,new216,proposal/0008,device_button,0.011644832605531296,32,7,root:3/visual-region:19,0f4e0a203fb4f9189976a3fea89e7e18f2d46faf52e03f7b21182040ee071d0d,True,7
new216__remote_control__01,new216,proposal/0009,device_button,0.01607403799318071,33,8,root:3/visual-region:16,e376cdb4f7e369fc43e73b2369191203a69f688265e9245743615646e658f34b,True,8
new216__remote_control__01,new216,proposal/0010,device_button,0.02236266407389402,50,9,root:3/visual-region:18,a8494d130352ab02a54d8f2122bfc71d490df17a2f3f27c3ceea441b4575b646,True,9
new216__remote_control__01,new216,proposal/0011,device_button,0.028738431563565515,59,10,root:3/visual-region:12,bdbb01fe63d891dcb5a81d8159fcbd13d1b44eb29c5cc09829f7963e19c34c7d,True,10
new216__remote_control__01,new216,proposal/0012,device_button,0.02289332683877253,47,11,root:3/visual-region:21,c805f99cd878f405f6cb32864887e0c2d813346b9775648454912dea91311be6,True,11
new216__remote_control__01,new216,proposal/0013,device_button,0.032116788321167884,68,12,root:3/visual-region:11,c1de59607736dc5cab0948ba6f4301b608fb4586be6257359a7b38cff717ce5c,True,12
new216__remote_control__01,new216,proposal/0014,device_button,0.017526777020447908,37,13,root:3/visual-region:17,28d529f99097f9ffcb4da3d125e90599f26152b4d7bded16d303711cd1ee2098,True,13
new216__remote_control__01,new216,proposal/0015,device_button,0.010228933268387726,21,14,root:3/visual-region:03,d8a9bb12030ede0cd3ab5fe743e737ba309bfe2fc50f7fa21bd3a87175446e21,True,14
new216__remote_control__01,new216,proposal/0016,device_button,0.012609117361784675,35,15,root:3/visual-region:13,34d013f182cc107adf238720ba91f7517efd9a5d0ed0fe87d56624a5aef21350,True,15
new216__remote_control__01,new216,proposal/0017,device_button,0.012664393570384803,26,16,root:3/visual-region:01,73dc12a91982e11df7fd25d7f0e4c170cfc79090284ae8a0d874d4491e1fdc87,True,16
new216__remote_control__01,new216,proposal/0018,device_button,0.014612761811982464,30,17,root:3/visual-region:05,b100522070ec4f7aa948a07e6487606a74a7b4165699ec6642c061ad52cde262,True,17
new216__remote_control__01,new216,proposal/0019,device_button,0.010228933268387726,21,18,root:3/visual-region:04,6252ade5e72044591ee207c2ca48c9f6e509057c414d9759f53b4134b63a4f1d,True,18
new216__remote_control__01,new216,proposal/0020,device_button,0.037919299951385516,82,19,root:3/visual-region:09,e41788de24f5c50a6177f80c68d2144ed61a0f145785888447b927f8ebfc5cc6,True,19
new216__remote_control__01,new216,proposal/0021,device_button,0.01412566975158305,29,20,root:3/visual-region:07,623e9cdb46e553461b1986d9e05779c2f85147fb0883928b7e26f5240deaeb6e,True,20
new216__remote_control__01,new216,proposal/0022,device_button,0.01264591439688716,29,21,root:3/visual-region:08,7183b0206835fc90f0796b75ced9641000870540657327425977c0b4dfc368ac,True,21
new216__remote_control__01,new216,proposal/0023,device_button,0.012177301509985387,25,22,root:3/visual-region:06,7f7ab9c8b96bc0e0fdd77d922b1b0a96346abdc337bdb2b3cdfcd39024f6de26,True,22
new216__remote_control__01,new216,proposal/0024,device_button,0.0009592326139088729,34,23,root:3/visual-region:15,7853a153dbc1e04d3a019d7a19b9ffa95cb30dfeb6a68d0a20cfcdccc76101f1,True,23
new216__remote_control__01,new216,proposal/0025,device_button,0.0,68,24,root:3/visual-region:22,fb81d98c7f27904ddf8cd7833948e275808c842df09c3e1c44249603b8ebf213,True,24
new216__remote_control__01,new216,proposal/0029,device_button,0.013018322082931534,48,28,root:3:repeated-detail:27,837dbdaf3bbb5814a7a43e481505978f861aa558814cdace5dc6fd216eee1319,True,28
new216__remote_control__01,new216,proposal/0030,device_button,0.027184466019417475,63,29,root:3:repeated-detail:17,c162b31c2912b37f733c0070234ade95edd2ee8498de2626c665417442c2134c,True,29
new216__remote_control__01,new216,proposal/0031,device_button,0.012106537530266344,37,30,root:3:repeated-detail:24,95f1e108adfc2406003ec98718471a529e7bf899f1919368ab41716245c477ad,True,30
new216__remote_control__01,new216,proposal/0032,device_button,0.008240426563257392,27,31,root:3:repeated-detail:20,041de8113083162c2649bf598577863fb9ce8520633d5d913fc7db3630c3641a,True,31
new216__remote_control__01,new216,proposal/0033,device_button,0.008729388942774006,27,32,root:3:repeated-detail:25,714c5c2df2029597d11b605f6a3e42e363840ebd447f6294fc0cd1e1aa09e9b5,True,32
new216__remote_control__01,new216,proposal/0034,device_button,0.01070559610705596,24,33,root:3:repeated-detail:01,dcea9803a7f19f612154c39a67d357fb28ecc214828472935dbe8efc731e9b40,True,33
new216__remote_control__01,new216,proposal/0035,device_button,0.011684518013631937,25,34,root:3:repeated-detail:21,f7299d0fc7ffc42c438809364952b20ccc3a20563e031cb1efa10083c91641d1,True,34
new216__remote_control__01,new216,proposal/0036,device_button,0.00921435499515034,28,35,root:3:repeated-detail:22,7f5c9d59f89bc22c54287f056c212bb885527cbd58db3fe4d557401aa53ea31d,True,35
new216__remote_control__01,new216,proposal/0037,device_button,0.011644832605531296,32,36,root:3:repeated-detail:26,77afc4360d6b06b5e94510e9643ed9bcd846949b20f459236c874ca04cd3221d,True,36
new216__remote_control__01,new216,proposal/0038,device_button,0.009250243427458617,20,37,root:3:repeated-detail:16,06b06a26350a5838d065dae025a369db9070762089fc9345507934830d53bd8b,True,37
new216__remote_control__01,new216,proposal/0039,device_button,0.011690209449585971,24,38,root:3:repeated-detail:10,b899e74621f17a47a8c4ebee46017d7d817642d0b9b9f2f64d6081f9c693a6ac,True,38
new216__remote_control__01,new216,proposal/0040,device_button,0.010700389105058366,25,39,root:3:repeated-detail:04,c85d0ff6cc0be4ea0947ca90e37e1d1314d23ea238edccecbbf397baaf37162b,True,39
new216__remote_control__01,new216,proposal/0041,device_button,0.00974184120798831,20,40,root:3:repeated-detail:09,ffb8fc27fc88227bd95ae656a348dc1b37e248c8bb8de809800cc2a9fd6fed09,True,40
new216__remote_control__01,new216,proposal/0042,device_button,0.008244422890397672,26,41,root:3:repeated-detail:14,bec48eeea5d0e51ca495dba29a64a7175246dfc270b1ee05f24af788c2eadc17,True,41
new216__remote_control__01,new216,proposal/0043,device_button,0.00872093023255814,29,42,root:3:repeated-detail:23,6f352da57f63c94aa7bbf496c8143eff112fef468fb9f6ae695c29b31b739fbd,True,42
new216__remote_control__01,new216,proposal/0044,device_button,0.010218978102189781,23,43,root:3:repeated-detail:11,b233e4c238280025735b1de5c7072f7ca54b6a157ab5b9291b793225b5bb0d13,True,43
new216__remote_control__01,new216,proposal/0045,device_button,0.00974184120798831,20,44,root:3:repeated-detail:02,ae53225860cc323b312ff46771ec102dce55632e8692173791ad0fb86c4eb186,True,44
new216__remote_control__01,new216,proposal/0046,device_button,0.011684518013631937,25,45,root:3:repeated-detail:15,94b7748bec88bdca5032280bb3f91f7825a237c2b4d1c7a28221a645130cb1d9,True,45
new216__remote_control__01,new216,proposal/0047,device_button,0.010228933268387726,21,46,root:3:repeated-detail:05,1868a28d16d1bbf04df7c03aa62f456357b0cfb66578a0d101615f93fdfd1b82,True,46
new216__remote_control__01,new216,proposal/0048,device_button,0.00974184120798831,20,47,root:3:repeated-detail:07,3a6b5f6ac5392fa4cd7ae01f81de89dc7aaf70bd58dcce4d56a866981e674475,True,47
new216__remote_control__01,new216,proposal/0049,device_button,0.01745877788554801,45,48,root:3:repeated-detail:13,774537be883901ecbfc483a6e488f7d1ac012ff0d4a4e1766b3d6595c83df06e,True,48
new216__remote_control__01,new216,proposal/0050,device_button,0.0,30,49,root:3:repeated-detail:28,a6904995a388d0801f0abae81663bc0668715afcf878c4aae2c34e845a80f4f6,True,49
new216__remote_control__01,new216,proposal/0051,device_button,0.0,50,50,root:3:repeated-detail:18,c282263783ea7f6567f5c32f64834f390974bc214e33d3ac1dbc3795b848826d,True,50
new216__remote_control__02,new216,proposal/0003,device_button,0.028922345483359747,153,2,root:1/profile-refine:IDEA-Research_grounding-dino-tiny:device_button:01,b8a18fe8e4f5473240e2e2703b852366598227e254e9b3e75a732c507a8c1889,True,2
new216__remote_control__02,new216,proposal/0007,device_button,0.02241618726443166,113,6,root:1/visual-region:08,e060209fe457f46939cad92eebe53cb6a9bb0d0c0e764d5da7393eb9fdfb35c6,True,6
new216__remote_control__02,new216,proposal/0008,device_button,0.019185126582278483,112,7,root:1/visual-region:24,a988e80aefdb64fb061f8da215572559d12f214be6da2eb37c760177ea44d8cf,True,7
new216__remote_control__02,new216,proposal/0009,device_button,0.01904384050783575,96,8,root:1/visual-region:09,d38efaa1f6d7cca53f81e3a28a95d539462b4181dc7e6df734b0f075b383df56,True,8
new216__remote_control__02,new216,proposal/0010,device_button,0.011505653640150763,58,9,root:1/visual-region:05,25cfe4ea64a35bfb9b8a768de07a58473263c33391bf83a3e789e535670d7fe7,True,9
new216__remote_control__02,new216,proposal/0011,device_button,0.011305037683458944,58,10,root:1/visual-region:03,d66c1cefa06a5ca6e24da454029bf5c6fd9396de9f2d08b2e6459edaddceceb4,True,10
new216__remote_control__02,new216,proposal/0012,device_button,0.02598690735965086,131,11,root:1/visual-region:23,25f58971167f4ef18f0bf88f1029de76a01b519ba335598b4908826a39395d04,True,11
new216__remote_control__02,new216,proposal/0013,device_button,0.06364894247875075,340,12,root:1/visual-region:06,2274c8ef97d810234673076f20cdd1b284b68cf281c65624014d5fe74353042c,True,12
new216__remote_control__02,new216,proposal/0014,device_button,0.06129736163459631,309,13,root:1/visual-region:19,fd2792c6cd220c25acb65d30f54c5129ef82c0475b62d9a71dc7686472e29d93,True,13
new216__remote_control__02,new216,proposal/0015,device_button,0.021975846367056028,121,14,root:1/visual-region:07,824213ccad55c52f5c869742eb66f3f0cf80fc7981eee6f6d72161ba4fdabd86,True,14
new216__remote_control__02,new216,proposal/0016,device_button,0.018643395477984926,95,15,root:1/visual-region:10,4db2d4af95639b9da234d243bab7d83e49591c99d681640b19b24ebf24ac6055,True,15
new216__remote_control__02,new216,proposal/0017,device_button,0.005553351844506148,29,16,root:1/visual-region:18,ab55cb163f18e726750db200226cb37b09f89f402efdbdd1b14b790557bc2dea,True,16
new216__remote_control__02,new216,proposal/0018,device_button,0.015473120412616545,78,17,root:1/visual-region:13,a442be91e57611d92759776e6f5eef40728a8c8234eea778c42611310ddafd01,True,17
new216__remote_control__02,new216,proposal/0019,device_button,0.02558001189767995,131,18,root:1/visual-region:25,481366479940b500b3dadcb8c8bc42af34923e01fe148d5866af1ca358c57fd3,True,18
new216__remote_control__02,new216,proposal/0020,device_button,0.025961157352358304,136,19,root:1/visual-region:17,e2871776eab71a7894ac1f96824de1032aab26e4316b225b7f51306aeb222005,True,19
new216__remote_control__02,new216,proposal/0021,device_button,0.009508716323296355,55,20,root:1/visual-region:02,c89ae0150ed7b7516ad5a4d5be3383603fa117693d9cd89650e5c809cabf4f31,True,20
new216__remote_control__02,new216,proposal/0022,device_button,0.027948463825569873,145,21,root:1/visual-region:22,6c60383995fe46287d7f95e8a84b57e185f6d9b45eeb7905e37d60d5f0edd801,True,21
new216__remote_control__02,new216,proposal/0023,device_button,0.015274747073993256,77,22,root:1/visual-region:20,d39df689a779d737527e3f6d17c8fad7a1da5d53166653b52064a0f76183a71c,True,22
new216__remote_control__02,new216,proposal/0024,device_button,0.0,31,23,root:1/visual-region:21,76f99602ab1d0654ba98bcb90f929eeeaaa660e20b0c2ff5a010c7aac8673ee7,True,23
new216__remote_control__02,new216,proposal/0026,device_button,0.015473120412616545,78,25,root:1:repeated-detail:08,6c635acdf8d700775920763017487badfd0513490d28276b214988ad67e578e6,True,25
new216__remote_control__02,new216,proposal/0027,device_button,0.008728426899424718,44,26,root:1:repeated-detail:03,c2ba0c293b7184c6f385ae3d0d6a14cf72d8a95b14041400308ed7b8c2cbdbc6,True,26
new216__remote_control__02,new216,proposal/0028,device_button,0.004562586788335648,23,27,root:1:repeated-detail:07,2d78b0009877e29ef0751b01ecf6b90ec8026425692fd5b7980900f429f919cb,True,27
new216__remote_control__02,new216,proposal/0029,device_button,0.007140023800079333,37,28,root:1:repeated-detail:04,bea68f55996e4f04a9ba1b0db7d2f655496239fa275daeff99e6874949fb65c4,True,28
new216__remote_control__02,new216,proposal/0030,device_button,0.009323546915294585,47,29,root:1:repeated-detail:02,a424dd0b97d796d8fa9f61e2abe89c0eec71144ea482adc8482519fb9a479321,True,29
new216__remote_control__02,new216,proposal/0031,device_button,0.008921490880253766,48,30,root:1:repeated-detail:01,eb382cc5b6ea7be2beb2c13ad56372e91f460e848b2105e520f38138d08e11c8,True,30
new216__remote_control__02,new216,proposal/0032,device_button,0.005157706804205514,26,31,root:1:repeated-detail:05,3337ec84845eddd231c843b4ceae525c686a11d73219c684c245bb2bb2af7e69,True,31
new216__remote_control__03,new216,proposal/0002,device_button,0.022067420109119253,453,1,root:1/visual-region:06,3fcb3902b23da3601c84d395a8b7d213c9980ec9d28e73bf04cffd3a209b2742,True,1
new216__remote_control__03,new216,proposal/0003,device_button,0.014468043647700702,297,2,root:1/visual-region:07,41d56094d3006843675283ea9eeba100e4601c64fb7cacbf73029ed5d3570219,True,2
new216__remote_control__03,new216,proposal/0004,device_button,0.026630963972736125,559,3,root:1/visual-region:12,e4e52f3d6ca6a8f6971cf7b761d328fbd4c015d0ae80cbb3b9e1236a59e7593e,True,3
new216__remote_control__03,new216,proposal/0005,device_button,0.02557482462977397,525,4,root:1/visual-region:09,86df5027e6b6ec982dc35cd76575595426bb1a813f39f20c3f7e7fcff45bff77,True,4
new216__remote_control__03,new216,proposal/0006,device_button,0.012373343725643025,254,5,root:1/visual-region:01,1ea3d26091a7d4efbeb7769e1f6b192397337deb5a0cae1f41e4ad19772f49b4,True,5
new216__remote_control__03,new216,proposal/0007,device_button,0.011009353078721746,226,6,root:1/visual-region:10,309e5411862c0932c3fcbf1e3f77fdf3bd40b4b5cd28f80ed32b093e4f1e159a,True,6
new216__remote_control__03,new216,proposal/0008,device_button,0.021239282930631334,436,7,root:1/visual-region:13,64422645817b342af56f2f170e8847f6003339f874d6f54f2276d31aabc8e627,True,7
new216__remote_control__03,new216,proposal/0009,device_button,0.0,203,8,root:1/visual-region:04,90503470e75dcb69b4940a63c786a0c922a8cd70a6e310fdd01445691b1e3d83,True,8
new216__remote_control__03,new216,proposal/0012,device_button,0.016877431906614785,379,11,root:1:repeated-detail:03,2acfce8b0b1e71ce80b3f52e87bb0d161d4d5996647e43844ad07ad6eff522a8,True,11
new216__remote_control__03,new216,proposal/0013,device_button,0.011934918160561185,245,12,root:1:repeated-detail:04,a2a8068a7864f2345fb927eeb8741e5e1e84a5af92c0cfe23912d31e64b5756e,True,12
new216__remote_control__03,new216,proposal/0014,device_button,0.005699532346063913,117,13,root:1:repeated-detail:06,675a8b233d71607165a22c444eac726a34888250caa873e370880c4eef1fad4d,True,13
new216__remote_control__03,new216,proposal/0015,device_button,0.006771239282930631,139,14,root:1:repeated-detail:02,203b9dd2327499455b5900bee0522a6631ea1f7e964e7ae436f4c9896e7bde57,True,14
new216__remote_control__03,new216,proposal/0016,device_button,0.005748246297739673,118,15,root:1:repeated-detail:07,268e20b41564b0be8841ccd8f553566ebb5c005930784c6364e0c06d0d0d4540,True,15
new216__remote_control__03,new216,proposal/0017,device_button,0.00857365549493375,176,16,root:1:repeated-detail:01,e71274b634008fcc478279735ccc82aab0a44d1c5c243931357bd3a7e2e0a73f,True,16
new216__remote_control__03,new216,proposal/0018,device_button,0.0061866718628215125,127,17,root:1:repeated-detail:08,0606a650aeff37375b8416388a2d74ba96f49880f84a73f2304073fdfdc117bc,True,17
new216__remote_control__03,new216,proposal/0019,device_button,0.0032151208106001557,66,18,root:1:repeated-detail:05,fa8a83ed844597005e4426a7bb7984e98fc38518d64400446bb08fa40867881c,True,18
new216__remote_control__04,new216,proposal/0007,device_button,0.15475507174666006,50515,6,root:1/device_guided_device_button:01,5d66d9a709d31f7923b19ad91c49cad06f48356cb1a2ce31ab60a67a4eafca86,True,6
new216__remote_control__04,new216,proposal/0009,device_button,0.0007555152614082804,18663,8,root:1/visual-region:05,2ce03c9f54143c686e1e824657164513ee4b5254837754dc7bd01f8fe8f41d66,True,8
new216__scarf__04,new216,proposal/0002,daily_object_fringe,0.0,205,1,root:6/visual-region:01,6b5c0701ac97a7741737c90aff219545054fe63640522e6959dccd1541fcf1e3,True,1
new216__scissors__01,new216,proposal/0003,tool_prop_finger_hole,0.5043761579249985,8661,2,root:1/profile-refine:IDEA-Research_grounding-dino-tiny:tool_prop_finger_hole:03,da3dd6ad377ce21fed3042400f4e3b0a8d073f1ddbb9b31f7baf3f965d5f0ac8,True,2
new216__scissors__03,new216,proposal/0004,tool_prop_handle,0.001899984800121599,7568,3,root:1/profile-refine:IDEA-Research_grounding-dino-tiny:tool_prop_handle:01,e0f793fda7d603b0ee3bd6ae05b3987753bf20a3a5bf3b87226d068ecc6020c7,True,3
new216__scissors__04,new216,proposal/0004,tool_prop_handle,0.0018470063106048947,5887,3,root:1/profile-refine:IDEA-Research_grounding-dino-tiny:tool_prop_handle:01,70ad187274c59349f738c8b9eda5d103d8f02d8541a47fedf9c489440907dc4a,True,3
new216__scissors__04,new216,proposal/0007,tool_prop_handle,0.0,628,6,root:1/visual-region:02,bb9861cf13516ff8360ac7010f8babe0bd1e3fbf57e0e9488eb0fa6d9e32f2c0,True,6
new216__spoon__01,new216,proposal/0003,tool_prop_bowl,0.8777664974619289,4745,2,root:3/visual-region:01,2f1766a668178af31b104d6c01b3eb10ba33e41b440aa9bfedfa0fea68f2ac25,True,2
new216__spoon__02,new216,proposal/0002,tool_prop_handle,0.7584611638665693,3852,1,root:2/profile-refine:IDEA-Research_grounding-dino-tiny:tool_prop_handle:01,213780588aa463dac086d43b8edff180bcb60471d63305efcf3c0292c7c63862,True,1
new216__spoon__02,new216,proposal/0003,tool_prop_handle,0.8444022770398482,3434,2,root:2/visual-region:01,4c8e9ebf141f4e4d5bb5c93b61269034f4301b1e01606efa0291631679168a09,True,2
new216__spoon__04,new216,proposal/0002,tool_prop_bowl,0.19550439590319948,11012,1,root:3/profile-refine:IDEA-Research_grounding-dino-tiny:tool_prop_bowl:01,e027b970cc066ea85d0cd8b3032d7de724e1e0d839fccd9086174d76ead5068c,True,1
new216__spoon__04,new216,proposal/0004,tool_prop_bowl,0.0,6034,3,root:3/visual-region:06,a39e5cd944ef495376863512ff7cc29770177458b034047ef46d46a7d0755e89,True,3
new216__stool__01,new216,proposal/0002,furniture_leg,0.003605769230769231,2873,1,root:2/profile-refine:IDEA-Research_grounding-dino-tiny:furniture_leg:03,5f44a8458d56c68ee64bce85d848d5b3d18ff77696a59881c26d6ead5979f57c,True,1
new216__stool__01,new216,proposal/0003,furniture_leg,0.6941722537390408,3598,2,root:2/profile-refine:IDEA-Research_grounding-dino-tiny:furniture_leg:05,6dfc0c8d3bbf30c17009c550c20458ed5f2a7f0ad127a98cdc0d73cb25eb87d7,True,2
new216__stool__01,new216,proposal/0004,furniture_leg,0.3029818956336528,1922,3,root:2/profile-refine:IDEA-Research_grounding-dino-tiny:furniture_leg:02,c50193af70f482717f20739da4f3e43b4e93ddcfa996503b2993ec540b1bbc63,True,3
new216__stool__01,new216,proposal/0010,furniture_leg,0.16412661195779601,1000,9,root:2/profile-dense:furniture_leg:06,c355f30171800d98e2918ea9ec01d86ef5a54e9c9c23d67cb7e5f90c8eba6e82,True,9
new216__stool__01,new216,proposal/0012,furniture_leg,0.0006133088009812941,291,11,root:2/visual-region:06,ef6f3f7cfd3e0e25f7be29af8cf2215fc3c2a90261851052eafa37d6afae2be5,True,11
new216__stool__01,new216,proposal/0013,furniture_leg,0.0019047619047619048,184,12,root:2/visual-region:14,971f5185443eddf03c2d0e33e27a412c16120588c7884e9efe7c45ce885226d3,True,12
new216__stool__01,new216,proposal/0014,furniture_leg,0.0,501,13,root:2/visual-region:02,4d6879cb770405405dcf1019f687a3753611bdc1d42bef1f5b59bfb513eb812b,True,13
new216__stool__02,new216,proposal/0009,furniture_seat,0.46811945117029863,589,8,root:1/visual-region:01,b7ec993b918e0a0283f6b3994874110f3979fd64105cafb37eb736a5a6be5a43,True,8
new216__sweater__04,new216,proposal/0002,daily_object_sleeve,0.02474500128880215,21095,1,root:1/profile-refine:IDEA-Research_grounding-dino-tiny:daily_object_sleeve:03,77f10e517fa660fab37b6272584996ba9c0e716d4fa43291e9deaadb5d4d5c12,True,1
new216__sweater__04,new216,proposal/0003,daily_object_sleeve,0.15302723532101103,10920,2,root:1/visual-region:01,a6511ce6df87da601132949804f82384879ff58beb70dea95480574bcec5986b,True,2
new216__table__01,new216,proposal/0013,furniture_shelf,0.0,544,12,root:2/visual-region:07,20d13306f32d62c30fde2d72ffd97eff9ed6f07c2256ea7558d221124c6b0f1f,True,12
new216__table__04,new216,proposal/0002,furniture_shelf,0.0,1851,1,root:1/profile-refine:IDEA-Research_grounding-dino-tiny:furniture_shelf:02,d1dc6c5e67f863157a78edc58de3279ae0b25ba722ec14f622b7626cc8ff9e13,True,1
new216__telephone__02,new216,proposal/0003,device_back_panel,0.060597675705589375,733,2,root:1/visual-region:01,7e95587d475c796b1dbd3afa2cc525e0c1b79c926fd0c06cc9dd1883e8d2d5b9,True,2
new216__telephone__03,new216,proposal/0009,device_bezel,0.13682795698924732,545,8,root:3/profile-topology:IDEA-Research_grounding-dino-tiny:device_bezel:01,7a0614458b4ee841f0e65dd5d8ebf775b17fffd145589114936aad6763e9f6d4,True,8
new216__telephone__04,new216,proposal/0005,device_button,0.04686318972033258,62,4,root:2/visual-region:11,7849ed9600fd649fbf95646b77ae9dec7ec55e600cfde6d3bfe9fcaa357d9b62,True,4
new216__telephone__04,new216,proposal/0006,device_button,0.03544494720965309,50,5,root:2/visual-region:10,687652520f1567fddbd53f5315fd4c3f5a4aaa469d8c0b4fede1ef55298418de,True,5
new216__telephone__04,new216,proposal/0007,device_button,0.04383975812547241,58,6,root:2/visual-region:09,ea0e992f35996be389e8e374b85b692664ce7525ffc673f2148c40c5eb79262b,True,6
new216__telephone__04,new216,proposal/0008,device_button,0.04686318972033258,62,7,root:2/visual-region:06,9562b1c7cfdcbb91c8afbebc42322eaf7aa9fb93d4e1800170411e6fa93ab803,True,7
new216__telephone__04,new216,proposal/0009,device_button,0.045351473922902494,60,8,root:2/visual-region:13,747a9acca2dec4ae23d0d4182df2fcb0212c6a3acc497c84f7ec91fe1e396f19,True,8
new216__telephone__04,new216,proposal/0010,device_button,0.045351473922902494,60,9,root:2/visual-region:04,9e60f7cb9e79a4fa9087e27b7b508e71b0ba7b8f6817a6faa25fa0b11b58ed7e,True,9
new216__telephone__04,new216,proposal/0011,device_button,0.04308390022675737,57,10,root:2/visual-region:14,689b9c0130b20a741ed0cee26123864c9adb00387af220beab94c2ca3b608b27,True,10
new216__television_set__02,new216,proposal/0005,device_side_panel,0.2583539729587072,14289,4,root:1/visual-region:01,d7b8c1077db076440fba396bc894e78232edab7f9316aa51b52eec3e3e3a9bdc,True,4
new216__television_set__03,new216,proposal/0003,device_bottom_panel,0.0,6609,2,root:1/device_guided_device_bottom_panel:01,b4bfc7b68b891f6117aa0d11d629cc716fc0ff7212f12af001bf0e2631792fdc,True,2
new216__towel__01,new216,proposal/0005,daily_object_terry_bar,0.1278527607361963,3740,4,root:1/visual-region:05,3185c7b9323941446e21e900d35a8aa3bedaf4ae82d64000fa2149cb7d700060,True,4
new216__towel__02,new216,proposal/0006,daily_object_terry_bar,0.3902493321460374,3541,5,root:1/visual-region:05,a396b96ffdf0f869cdc5244b7bb9f95ad0928fc2275dc36c2cf43eccb7ce5c51,True,5
new216__trash_can__01,new216,proposal/0013,container_lid,0.0,730,12,root:1/visual-region:18,be9b82a2ff92d6c78e7ca9db6cf55a7d48c1ae6374646446e013e01f129d2a04,True,12
new216__vase__03,new216,proposal/0002,container_neck,0.6976127320954907,941,1,root:1/profile-refine:IDEA-Research_grounding-dino-tiny:container_neck:01,1eef65d7a2f630dba72a8fd2ac14b1b2f8050072336e1ea2d7844c9e1c90f68c,True,1
new216__wallet__02,new216,proposal/0003,daily_object_inner,0.05253181695098836,3616,2,root:1/profile-refine:IDEA-Research_grounding-dino-tiny:daily_object_inner:01,2698fb8a0b63692007cda2ee37fdb0ba49e77a73024e4e605f9374f9fa4d5dc3,True,2
new216__watch__01,new216,proposal/0001,device,0.09196499602227526,6208,0,root:1,eb815165663e76fbb7bcf8569981ff13d7c23bb84545cc0a8f736911bb5c4340,True,0
